Face_No,Chainage,Rock_Mass_Class,Expected_Support_Class_Design,RMR_Band,Rockmass_Failure_Modes,Primary_Lithology,Overburden_Design_Range_m,Deformation_Tolerance_mm,Rock_Texture,Rock_Color,Weathering_Grade,Excavation_Length_m,Face_Stability,Number_of_Joint_Sets,Groundwater_Class,Water_Inflow_LPM,Seepage_Intensity,Rockmass_Failure_Modes.1,Excavation_Method,Excavation_Length_m.1,Deformation_Tolerance_mm.1,Shotcrete_1st_Sealing_mm,Shotcrete_2nd_mm,Shotcrete_3rd_mm,Wire_Mesh_Spec,Rockbolt_Length_m,Rockbolt_Type,Rockbolt_Diameter_mm,Rockbolt_Longitudinal_Spacing_m,Rockbolt_Transverse_Spacing_m,Lattice_Girder_Bar_Dia_mm,Lattice_Girder_Spacing_m,Steel_Ribs_Type,Steel_Ribs_Spacing_m,Crown_Support_Spec,Face_Support_Shotcrete_mm,Face_Support_Bolts_Spec,Temp_Invert_Thickness_mm,Crown_Final_Lining_Thickness_mm,Final_Lining_Invert_Thickness_mm,Shotcrete_Thickness_mm,RMR_Value,RQD_Value,GSI_Value,RMR_Strength,RMR_RQD,RMR_Spacing,RMR_Persistence,RMR_Separation,RMR_Roughness,RMR_Filling,RMR_Weathering,RMR_Discontinuity_Cond,RMR_Groundwater,RMR_Orientation_Adj
164,9950.0,III,B3,41-60,"Wg-Ch, Ch-Sh",Sandstone,,50,"Medium grained, fine grained","Grey, brown",Slightly weathered,1.5m,,4.0,Dry,,,"Wg-Ch, Ch-Sh",Heading+Bench,1.5m,50,50,150,100,φ6/100x100,4m,SN bolt,SN-25,1.5m,1.5m,115/25/20,1.2m,,,"Pregrout crown, Forepoling 32mm dia SDA @ 350c/c, 9m long with 3m overlap",100,,100,400,-,300,49.0,45.0,37.0,5.0,8.0,10.0,,3.0,4.0,2.0,5.0,,15.0,-5.0
165,9947.0,III,B3,41-60,"Wg-Ch, Ch-Sh",sandstone,,50,fine to medium grained,"grey, brown",fresh to slightly weathered,1.5m,FRIABLE,4.0,Dry / Damp,,,"Wg-Ch, Ch-Sh",Heading+Bench,1.5m,50,50,150,100,φ6/100x100,4m,SN bolt,SN-25,1.5m,1.5m,115/25/20,1.2m,,,"Pregrout crown, Forepoling 32mm dia SDA @ 350c/c, 9m long with 3m overlap",100,,100,400,-,300,45.0,35.0,37.0,5.0,8.0,10.0,2.0,2.0,3.0,2.0,5.0,14.0,13.0,-5.0
166,9945.0,III,B3,41-60,"Wg-Ch, Ch-Sh",Grey siltstone + claystone,,50,fine to medium grained,"grey, grey/brown",slightly weathered to fresh,1.5m,,4.0,Dry to damp,,,"Wg-Ch, Ch-Sh",Heading+Bench,1.5m,50,50,150,100,φ6/100x100,4m,SN bolt,SN-25,1.5m,1.5m,115/25/20,1.2m,,,"Pregrout crown, Forepoling 32mm dia SDA @ 350c/c, 9m long with 3m overlap",100,,100,400,-,300,42.0,30.0,35.0,4.0,8.0,9.0,2.0,2.0,3.0,2.0,5.0,14.0,12.0,-5.0
167,9943.0,III,B3,41-60,"Wg-Ch, Ch-Sh",Sandstone,,50,Fine-grained,Grey,Moderately Weathered,1.5m,Stable,3.0,Dry,,No,"Wg-Ch, Ch-Sh",Heading+Bench,1.5m,50,50,150,100,φ6/100x100,4m,SN bolt,SN-25,1.5m,1.5m,115/25/20,1.2m,,,"Pregrout crown, Forepoling 32mm dia SDA @ 350c/c, 9m long with 3m overlap",100,,100,400,-,300,42.0,30.0,35.0,5.0,13.0,10.0,15.0,2.0,3.0,2.0,5.0,27.0,0.0,-5.0
168,9940.0,III,B3,41-60,"Wg-Ch, Ch-Sh",Sandstone,,50,"Medium grained sand stones, Fine grained silt stones","Grey, Brown",Fresh,1.5m,FRIABLE,4.0,Dry to damp,,,"Wg-Ch, Ch-Sh",Heading+Bench,1.5m,50,50,150,100,φ6/100x100,4m,SN bolt,SN-25,1.5m,1.5m,115/25/20,1.2m,,,"Pregrout crown, Forepoling 32mm dia SDA @ 350c/c, 9m long with 3m overlap",100,,100,400,-,300,41.0,28.0,30.0,4.0,8.0,8.0,2.0,3.0,3.0,2.0,4.0,14.0,12.0,-5.0
169,9937.0,III,B3,41-60,"Wg-Ch, Ch-Sh",Sandstone + few brittle shale + claystone,,50,fine to medium grained,grey,Fresh to Slightly Weathered,1.5m,FRIABLE,4.0,SW,,,"Wg-Ch, Ch-Sh",Heading+Bench,1.5m,50,50,150,100,φ6/100x100,4m,SN bolt,SN-25,1.5m,1.5m,115/25/20,1.2m,,,"Pregrout crown, Forepoling 32mm dia SDA @ 350c/c, 9m long with 3m overlap",100,,100,400,-,300,41.0,27.0,30.0,4.0,8.0,8.0,2.0,2.0,3.0,2.0,5.0,14.0,12.0,-5.0
170,9934.0,III,B3,41-60,"Wg-Ch, Ch-Sh",sandstone,,50,"medium grained, fine grained","grey, brown",slightly weathered to fresh,1.5m,FRIABLE,4.0,Dry to damp,,,"Wg-Ch, Ch-Sh",Heading+Bench,1.5m,50,50,150,100,φ6/100x100,4m,SN bolt,SN-25,1.5m,1.5m,115/25/20,1.2m,,,"Pregrout crown, Forepoling 32mm dia SDA @ 350c/c, 9m long with 3m overlap",100,,100,400,-,300,44.0,30.0,30.0,4.0,8.0,8.0,,3.0,4.0,2.0,5.0,,13.0,-5.0
171,9931.5,III,B3,41-60,"Wg-Ch, Ch-Sh",sandstones,,50,fine to medium grained,"grey, grey/brown",fresh,1.5m,FRIABLE,4.0,Dry,,observed on the left crown,"Wg-Ch, Ch-Sh",Heading+Bench,1.5m,50,50,150,100,φ6/100x100,4m,SN bolt,SN-25,1.5m,1.5m,115/25/20,1.2m,,,"Pregrout crown, Forepoling 32mm dia SDA @ 350c/c, 9m long with 3m overlap",100,,100,400,-,300,43.0,32.0,30.0,4.0,8.0,8.0,2.0,3.0,3.0,2.0,5.0,15.0,13.0,-5.0
172,9928.0,III,B3,41-60,"Wg-Ch, Ch-Sh",Sandstones,,50,"medium grained, fine grained","grey, brown coloured",Fresh to Slightly Weathered,1.5m,FRIABLE,4.0,SW,,,"Wg-Ch, Ch-Sh",Heading+Bench,1.5m,50,50,150,100,φ6/100x100,4m,SN bolt,SN-25,1.5m,1.5m,115/25/20,1.2m,,,"Pregrout crown, Forepoling 32mm dia SDA @ 350c/c, 9m long with 3m overlap",100,,100,400,-,300,44.0,45.0,34.0,5.0,8.0,10.0,2.0,2.0,4.0,2.0,5.0,15.0,11.0,-5.0
173,9924.5,III,B3,41-60,"Wg-Ch, Ch-Sh",sandstone,,50,fine to medium grained,"grey, grey/brown",slightly weathered to fresh,1.5m,Friable,4.0,dry and damp,,,"Wg-Ch, Ch-Sh",Heading+Bench,1.5m,50,50,150,100,φ6/100x100,4m,SN bolt,SN-25,1.5m,1.5m,115/25/20,1.2m,,,"Pregrout crown, Forepoling 32mm dia SDA @ 350c/c, 9m long with 3m overlap",100,,100,400,-,300,43.0,38.0,35.0,4.0,8.0,9.0,2.0,3.0,3.0,2.0,5.0,15.0,12.0,-5.0
174,9921.5,IV,C1,21-40,Sh-Rv,sandstone,,75,fine to medium grained,"grey, grey/brown",slightly weathered to fresh,1.0-1.2m,,4.0,oozing and slowly dripping,,,Sh-Rv,Heading+Bench,1.0-1.2m,75,50,100,100,φ6/100x100,6m,SN/SDA bolt,SN-25/SDA-32,1.5m,1.5m,115/25/20,1m,,,"Piperoofing 76mm dia SDA @ 350c/c, 12m long with 3m overlap",100,,100,400,-,250,40.0,38.0,35.0,5.0,8.0,8.0,,2.0,3.0,2.0,5.0,,10.0,-5.0
175,9919.0,,,,,Sandstones,,,medium grained,grey,Fresh to Slightly Weathered,,FRIABLE,4.0,SW,,,,,,,,,,,,,,,,,,,,,,,,,,,,,35.0,,,,,,,,,,,
176,9916.5,III,B3,41-60,"Wg-Ch, Ch-Sh",sand stones,,50,fine to medium grained,"grey, brown",slightly weathered to fresh,1.5m,FRIABLE,4.0,Dry,,noticed from different location,"Wg-Ch, Ch-Sh",Heading+Bench,1.5m,50,50,150,100,φ6/100x100,4m,SN bolt,SN-25,1.5m,1.5m,115/25/20,1.2m,,,"Pregrout crown, Forepoling 32mm dia SDA @ 350c/c, 9m long with 3m overlap",100,,100,400,-,300,46.0,48.0,42.5,6.0,8.0,10.0,2.0,3.0,3.0,2.0,5.0,15.0,12.0,-5.0
177,9914.0,III,B3,41-60,"Wg-Ch, Ch-Sh",Sandstone,,50,medium grained,grey,slightly weathered to fresh,1.5m,Friable,4.0,Dry to damp,,,"Wg-Ch, Ch-Sh",Heading+Bench,1.5m,50,50,150,100,φ6/100x100,4m,SN bolt,SN-25,1.5m,1.5m,115/25/20,1.2m,,,"Pregrout crown, Forepoling 32mm dia SDA @ 350c/c, 9m long with 3m overlap",100,,100,400,-,300,53.0,52.0,35.0,7.0,13.0,11.0,2.0,3.0,3.0,2.0,5.0,15.0,12.0,-5.0
178,9912.5,III,B3,41-60,"Wg-Ch, Ch-Sh",Sandstone,,50,Fine to medium grained,,Slightly weathered to fresh,1.5m,FRIABLE,4.0,Dry to damp,,,"Wg-Ch, Ch-Sh",Heading+Bench,1.5m,50,50,150,100,φ6/100x100,4m,SN bolt,SN-25,1.5m,1.5m,115/25/20,1.2m,,,"Pregrout crown, Forepoling 32mm dia SDA @ 350c/c, 9m long with 3m overlap",100,,100,400,-,300,47.0,48.0,,6.0,8.0,11.0,,2.0,3.0,2.0,5.0,,13.0,-5.0
179,9909.5,III,B3,41-60,"Wg-Ch, Ch-Sh",sand stones,,50,fine to medium grained,grey,slightly weathered to fresh,1.5m,FRIABLE,4.0,dry and damp,,noticed from different location of crown part,"Wg-Ch, Ch-Sh",Heading+Bench,1.5m,50,50,150,100,φ6/100x100,4m,SN bolt,SN-25,1.5m,1.5m,115/25/20,1.2m,,,"Pregrout crown, Forepoling 32mm dia SDA @ 350c/c, 9m long with 3m overlap",100,,100,400,-,300,46.0,47.0,35.0,6.0,8.0,10.0,2.0,3.0,3.0,2.0,5.0,15.0,12.0,-5.0
180,9905.5,III,B3,41-60,"Wg-Ch, Ch-Sh",Sandstone,,50,Fine to medium grained,Grey,Slightly weathered to fresh,1.5m,FRIABLE,4.0,Dry to damp,,,"Wg-Ch, Ch-Sh",Heading+Bench,1.5m,50,50,150,100,φ6/100x100,4m,SN bolt,SN-25,1.5m,1.5m,115/25/20,1.2m,,,"Pregrout crown, Forepoling 32mm dia SDA @ 350c/c, 9m long with 3m overlap",100,,100,400,-,300,48.0,48.0,36.0,5.0,8.0,12.0,2.0,3.0,3.0,2.0,5.0,15.0,13.0,-5.0
181,9902.0,,,,,"grey, fine to medium grained sand stones",,,fine to medium grained,,slightly weathered to fresh,,,4.0,dry and damp,,,,,,,,,,,,,,,,,,,,,,,,,,,,,35.0,,,,,,,,,,,
182,9900.0,III,B3,41-60,"Wg-Ch, Ch-Sh",Sandstone,,50,Fine to medium grained,,Slightly weathered,1.5m,FRIABLE,4.0,Dry to damp,,,"Wg-Ch, Ch-Sh",Heading+Bench,1.5m,50,50,150,100,φ6/100x100,4m,SN bolt,SN-25,1.5m,1.5m,115/25/20,1.2m,,,"Pregrout crown, Forepoling 32mm dia SDA @ 350c/c, 9m long with 3m overlap",100,,100,400,-,300,47.0,48.0,,5.0,8.0,12.0,2.0,2.0,3.0,2.0,5.0,14.0,13.0,-5.0
183,9897.5,III,B3,41-60,"Wg-Ch, Ch-Sh",strong sandstone,,50,,,Fresh to Slightly Weathered,1.5m,FRIABLE,4.0,Dry / Damp,,,"Wg-Ch, Ch-Sh",Heading+Bench,1.5m,50,50,150,100,φ6/100x100,4m,SN bolt,SN-25,1.5m,1.5m,115/25/20,1.2m,,,"Pregrout crown, Forepoling 32mm dia SDA @ 350c/c, 9m long with 3m overlap",100,,100,400,-,300,49.0,48.0,42.5,6.0,8.0,12.0,,3.0,3.0,2.0,5.0,,13.0,-5.0
184,9894.5,III,B3,41-60,"Wg-Ch, Ch-Sh",grey sand stone,,50,medium grained,,slightly weathered,1.5m,FRIABLE,4.0,Dry to damp,,,"Wg-Ch, Ch-Sh",Heading+Bench,1.5m,50,50,150,100,φ6/100x100,4m,SN bolt,SN-25,1.5m,1.5m,115/25/20,1.2m,,,"Pregrout crown, Forepoling 32mm dia SDA @ 350c/c, 9m long with 3m overlap",100,,100,400,-,300,52.0,52.0,35.0,13.0,13.0,10.0,,2.0,4.0,2.0,5.0,,13.0,-5.0
185,9892.0,III,B3,41-60,"Wg-Ch, Ch-Sh",Paranit Shy,,50,,,Very Weak,1.5m,FRIABLE,4.0,Dry / Damp,,,"Wg-Ch, Ch-Sh",Heading+Bench,1.5m,50,50,150,100,φ6/100x100,4m,SN bolt,SN-25,1.5m,1.5m,115/25/20,1.2m,,,"Pregrout crown, Forepoling 32mm dia SDA @ 350c/c, 9m long with 3m overlap",100,,100,400,-,300,52.0,54.0,42.5,6.0,13.0,10.0,,3.0,3.0,2.0,5.0,,13.0,-5.0
186,9888.0,III,B3,41-60,"Wg-Ch, Ch-Sh","strong Sandstones, medium strong silt stone and weak clay stone",,50,medium grained,grey,Fresh to Slightly Weathered,1.5m,FRIABLE,4.0,Dry to damp,,,"Wg-Ch, Ch-Sh",Heading+Bench,1.5m,50,50,150,100,φ6/100x100,4m,SN bolt,SN-25,1.5m,1.5m,115/25/20,1.2m,,,"Pregrout crown, Forepoling 32mm dia SDA @ 350c/c, 9m long with 3m overlap",100,,100,400,-,300,53.0,52.0,38.0,5.0,13.0,12.0,,3.0,3.0,2.0,5.0,,13.0,-5.0
187,9886.0,III,B3,41-60,"Wg-Ch, Ch-Sh",sand stones,,50,fine to medium grained,"grey, brown",fresh to slightly weathered,1.5m,FRIABLE,4.0,dry and damp,,,"Wg-Ch, Ch-Sh",Heading+Bench,1.5m,50,50,150,100,φ6/100x100,4m,SN bolt,SN-25,1.5m,1.5m,115/25/20,1.2m,,,"Pregrout crown, Forepoling 32mm dia SDA @ 350c/c, 9m long with 3m overlap",100,,100,400,-,300,47.0,48.0,42.5,5.0,8.0,10.0,2.0,3.0,3.0,2.0,5.0,15.0,14.0,-5.0
188,9882.5,III,B3,41-60,"Wg-Ch, Ch-Sh","strong Sandstones, medium strong silt stone and weak clay stone",,50,medium grained,grey,Fresh to Slightly Weathered,1.5m,FRIABLE,4.0,Dry to damp,,,"Wg-Ch, Ch-Sh",Heading+Bench,1.5m,50,50,150,100,φ6/100x100,4m,SN bolt,SN-25,1.5m,1.5m,115/25/20,1.2m,,,"Pregrout crown, Forepoling 32mm dia SDA @ 350c/c, 9m long with 3m overlap",100,,100,400,-,300,54.0,55.0,35.0,4.0,13.0,12.0,2.0,3.0,4.0,2.0,5.0,16.0,14.0,-5.0
189,9880.0,III,B3,41-60,"Wg-Ch, Ch-Sh",strong sandstone,,50,,,Fresh to Slightly Weathered,1.5m,FRIABLE,4.0,Dry / Damp,,,"Wg-Ch, Ch-Sh",Heading+Bench,1.5m,50,50,150,100,φ6/100x100,4m,SN bolt,SN-25,1.5m,1.5m,115/25/20,1.2m,,,"Pregrout crown, Forepoling 32mm dia SDA @ 350c/c, 9m long with 3m overlap",100,,100,400,-,300,49.0,48.0,42.5,5.0,8.0,11.0,2.0,4.0,3.0,2.0,5.0,16.0,14.0,-5.0
190,9878.0,III,B3,41-60,"Wg-Ch, Ch-Sh",strong Sandstones,,50,medium grained,grey,Fresh to Slightly Weathered,1.5m,FRIABLE,4.0,Dry,,,"Wg-Ch, Ch-Sh",Heading+Bench,1.5m,50,50,150,100,φ6/100x100,4m,SN bolt,SN-25,1.5m,1.5m,115/25/20,1.2m,,,"Pregrout crown, Forepoling 32mm dia SDA @ 350c/c, 9m long with 3m overlap",100,,100,400,-,300,54.0,52.0,38.0,4.0,13.0,12.0,,3.0,3.0,2.0,5.0,,15.0,-5.0
191,9875.0,III,B3,41-60,"Wg-Ch, Ch-Sh",medium grained grey colour sand stone,,50,medium grained,grey,slight,1.5m,,4.0,Dry,,,"Wg-Ch, Ch-Sh",Heading+Bench,1.5m,50,50,150,100,φ6/100x100,4m,SN bolt,SN-25,1.5m,1.5m,115/25/20,1.2m,,,"Pregrout crown, Forepoling 32mm dia SDA @ 350c/c, 9m long with 3m overlap",100,,100,400,-,300,52.0,52.0,35.0,4.0,13.0,10.0,,3.0,3.0,2.0,5.0,,15.0,-5.0
192,9872.0,III,B3,41-60,"Wg-Ch, Ch-Sh",Sandstone,,50,Fine to medium grained,,Fresh to slightly weathered,1.5m,,4.0,Dry and damp,,,"Wg-Ch, Ch-Sh",Heading+Bench,1.5m,50,50,150,100,φ6/100x100,4m,SN bolt,SN-25,1.5m,1.5m,115/25/20,1.2m,,,"Pregrout crown, Forepoling 32mm dia SDA @ 350c/c, 9m long with 3m overlap",100,,100,400,-,300,45.0,46.0,37.5,3.0,8.0,10.0,,3.0,3.0,2.0,5.0,,14.0,-5.0
193,9870.0,III,B3,41-60,"Wg-Ch, Ch-Sh",Siltstone,,50,fine grained,brown,slight,1.5m,FRIABLE,4.0,Dry,,,"Wg-Ch, Ch-Sh",Heading+Bench,1.5m,50,50,150,100,φ6/100x100,4m,SN bolt,SN-25,1.5m,1.5m,115/25/20,1.2m,,,"Pregrout crown, Forepoling 32mm dia SDA @ 350c/c, 9m long with 3m overlap",100,,100,400,-,300,46.0,48.0,35.0,3.0,8.0,10.0,2.0,3.0,3.0,2.0,5.0,15.0,15.0,-5.0
194,9868.0,III,B3,41-60,"Wg-Ch, Ch-Sh",strong sandstone,,50,,,Fresh to Slightly Weathered,1.5m,FRIABLE,4.0,Dry / Damp,,,"Wg-Ch, Ch-Sh",Heading+Bench,1.5m,50,50,150,100,φ6/100x100,4m,SN bolt,SN-25,1.5m,1.5m,115/25/20,1.2m,,,"Pregrout crown, Forepoling 32mm dia SDA @ 350c/c, 9m long with 3m overlap",100,,100,400,-,300,46.0,46.0,35.0,3.0,8.0,11.0,2.0,3.0,3.0,2.0,5.0,15.0,14.0,-5.0
196,9863.5,III,B3,41-60,"Wg-Ch, Ch-Sh",SILTSTONE,,50,very blocky,brown,Fresh to slightly weathered,1.5m,FRIABLE,4.0,Dry,,,"Wg-Ch, Ch-Sh",Heading+Bench,1.5m,50,50,150,100,φ6/100x100,4m,SN bolt,SN-25,1.5m,1.5m,115/25/20,1.2m,,,"Pregrout crown, Forepoling 32mm dia SDA @ 350c/c, 9m long with 3m overlap",100,,100,400,-,300,47.0,40.0,37.0,3.0,8.0,11.0,2.0,3.0,3.0,2.0,5.0,15.0,15.0,-5.0
197,9861.0,III,B3,41-60,"Wg-Ch, Ch-Sh",brown fine grained silt stones,,50,medium strong,,slight,1.5m,,4.0,Dry,,,"Wg-Ch, Ch-Sh",Heading+Bench,1.5m,50,50,150,100,φ6/100x100,4m,SN bolt,SN-25,1.5m,1.5m,115/25/20,1.2m,,,"Pregrout crown, Forepoling 32mm dia SDA @ 350c/c, 9m long with 3m overlap",100,,100,400,-,300,52.0,52.0,,3.0,13.0,11.0,,3.0,3.0,2.0,5.0,,15.0,-5.0
198,9859.0,III,B3,41-60,"Wg-Ch, Ch-Sh",SILTSTONE,,50,,brown,fresh to slightly weathered,1.5m,Friable,4.0,Dry,,,"Wg-Ch, Ch-Sh",Heading+Bench,1.5m,50,50,150,100,φ6/100x100,4m,SN bolt,SN-25,1.5m,1.5m,115/25/20,1.2m,,,"Pregrout crown, Forepoling 32mm dia SDA @ 350c/c, 9m long with 3m overlap",100,,100,400,-,300,47.0,45.0,37.0,4.0,8.0,10.0,,3.0,3.0,2.0,5.0,,15.0,-5.0
199,9856.5,III,B3,41-60,"Wg-Ch, Ch-Sh",Siltstone,,50,fine grained,,slight,1.5m,FRIABLE,4.0,Dry,,,"Wg-Ch, Ch-Sh",Heading+Bench,1.5m,50,50,150,100,φ6/100x100,4m,SN bolt,SN-25,1.5m,1.5m,115/25/20,1.2m,,,"Pregrout crown, Forepoling 32mm dia SDA @ 350c/c, 9m long with 3m overlap",100,,100,400,-,300,53.0,52.0,38.0,3.0,13.0,11.0,2.0,3.0,4.0,2.0,5.0,16.0,15.0,-5.0
200,9854.0,III,B3,41-60,"Wg-Ch, Ch-Sh",SILTSTONE,,50,fine grained,,slight,1.5m,Friable,4.0,Dry,,,"Wg-Ch, Ch-Sh",Heading+Bench,1.5m,50,50,150,100,φ6/100x100,4m,SN bolt,SN-25,1.5m,1.5m,115/25/20,1.2m,,,"Pregrout crown, Forepoling 32mm dia SDA @ 350c/c, 9m long with 3m overlap",100,,100,400,-,300,48.0,45.0,36.0,4.0,8.0,10.0,,3.0,3.0,3.0,5.0,,15.0,-5.0
201,9851.0,III,B3,41-60,"Wg-Ch, Ch-Sh",medium strong silt stone,,50,fine grained,,Fresh to slightly Weathered,1.5m,Friable,4.0,Dry,,,"Wg-Ch, Ch-Sh",Heading+Bench,1.5m,50,50,150,100,φ6/100x100,4m,SN bolt,SN-25,1.5m,1.5m,115/25/20,1.2m,,,"Pregrout crown, Forepoling 32mm dia SDA @ 350c/c, 9m long with 3m overlap",100,,100,400,-,300,47.0,48.0,35.0,3.0,8.0,10.0,,3.0,3.0,3.0,5.0,,15.0,-5.0
202,9848.0,III,B3,41-60,"Wg-Ch, Ch-Sh",sandstone,,50,fine grained,"grey, brown",fresh to slightly weathered,1.5m,Friable,4.0,Dry / Damp,,,"Wg-Ch, Ch-Sh",Heading+Bench,1.5m,50,50,150,100,φ6/100x100,4m,SN bolt,SN-25,1.5m,1.5m,115/25/20,1.2m,,,"Pregrout crown, Forepoling 32mm dia SDA @ 350c/c, 9m long with 3m overlap",100,,100,400,-,300,47.0,42.0,37.0,5.0,8.0,10.0,2.0,3.0,3.0,2.0,5.0,15.0,14.0,-5.0
203,9844.5,III,B3,41-60,"Wg-Ch, Ch-Sh",medium strong silt stone,,50,fine grained,,Fresh to Slightly Weathered,1.5m,FRIABLE,4.0,Dry,,,"Wg-Ch, Ch-Sh",Heading+Bench,1.5m,50,50,150,100,φ6/100x100,4m,SN bolt,SN-25,1.5m,1.5m,115/25/20,1.2m,,,"Pregrout crown, Forepoling 32mm dia SDA @ 350c/c, 9m long with 3m overlap",100,,100,400,-,300,49.0,45.0,35.0,5.0,8.0,11.0,2.0,3.0,3.0,2.0,5.0,15.0,15.0,-5.0
204,9841.5,III,B3,41-60,"Wg-Ch, Ch-Sh",SILTSTONE,,50,Siltstone,Brown,slightly weathered,1.5m,FRIABLE,4.0,Dry / Damp,,,"Wg-Ch, Ch-Sh",Heading+Bench,1.5m,50,50,150,100,φ6/100x100,4m,SN bolt,SN-25,1.5m,1.5m,115/25/20,1.2m,,,"Pregrout crown, Forepoling 32mm dia SDA @ 350c/c, 9m long with 3m overlap",100,,100,400,-,300,46.0,40.0,37.0,4.0,8.0,10.0,,3.0,3.0,2.0,5.0,,,-5.0
01,,III,B3,41-60,"Wg-Ch, Ch-Sh",Sandstone,,50,"medium grained, fine grained","light grey, dark greay colored",fresh to slightly weathered,1.5m,Friable,3.0,Dry,,,"Wg-Ch, Ch-Sh",Heading+Bench,1.5m,50,50,150,100,φ6/100x100,4m,SN bolt,SN-25,1.5m,1.5m,115/25/20,1.2m,,,"Pregrout crown, Forepoling 32mm dia SDA @ 350c/c, 9m long with 3m overlap",100,,100,400,-,300,50.0,35.0,,5.0,8.0,9.0,,,,,,,15.0,
02,,III,B3,41-60,"Wg-Ch, Ch-Sh",Sandstone,,50,"medium grained, fine grained","light grey, dark grey",slightly weathered,1.5m,Friable,3.0,Dry,,,"Wg-Ch, Ch-Sh",Heading+Bench,1.5m,50,50,150,100,φ6/100x100,4m,SN bolt,SN-25,1.5m,1.5m,115/25/20,1.2m,,,"Pregrout crown, Forepoling 32mm dia SDA @ 350c/c, 9m long with 3m overlap",100,,100,400,-,300,50.0,35.0,,5.0,8.0,9.0,,,,,,3.0,15.0,-3.0
03,,III,B3,41-60,"Wg-Ch, Ch-Sh",Sandstone,,50,fine to medium grained,"light grey, dark grey",Fresh to Slightly Weathered,1.5m,FRIABLE,3.0,Dry,,,"Wg-Ch, Ch-Sh",Heading+Bench,1.5m,50,50,150,100,φ6/100x100,4m,SN bolt,SN-25,1.5m,1.5m,115/25/20,1.2m,,,"Pregrout crown, Forepoling 32mm dia SDA @ 350c/c, 9m long with 3m overlap",100,,100,400,-,300,50.0,55.0,,5.0,8.0,9.0,,,,,,3.0,15.0,
04,10451.0,III,B3,41-60,"Wg-Ch, Ch-Sh",Sandstone,,50,"medium grained, fine grained","light grey, dark grey",Fresh to Slightly weathered,1.5m,Friable,3.0,Dry,,,"Wg-Ch, Ch-Sh",Heading+Bench,1.5m,50,50,150,100,φ6/100x100,4m,SN bolt,SN-25,1.5m,1.5m,115/25/20,1.2m,,,"Pregrout crown, Forepoling 32mm dia SDA @ 350c/c, 9m long with 3m overlap",100,,100,400,-,300,62.0,65.0,,5.0,13.0,13.0,,,,,,4.0,15.0,
324,9461.0,III,B3,41-60,"Wg-Ch, Ch-Sh",SILTSTONE,,50,Fine Grained,brown,fresh to slightly weathered,1.5m,Stable,4.0,Dry,,No Seepage,"Wg-Ch, Ch-Sh",Heading+Bench,1.5m,50,50,150,100,φ6/100x100,4m,SN bolt,SN-25,1.5m,1.5m,115/25/20,1.2m,,,"Pregrout crown, Forepoling 32mm dia SDA @ 350c/c, 9m long with 3m overlap",100,,100,400,-,300,54.0,60.0,38.0,5.0,13.0,10.0,,,,,,15.0,0.0,-5.0
326,9455.5,III,B3,41-60,"Wg-Ch, Ch-Sh",SILTSTONE,,50,blocky,Brown,Fresh to slightly weathered,1.5m,FRIABLE,4.0,Dry,,,"Wg-Ch, Ch-Sh",Heading+Bench,1.5m,50,50,150,100,φ6/100x100,4m,SN bolt,SN-25,1.5m,1.5m,115/25/20,1.2m,,,"Pregrout crown, Forepoling 32mm dia SDA @ 350c/c, 9m long with 3m overlap",100,,100,400,-,300,54.0,55.0,38.0,4.0,13.0,10.0,,,,,,,15.0,-5.0
327,9452.0,,,,,Siltstone,,,bedding joints,grey/brown,Fresh to Slightly Weathered,,FRIABLE,4.0,Dry,,,,,,,,,,,,,,,,,,,,,,,,,,,,,35.0,,,,,,,,,,,
328,9447.5,III,B3,41-60,"Wg-Ch, Ch-Sh",siltstones,,50,,fine grained brown to greyish,slightly weathered,1.5m,,4.0,dry,,,"Wg-Ch, Ch-Sh",Heading+Bench,1.5m,50,50,150,100,φ6/100x100,4m,SN bolt,SN-25,1.5m,1.5m,115/25/20,1.2m,,,"Pregrout crown, Forepoling 32mm dia SDA @ 350c/c, 9m long with 3m overlap",100,,100,400,-,300,48.0,47.0,,4.0,8.0,11.0,,,,,,,15.0,-5.0
329,9443.0,III,B3,41-60,"Wg-Ch, Ch-Sh",siltstone,,50,,grey/brown,fresh to slightly weathered,1.5m,,4.0,Dry/Damp,,,"Wg-Ch, Ch-Sh",Heading+Bench,1.5m,50,50,150,100,φ6/100x100,4m,SN bolt,SN-25,1.5m,1.5m,115/25/20,1.2m,,,"Pregrout crown, Forepoling 32mm dia SDA @ 350c/c, 9m long with 3m overlap",100,,100,400,-,300,51.0,52.0,37.0,4.0,13.0,10.0,,,,,,3.0,13.0,-5.0
31,10359.0,III,B3,41-60,"Wg-Ch, Ch-Sh",Sandstone,,50,fine grained,"gray, brown",slightly weathered,1.5m,Stable,3.0,Dry,,No seepage,"Wg-Ch, Ch-Sh",Heading+Bench,1.5m,50,50,150,100,φ6/100x100,4m,SN bolt,SN-25,1.5m,1.5m,115/25/20,1.2m,,,"Pregrout crown, Forepoling 32mm dia SDA @ 350c/c, 9m long with 3m overlap",100,,100,400,-,300,55.0,60.0,45.0,5.0,13.0,10.0,,,,,,15.0,-5.0,-5.0
330,9439.0,III,B3,41-60,"Wg-Ch, Ch-Sh",Dolerite,,50,Fine-grained,Grey,Moderately Weathered,1.5m,Stable,3.0,Dry,,No seepage,"Wg-Ch, Ch-Sh",Heading+Bench,1.5m,50,50,150,100,φ6/100x100,4m,SN bolt,SN-25,1.5m,1.5m,115/25/20,1.2m,,,"Pregrout crown, Forepoling 32mm dia SDA @ 350c/c, 9m long with 3m overlap",100,,100,400,-,300,47.0,48.0,55.0,5.0,13.0,10.0,,,,,,15.0,0.0,-5.0
331,9434.5,III,B3,41-60,"Wg-Ch, Ch-Sh",Siltstones and claystones,,50,,,Fresh to Slightly Weathered,1.5m,Friable,4.0,Dry,,,"Wg-Ch, Ch-Sh",Heading+Bench,1.5m,50,50,150,100,φ6/100x100,4m,SN bolt,SN-25,1.5m,1.5m,115/25/20,1.2m,,,"Pregrout crown, Forepoling 32mm dia SDA @ 350c/c, 9m long with 3m overlap",100,,100,400,-,300,47.0,48.0,35.0,4.0,8.0,11.0,,,,,,,14.0,-5.0
332,9431.5,III,B3,41-60,"Wg-Ch, Ch-Sh",sandstone,,50,fine grained,,fresh to slightly weathered,1.5m,FRIABLE,4.0,Dry/Damp,,,"Wg-Ch, Ch-Sh",Heading+Bench,1.5m,50,50,150,100,φ6/100x100,4m,SN bolt,SN-25,1.5m,1.5m,115/25/20,1.2m,,,"Pregrout crown, Forepoling 32mm dia SDA @ 350c/c, 9m long with 3m overlap",100,,100,400,-,300,48.0,45.0,37.0,5.0,8.0,10.0,,,,,,,14.0,-5.0
333,9427.5,III,B3,41-60,"Wg-Ch, Ch-Sh","sandstone, siltstones and claystones",,50,fine to medium grained,,Fresh to Slightly Weathered,1.5m,FRIABLE,4.0,Dry / Damp,,,"Wg-Ch, Ch-Sh",Heading+Bench,1.5m,50,50,150,100,φ6/100x100,4m,SN bolt,SN-25,1.5m,1.5m,115/25/20,1.2m,,,"Pregrout crown, Forepoling 32mm dia SDA @ 350c/c, 9m long with 3m overlap",100,,100,400,-,300,48.0,45.0,35.0,5.0,8.0,11.0,,,,,,,14.0,-5.0
334,9424.0,III,B3,41-60,"Wg-Ch, Ch-Sh",sandstones,,50,fine to medium grained,"grey, brown to greyish",slightly weathered,1.5m,FRIABLE,4.0,dry,,,"Wg-Ch, Ch-Sh",Heading+Bench,1.5m,50,50,150,100,φ6/100x100,4m,SN bolt,SN-25,1.5m,1.5m,115/25/20,1.2m,,,"Pregrout crown, Forepoling 32mm dia SDA @ 350c/c, 9m long with 3m overlap",100,,100,400,-,300,55.0,54.0,40.0,6.0,13.0,11.0,,,,,,3.0,15.0,-5.0
335,9421.0,III,B3,41-60,"Wg-Ch, Ch-Sh",sandstone,,50,fine grained,grey,fresh to slightly weathered,1.5m,FRIABLE,4.0,Dry/Damp,,,"Wg-Ch, Ch-Sh",Heading+Bench,1.5m,50,50,150,100,φ6/100x100,4m,SN bolt,SN-25,1.5m,1.5m,115/25/20,1.2m,,,"Pregrout crown, Forepoling 32mm dia SDA @ 350c/c, 9m long with 3m overlap",100,,100,400,-,300,52.0,55.0,38.0,5.0,13.0,10.0,,,,,,3.0,14.0,-5.0
336,9417.0,III,B3,41-60,"Wg-Ch, Ch-Sh",sandstones,,50,fine to medium grained,"grey, brown to greyish",slightly weathered,1.5m,FRIABLE,4.0,Dry,,,"Wg-Ch, Ch-Sh",Heading+Bench,1.5m,50,50,150,100,φ6/100x100,4m,SN bolt,SN-25,1.5m,1.5m,115/25/20,1.2m,,,"Pregrout crown, Forepoling 32mm dia SDA @ 350c/c, 9m long with 3m overlap",100,,100,400,-,300,49.0,48.0,35.0,5.0,8.0,11.0,,,,,,,15.0,-5.0
337,9413.0,III,B3,41-60,"Wg-Ch, Ch-Sh",sandstone,,50,fine grained,,slightly weathered,1.5m,FRIABLE,4.0,Dry/Damp,,,"Wg-Ch, Ch-Sh",Heading+Bench,1.5m,50,50,150,100,φ6/100x100,4m,SN bolt,SN-25,1.5m,1.5m,115/25/20,1.2m,,,"Pregrout crown, Forepoling 32mm dia SDA @ 350c/c, 9m long with 3m overlap",100,,100,400,-,300,47.0,45.0,,5.0,8.0,10.0,,,,,,,13.0,-5.0
32,10355.5,III,B3,41-60,"Wg-Ch, Ch-Sh",Sandstone,,50,fine grained,"gray, brown",slightly weathered,1.5m,FRIABLE,3.0,Dry and damp,,Seepage,"Wg-Ch, Ch-Sh",Heading+Bench,1.5m,50,50,150,100,φ6/100x100,4m,SN bolt,SN-25,1.5m,1.5m,115/25/20,1.2m,,,"Pregrout crown, Forepoling 32mm dia SDA @ 350c/c, 9m long with 3m overlap",100,,100,400,-,300,56.0,56.0,,5.0,13.0,11.0,,,,,,4.0,13.0,-3.0
338,9409.0,III,B3,41-60,"Wg-Ch, Ch-Sh",sandstone,,50,fine to medium grained,grey,slightly weathered,1.5m,,4.0,dry,,,"Wg-Ch, Ch-Sh",Heading+Bench,1.5m,50,50,150,100,φ6/100x100,4m,SN bolt,SN-25,1.5m,1.5m,115/25/20,1.2m,,,"Pregrout crown, Forepoling 32mm dia SDA @ 350c/c, 9m long with 3m overlap",100,,100,400,-,300,48.0,45.0,32.0,4.0,8.0,11.0,,,,,,3.0,15.0,-5.0
339,9406.0,III,B3,41-60,"Wg-Ch, Ch-Sh",sandstone,,50,fine grained,"grey, brown",fresh to slightly weathered,1.5m,FRIABLE,4.0,Dry,,,"Wg-Ch, Ch-Sh",Heading+Bench,1.5m,50,50,150,100,φ6/100x100,4m,SN bolt,SN-25,1.5m,1.5m,115/25/20,1.2m,,,"Pregrout crown, Forepoling 32mm dia SDA @ 350c/c, 9m long with 3m overlap",100,,100,400,-,300,47.0,45.0,,4.0,8.0,10.0,,,,,,,15.0,-5.0
340,9402.0,III,B3,41-60,"Wg-Ch, Ch-Sh",sandstone,,50,fine grained,"grey, brown",fresh to slightly weathered,1.5m,,4.0,Dry / Damp,,,"Wg-Ch, Ch-Sh",Heading+Bench,1.5m,50,50,150,100,φ6/100x100,4m,SN bolt,SN-25,1.5m,1.5m,115/25/20,1.2m,,,"Pregrout crown, Forepoling 32mm dia SDA @ 350c/c, 9m long with 3m overlap",100,,100,400,-,300,48.0,45.0,37.0,5.0,8.0,10.0,,,,,,,15.0,-5.0
341,9398.0,III,B3,41-60,"Wg-Ch, Ch-Sh",sandstone,,50,fine grained,"grey, brown",fresh to slightly weathered,1.5m,FRIABLE,4.0,Dry / Damp,,,"Wg-Ch, Ch-Sh",Heading+Bench,1.5m,50,50,150,100,φ6/100x100,4m,SN bolt,SN-25,1.5m,1.5m,115/25/20,1.2m,,,"Pregrout crown, Forepoling 32mm dia SDA @ 350c/c, 9m long with 3m overlap",100,,100,400,-,300,48.0,45.0,,5.0,8.0,10.0,,,,,,3.0,13.0,-5.0
342,9394.5,III,B3,41-60,"Wg-Ch, Ch-Sh",SILTSTONE,,50,Blocky,brown to greyish,slightly weathered,1.5m,FRIABLE,4.0,dry,,,"Wg-Ch, Ch-Sh",Heading+Bench,1.5m,50,50,150,100,φ6/100x100,4m,SN bolt,SN-25,1.5m,1.5m,115/25/20,1.2m,,,"Pregrout crown, Forepoling 32mm dia SDA @ 350c/c, 9m long with 3m overlap",100,,100,400,-,300,48.0,47.0,35.0,4.0,8.0,11.0,,,,,,3.0,15.0,-5.0
343,9391.5,III,B3,41-60,"Wg-Ch, Ch-Sh",SILTSTONE,,50,fine to medium grained,brown to greyish,Slightly weathered,1.5m,FRIABLE,4.0,Dry,,,"Wg-Ch, Ch-Sh",Heading+Bench,1.5m,50,50,150,100,φ6/100x100,4m,SN bolt,SN-25,1.5m,1.5m,115/25/20,1.2m,,,"Pregrout crown, Forepoling 32mm dia SDA @ 350c/c, 9m long with 3m overlap",100,,100,400,-,300,47.0,45.0,35.0,4.0,8.0,10.0,,,,,,,15.0,-5.0
344,9387.5,,,,,siltstone,,,fine to medium grained,grey to brown,slightly weathered,,FRIABLE,4.0,dry and damp,,,,,,,,,,,,,,,,,,,,,,,,,,,,,35.0,,,,,,,,,,,
345,9384.0,III,B3,41-60,"Wg-Ch, Ch-Sh",sandstone,,50,fine grained,,fresh to slightly weathered,1.5m,FRIABLE,4.0,Dry,,,"Wg-Ch,Ch-Sh",Heading+Bench,1.5m,50,50,150,100,φ6/100x100,4m,SN bolt,SN-25,1.5m,1.5m,115/25/20,1.2m,,,"Pregrout crown, Forepoling 32mm dia SDA @ 350c/c, 9m long with 3m overlap",100,,100,400,-,300,55.0,55.0,38.0,5.0,13.0,10.0,,,,,,,15.0,-5.0
346,9380.5,III,B3,41-60,"Wg-Ch, Ch-Sh",Siltstone,,50,Fine to medium grained,Grey to brown,Slightly weathered,1.5m,FRIABLE,4.0,Dry and damp,,,"Wg-Ch,Ch-Sh",Heading+Bench,1.5m,50,50,150,100,φ6/100x100,4m,SN bolt,SN-25,1.5m,1.5m,115/25/20,1.2m,,,"Pregrout crown, Forepoling 32mm dia SDA @ 350c/c, 9m long with 3m overlap",100,,100,400,-,300,46.0,41.0,35.0,4.0,8.0,10.0,,,,,,,14.0,-5.0
347,9377.0,III,B3,41-60,"Wg-Ch, Ch-Sh",sandstone,,50,fine grained,"grey, brown",fresh to slightly weathered,1.5m,FRIABLE,4.0,Dry,,,"Wg-Ch,Ch-Sh",Heading+Bench,1.5m,50,50,150,100,φ6/100x100,4m,SN bolt,SN-25,1.5m,1.5m,115/25/20,1.2m,,,"Pregrout crown, Forepoling 32mm dia SDA @ 350c/c, 9m long with 3m overlap",100,,100,400,-,300,55.0,45.0,37.0,5.0,13.0,10.0,,,,,,,15.0,-5.0
346,9373.5,III,B3,41-60,"Wg-Ch, Ch-Sh","Siltstone, Sandstone and Claystone",,50,fine to medium grained,brown to greyish,Fresh to Slightly Weathered,1.5M,Friable,4.0,Dry / Damp,,,,,,,,,,,,,,,,,,,,,,,,,,,,,35.0,,,,,,,,,,,
33,10352.0,III,B3,41-60,"Wg-Ch, Ch-Sh",Sandstone,,50,Fine grained,"Gray, Brown",Fresh to slightly weathered,1.5m,FRIABLE,3.0,Dry and damp,,Oozing,"Wg-Ch, Ch-Sh",Heading+Bench,1.5m,50,50,150,100,φ6/100x100,4m,SN bolt,SN-25,1.5m,1.5m,115/25/20,1.2m,,,"Pregrout crown, Forepoling 32mm dia SDA @ 350c/c, 9m long with 3m overlap",100,,100,400,-,300,57.0,63.0,,6.0,13.0,12.0,,,,,,4.0,13.0,
350,9366.5,III,B3,41-60,"Wg-Ch, Ch-Sh","siltstone, sandstone and claystone",,50,fine to medium grained,"grey, brown",Fresh to Slightly Weathered,1.5m,FRIABLE,4.0,Dry / Damp,,,"Wg-Ch, Ch-Sh",Heading+Bench,1.5m,50,50,150,100,φ6/100x100,4m,SN bolt,SN-25,1.5m,1.5m,115/25/20,1.2m,,,"Pregrout crown, Forepoling 32mm dia SDA @ 350c/c, 9m long with 3m overlap",100,,100,400,-,300,46.0,43.0,35.0,4.0,8.0,10.0,,,,,,3.0,14.0,-5.0
351,9363.0,III,B3,41-60,"Wg-Ch, Ch-Sh",sandstone,,50,fine grained,"grey, brown",fresh to slightly weathered,1.5m,FRIABLE,4.0,Dry / Damp,,,"Wg-Ch, Ch-Sh",Heading+Bench,1.5m,50,50,150,100,φ6/100x100,4m,SN bolt,SN-25,1.5m,1.5m,115/25/20,1.2m,,,"Pregrout crown, Forepoling 32mm dia SDA @ 350c/c, 9m long with 3m overlap",100,,100,400,-,300,52.0,55.0,38.0,5.0,13.0,10.0,,,,,,,14.0,-5.0
352,9359.5,III,B3,41-60,"Wg-Ch, Ch-Sh",,,50,fine to medium grained,brown to greyish,Fresh to Slightly Weathered,1.5m,FRIABLE,4.0,Dry / Damp,,,"Wg-Ch, Ch-Sh",Heading+Bench,1.5m,50,50,150,100,φ6/100x100,4m,SN bolt,SN-25,1.5m,1.5m,115/25/20,1.2m,,,"Pregrout crown, Forepoling 32mm dia SDA @ 350c/c, 9m long with 3m overlap",100,,100,400,-,300,47.0,47.0,33.0,4.0,8.0,11.0,,,,,,3.0,14.0,-5.0
353,9355.5,III,B3,41-60,"Wg-Ch, Ch-Sh",Sandstone,,50,fine grained,"grey, brown",slightly weathered,1.5m,FRIABLE,4.0,Dry,,,"Wg-Ch, Ch-Sh",Heading+Bench,1.5m,50,50,150,100,φ6/100x100,4m,SN bolt,SN-25,1.5m,1.5m,115/25/20,1.2m,,,"Pregrout crown, Forepoling 32mm dia SDA @ 350c/c, 9m long with 3m overlap",100,,100,400,-,300,54.0,55.0,38.0,5.0,13.0,10.0,,,,,,,15.0,-5.0
354,9351.5,III,B3,41-60,"Wg-Ch, Ch-Sh",Siltstone and Sandstone,,50,,,Fresh to Slightly Weathered,1.5m,FRIABLE,4.0,Dry,,,"Wg-Ch, Ch-Sh",Heading+Bench,1.5m,50,50,150,100,φ6/100x100,4m,SN bolt,SN-25,1.5m,1.5m,115/25/20,1.2m,,,"Pregrout crown, Forepoling 32mm dia SDA @ 350c/c, 9m long with 3m overlap",100,,100,400,-,300,49.0,48.0,35.0,5.0,8.0,11.0,,,,,,2.0,15.0,-5.0
355,9347.5,III,B3,41-60,"Wg-Ch, Ch-Sh",sandstone,,50,fine grained,"grey, brown",slightly weathered,1.5m,Stable,4.0,Dry,,No seepage,"Wg-Ch, Ch-Sh",Heading+Bench,1.5m,50,50,150,100,φ6/100x100,4m,SN bolt,SN-25,1.5m,1.5m,115/25/20,1.2m,,,"Pregrout crown, Forepoling 32mm dia SDA @ 350c/c, 9m long with 3m overlap",100,,100,400,-,300,54.0,55.0,38.0,5.0,13.0,10.0,,,,,,15.0,-5.0,-5.0
356,9343.5,III,B3,41-60,"Wg-Ch, Ch-Sh",sandstone,,50,fine grained,grey,slightly weathered,1.5m,FRIABLE,4.0,Dry,,,"Wg-Ch, Ch-Sh",Heading+Bench,1.5m,50,50,150,100,φ6/100x100,4m,SN bolt,SN-25,1.5m,1.5m,115/25/20,1.2m,,,"Pregrout crown, Forepoling 32mm dia SDA @ 350c/c, 9m long with 3m overlap",100,,100,400,-,300,48.0,42.0,37.0,5.0,8.0,10.0,,,,,,,15.0,-5.0
34,10348.5,III,B3,41-60,"Wg-Ch, Ch-Sh",sandstone,,50,fine to medium grained,,slightly weathered,1.5m,FRIABLE,3.0,Dry,,,"Wg-Ch, Ch-Sh",Heading+Bench,1.5m,50,50,150,100,φ6/100x100,4m,SN bolt,SN-25,1.5m,1.5m,115/25/20,1.2m,,,"Pregrout crown, Forepoling 32mm dia SDA @ 350c/c, 9m long with 3m overlap",100,,100,400,-,300,57.0,62.0,,7.0,13.0,11.0,,,,,,,15.0,-5.0
357,9340.0,III,B3,41-60,"Wg-Ch, Ch-Sh",sandstone,,50,fine grained,"grey, grey/brown, brown",fresh to slightly weathered,1.5m,FRIABLE,4.0,Dry / Damp,,,"Wg-Ch, Ch-Sh",Heading+Bench,1.5m,50,50,150,100,φ6/100x100,4m,SN bolt,SN-25,1.5m,1.5m,115/25/20,1.2m,,,"Pregrout crown, Forepoling 32mm dia SDA @ 350c/c, 9m long with 3m overlap",100,,100,400,-,300,46.0,45.0,35.0,5.0,8.0,10.0,,,,,,,13.0,-5.0
358,9336.0,III,B3,41-60,"Wg-Ch, Ch-Sh",Sandstone,,50,Fine grained,"Grey, grey/brown, brown",Fresh to slightly weathered,1.5m,FRIABLE,4.0,Dry / Damp,,,"Wg-Ch, Ch-Sh",Heading+Bench,1.5m,50,50,150,100,φ6/100x100,4m,SN bolt,SN-25,1.5m,1.5m,115/25/20,1.2m,,,"Pregrout crown, Forepoling 32mm dia SDA @ 350c/c, 9m long with 3m overlap",100,,100,400,-,300,48.0,45.0,,6.0,8.0,10.0,,,,,,,14.0,-5.0
359,9332.5,III,B3,41-60,"Wg-Ch, Ch-Sh",sandstone,,50,fine to medium grained,"grey, brown to greyish",slightly weathered,1.5m,FRIABLE,4.0,dry and damp,,,"Wg-Ch, Ch-Sh",Heading+Bench,1.5m,50,50,150,100,φ6/100x100,4m,SN bolt,SN-25,1.5m,1.5m,115/25/20,1.2m,,,"Pregrout crown, Forepoling 32mm dia SDA @ 350c/c, 9m long with 3m overlap",100,,100,400,-,300,53.0,52.0,35.0,5.0,13.0,11.0,,,,,,,14.0,-5.0
360,9328.5,III,B3,41-60,"Wg-Ch, Ch-Sh",sandstone and siltstone,,50,bedding joints,"grey, fine to medium grained",Fresh to Slightly Weathered,1.5m,FRIABLE,4.0,SW,,,"Wg-Ch, Ch-Sh",Heading+Bench,1.5m,50,50,150,100,φ6/100x100,4m,SN bolt,SN-25,1.5m,1.5m,115/25/20,1.2m,,,"Pregrout crown, Forepoling 32mm dia SDA @ 350c/c, 9m long with 3m overlap",100,,100,400,-,300,47.0,45.0,37.0,5.0,8.0,10.0,,,,,,,14.0,-5.0
361,9324.5,III,B3,41-60,"Wg-Ch, Ch-Sh",sandstone,,50,fine grained,"grey, grey/brown, brown",slightly weathered,1.5m,FRIABLE,4.0,Dry / Damp,,,"Wg-Ch, Ch-Sh",Heading+Bench,1.5m,50,50,150,100,φ6/100x100,4m,SN bolt,SN-25,1.5m,1.5m,115/25/20,1.2m,,,"Pregrout crown, Forepoling 32mm dia SDA @ 350c/c, 9m long with 3m overlap",100,,100,400,-,300,52.0,55.0,38.0,5.0,13.0,10.0,,,,,,,14.0,-5.0
360,9320.5,III,B3,41-60,"Wg-Ch, Ch-Sh",Silty clay,,50,fine to medium grained,grey,slightly weathered,1.5m,,3.0,Damp,,,"Wg-Ch, Ch-Sh",Heading+Bench,1.5m,50,50,150,100,φ6/100x100,4m,SN bolt,SN-25,1.5m,1.5m,115/25/20,1.2m,,,"Pregrout crown, Forepoling 32mm dia SDA @ 350c/c, 9m long with 3m overlap",100,,100,400,-,300,51.0,53.0,38.5,5.0,13.0,11.0,,,,,,2.0,12.0,-5.0
363,9317.0,III,B3,41-60,"Wg-Ch, Ch-Sh","sandstone, siltstone and intermingled siltstone & claystone",,50,fine grained,,Fresh to Slightly Weathered,1.5m,FRIABLE,4.0,Dry / Damp,,,"Wg-Ch, Ch-Sh",Heading+Bench,1.5m,50,50,150,100,φ6/100x100,4m,SN bolt,SN-25,1.5m,1.5m,115/25/20,1.2m,,,"Pregrout crown, Forepoling 32mm dia SDA @ 350c/c, 9m long with 3m overlap",100,,100,400,-,300,46.0,45.0,38.0,5.0,8.0,10.0,,,,,,,13.0,-5.0
364,9314.0,III,B3,41-60,"Wg-Ch, Ch-Sh",sandstone,,50,fine to medium grained,"grey, brown",Fresh to Slightly Weathered,1.5m,FRIABLE,4.0,Dry to Damp,,,"Wg-Ch, Ch-Sh",Heading+Bench,1.5m,50,50,150,100,φ6/100x100,4m,SN bolt,SN-25,1.5m,1.5m,115/25/20,1.2m,,,"Pregrout crown, Forepoling 32mm dia SDA @ 350c/c, 9m long with 3m overlap",100,,100,400,-,300,51.0,53.0,35.0,5.0,13.0,11.0,,,,,,2.0,12.0,-5.0
35,10345.5,III,B3,41-60,"Wg-Ch, Ch-Sh",Sandstone,,50,Fine grained,Grey,Fresh to slightly weathered,1.5m,FRIABLE,3.0,Dry,,,"Wg-Ch, Ch-Sh",Heading+Bench,1.5m,50,50,150,100,φ6/100x100,4m,SN bolt,SN-25,1.5m,1.5m,115/25/20,1.2m,,,"Pregrout crown, Forepoling 32mm dia SDA @ 350c/c, 9m long with 3m overlap",100,,100,400,-,300,58.0,61.0,,7.0,13.0,12.0,,,,,,,15.0,-5.0
365,9310.5,III,B3,41-60,"Wg-Ch, Ch-Sh",Paramyit Sandstone,,50,,,fresh to slightly weathered,1.5m,,4.0,Dry / Damp,,,"Wg-Ch, Ch-Sh",Heading+Bench,1.5m,50,50,150,100,φ6/100x100,4m,SN bolt,SN-25,1.5m,1.5m,115/25/20,1.2m,,,"Pregrout crown, Forepoling 32mm dia SDA @ 350c/c, 9m long with 3m overlap",100,,100,400,-,300,52.0,58.0,38.0,5.0,13.0,12.0,,,,,,,12.0,-5.0
366,9306.5,III,B3,41-60,"Wg-Ch, Ch-Sh",sandstone,,50,fine to medium grained,"grey, brown to greyish",slightly weathered,1.5m,,4.0,Dry to Damp,,,"Wg-Ch, Ch-Sh",Heading+Bench,1.5m,50,50,150,100,φ6/100x100,4m,SN bolt,SN-25,1.5m,1.5m,115/25/20,1.2m,,,"Pregrout crown, Forepoling 32mm dia SDA @ 350c/c, 9m long with 3m overlap",100,,100,400,-,300,47.0,45.0,37.0,5.0,8.0,10.0,,,,,,,13.0,-5.0
367,9302.5,III,B3,41-60,"Wg-Ch, Ch-Sh",sandstone,,50,fine grained,"grey, grey/brown, brown",slightly weathered,1.5m,FRIABLE,4.0,Dry / Damp,,,"Wg-Ch, Ch-Sh",Heading+Bench,1.5m,50,50,150,100,φ6/100x100,4m,SN bolt,SN-25,1.5m,1.5m,115/25/20,1.2m,,,"Pregrout crown, Forepoling 32mm dia SDA @ 350c/c, 9m long with 3m overlap",100,,100,400,-,300,52.0,58.0,,5.0,13.0,11.0,,,,,,,13.0,-5.0
368,9299.5,III,B3,41-60,"Wg-Ch, Ch-Sh","grey, fine to medium grained sandstone",,50,fine to medium grained,,slightly weathered,1.5m,,4.0,Dry to Damp,,,"Wg-Ch, Ch-Sh",Heading+Bench,1.5m,50,50,150,100,φ6/100x100,4m,SN bolt,SN-25,1.5m,1.5m,115/25/20,1.2m,,,"Pregrout crown, Forepoling 32mm dia SDA @ 350c/c, 9m long with 3m overlap",100,,100,400,-,300,47.0,45.0,35.0,5.0,8.0,10.0,,,,,,,13.0,-5.0
369,9296.0,III,B3,41-60,"Wg-Ch, Ch-Sh",sandstone,,50,fine grained,,fresh to slightly weathered,1.5m,FRIABLE,4.0,Dry / Damp,,,"Wg-Ch, Ch-Sh",Heading+Bench,1.5m,50,50,150,100,φ6/100x100,4m,SN bolt,SN-25,1.5m,1.5m,115/25/20,1.2m,,,"Pregrout crown, Forepoling 32mm dia SDA @ 350c/c, 9m long with 3m overlap",100,,100,400,-,300,48.0,45.0,,5.0,8.0,10.0,,,,,,4.0,14.0,-5.0
370,9292.5,III,B3,41-60,"Wg-Ch, Ch-Sh",sandstone,,50,fine to medium grained,brown,slightly weathered,1.5m,FRIABLE,4.0,Dry,,,"Wg-Ch, Ch-Sh",Heading+Bench,1.5m,50,50,150,100,φ6/100x100,4m,SN bolt,SN-25,1.5m,1.5m,115/25/20,1.2m,,,"Pregrout crown, Forepoling 32mm dia SDA @ 350c/c, 9m long with 3m overlap",100,,100,400,-,300,50.0,48.0,35.0,5.0,8.0,11.0,,,,,,,15.0,-5.0
371,9289.0,III,B3,41-60,"Wg-Ch, Ch-Sh",sandstone,,50,fine grained,,fresh to slightly weathered,1.5m,,4.0,Dry / Damp,,,"Wg-Ch, Ch-Sh",Heading+Bench,1.5m,50,50,150,100,φ6/100x100,4m,SN bolt,SN-25,1.5m,1.5m,115/25/20,1.2m,,,"Pregrout crown, Forepoling 32mm dia SDA @ 350c/c, 9m long with 3m overlap",100,,100,400,-,300,49.0,45.0,,5.0,8.0,10.0,,,,,,,14.0,-5.0
372,9286.0,III,B3,41-60,"Wg-Ch, Ch-Sh",sandstone,,50,fine to medium grained,brown,slightly weathered,1.5m,FRIABLE,4.0,Dry,,,"Wg-Ch, Ch-Sh",Heading+Bench,1.5m,50,50,150,100,φ6/100x100,4m,SN bolt,SN-25,1.5m,1.5m,115/25/20,1.2m,,,"Pregrout crown, Forepoling 32mm dia SDA @ 350c/c, 9m long with 3m overlap",100,,100,400,-,300,49.0,46.0,,5.0,8.0,10.0,,,,,,,15.0,-5.0
373,9282.5,III,B3,41-60,"Wg-Ch, Ch-Sh",sandstone,,50,fine grained,,fresh to slightly weathered,1.5m,FRIABLE,4.0,Dry / Damp,,,"Wg-Ch, Ch-Sh",Heading+Bench,1.5m,50,50,150,100,φ6/100x100,4m,SN bolt,SN-25,1.5m,1.5m,115/25/20,1.2m,,,"Pregrout crown, Forepoling 32mm dia SDA @ 350c/c, 9m long with 3m overlap",100,,100,400,-,300,48.0,45.0,37.0,5.0,8.0,10.0,,,,,,,14.0,-5.0
374,9278.5,III,B3,41-60,"Wg-Ch, Ch-Sh",fine grained brown to grey colour silt stones,,50,fine grained,brown to grey,fresh to slightly weathered,1.5m,FRIABLE,4.0,Dry/damp,,,"Wg-Ch, Ch-Sh",Heading+Bench,1.5m,50,50,150,100,φ6/100x100,4m,SN bolt,SN-25,1.5m,1.5m,115/25/20,1.2m,,,"Pregrout crown, Forepoling 32mm dia SDA @ 350c/c, 9m long with 3m overlap",100,,100,400,-,300,47.0,45.0,,5.0,8.0,10.0,,,,,,,14.0,-5.0
375,9275.0,III,B3,41-60,"Wg-Ch, Ch-Sh",sandstone,,50,fine to medium grained,"grey, brown",slightly weathered,1.5m,FRIABLE,4.0,Dry / Damp,,,"Wg-Ch, Ch-Sh",Heading+Bench,1.5m,50,50,150,100,φ6/100x100,4m,SN bolt,SN-25,1.5m,1.5m,115/25/20,1.2m,,,"Pregrout crown, Forepoling 32mm dia SDA @ 350c/c, 9m long with 3m overlap",100,,100,400,-,300,47.0,45.0,,5.0,8.0,10.0,,,,,,,13.0,-5.0
376,9271.0,III,B3,41-60,"Wg-Ch, Ch-Sh","interbedded fine grained brown to grey colour silt stones and grey, fine to medium grained sand stone",,50,fine grained to medium grained,brown to grey,fresh to slightly weathered,1.5m,,4.0,Dry/damp,,,"Wg-Ch, Ch-Sh",Heading+Bench,1.5m,50,50,150,100,φ6/100x100,4m,SN bolt,SN-25,1.5m,1.5m,115/25/20,1.2m,,,"Pregrout crown, Forepoling 32mm dia SDA @ 350c/c, 9m long with 3m overlap",100,,100,400,-,300,46.0,45.0,,5.0,8.0,10.0,,,,,,3.0,13.0,-5.0
377,9268.0,III,B3,41-60,"Wg-Ch, Ch-Sh",sandstone,,50,fine to medium grained,"grey, brown",fresh to slightly weathered,1.5m,FRIABLE,4.0,Dry / Damp,,,"Wg-Ch, Ch-Sh",Heading+Bench,1.5m,50,50,150,100,φ6/100x100,4m,SN bolt,SN-25,1.5m,1.5m,115/25/20,1.2m,,,"Pregrout crown, Forepoling 32mm dia SDA @ 350c/c, 9m long with 3m overlap",100,,100,400,-,300,46.0,55.0,,5.0,5.0,5.0,,,,,,8.0,2.0,
378,9264.0,III,B3,41-60,"Wg-Ch, Ch-Sh","grey, fine to medium grained sand stones, brown coloured fine grained silt stones and clay stones",,50,,,Fresh to slightly Weathered,1.5m,FRIABLE,4.0,Dry to damp,,,"Wg-Ch, Ch-Sh",Heading+Bench,1.5m,50,50,150,100,φ6/100x100,4m,SN bolt,SN-25,1.5m,1.5m,115/25/20,1.2m,,,"Pregrout crown, Forepoling 32mm dia SDA @ 350c/c, 9m long with 3m overlap",100,,100,400,-,300,47.0,42.0,,4.0,8.0,10.0,,,,,,,14.0,-5.0
379,9260.0,III,B3,41-60,"Wg-Ch, Ch-Sh",sandstone,,50,fine to medium grained,"grey, brown",fresh to slightly weathered,1.5m,FRIABLE,4.0,Dry / Damp,,,"Wg-Ch, Ch-Sh",Heading+Bench,1.5m,50,50,150,100,φ6/100x100,4m,SN bolt,SN-25,1.5m,1.5m,115/25/20,1.2m,,,"Pregrout crown, Forepoling 32mm dia SDA @ 350c/c, 9m long with 3m overlap",100,,100,400,-,300,47.0,45.0,41.0,5.0,8.0,10.0,,,,,,,13.0,-5.0
380,9256.0,III,B3,41-60,"Wg-Ch, Ch-Sh","grey, fine to medium grained sand stones and brown coloured fine grained silt stones and clay stones",,50,fine to medium grained,,Fresh to slightly Weathered,1.5m,FRIABLE,4.0,Dry,,,"Wg-Ch, Ch-Sh",Heading+Bench,1.5m,50,50,150,100,φ6/100x100,4m,SN bolt,SN-25,1.5m,1.5m,115/25/20,1.2m,,,"Pregrout crown, Forepoling 32mm dia SDA @ 350c/c, 9m long with 3m overlap",100,,100,400,-,300,49.0,48.0,35.0,4.0,8.0,11.0,,,,,,,15.0,-5.0
381,9252.5,III,B3,41-60,"Wg-Ch, Ch-Sh",sandstone,,50,fine grained,"grey/brown, brown",slightly weathered,1.5m,FRIABLE,4.0,Dry / Damp,,,"Wg-Ch, Ch-Sh",Heading+Bench,1.5m,50,50,150,100,φ6/100x100,4m,SN bolt,SN-25,1.5m,1.5m,115/25/20,1.2m,,,"Pregrout crown, Forepoling 32mm dia SDA @ 350c/c, 9m long with 3m overlap",100,,100,400,-,300,49.0,45.0,37.0,5.0,8.0,10.0,,,,,,,14.0,-5.0
382,9248.5,III,B3,41-60,"Wg-Ch, Ch-Sh","grey, fine to medium grained sand stones and brown coloured fine grained silt stones and clay stones",,50,,,Fresh to slightly Weathered,1.5m,FRIABLE,4.0,SW,,,"Wg-Ch, Ch-Sh",Heading+Bench,1.5m,50,50,150,100,φ6/100x100,4m,SN bolt,SN-25,1.5m,1.5m,115/25/20,1.2m,,,"Pregrout crown, Forepoling 32mm dia SDA @ 350c/c, 9m long with 3m overlap",100,,100,400,-,300,44.0,45.0,35.0,4.0,8.0,10.0,,,,,,3.0,12.0,-5.0
383,9245.0,III,B3,41-60,"Wg-Ch, Ch-Sh",sandstone,,50,fine grained,grey/brown,fresh to slightly weathered,1.5m,FRIABLE,4.0,Dry / Damp,,,"Wg-Ch, Ch-Sh",Heading+Bench,1.5m,50,50,150,100,φ6/100x100,4m,SN bolt,SN-25,1.5m,1.5m,115/25/20,1.2m,,,"Pregrout crown, Forepoling 32mm dia SDA @ 350c/c, 9m long with 3m overlap",100,,100,400,-,300,45.0,40.0,37.0,5.0,8.0,10.0,,,,,,,12.0,-5.0
384,9241.0,III,B3,41-60,"Wg-Ch, Ch-Sh",sand stones,,50,fine to medium grained,"grey, brown to grey",slightly weathered,1.5m,FRIABLE,4.0,Dry to damp,,,"Wg-Ch, Ch-Sh",Heading+Bench,1.5m,50,50,150,100,φ6/100x100,4m,SN bolt,SN-25,1.5m,1.5m,115/25/20,1.2m,,,"Pregrout crown, Forepoling 32mm dia SDA @ 350c/c, 9m long with 3m overlap",100,,100,400,-,300,52.0,52.0,,5.0,13.0,11.0,,,,,,3.0,13.0,-5.0
385,9237.5,III,B3,41-60,"Wg-Ch, Ch-Sh",Sandstone,,50,Fine grained,Grey/brown,Fresh to slightly weathered,1.5m,FRIABLE,4.0,Dry / Damp,,,"Wg-Ch, Ch-Sh",Heading+Bench,1.5m,50,50,150,100,φ6/100x100,4m,SN bolt,SN-25,1.5m,1.5m,115/25/20,1.2m,,,"Pregrout crown, Forepoling 32mm dia SDA @ 350c/c, 9m long with 3m overlap",100,,100,400,-,300,47.0,45.0,37.0,5.0,8.0,10.0,,,,,,,13.0,-5.0
386,9233.5,III,B3,41-60,"Wg-Ch, Ch-Sh",Sandstone,,50,Fine grained,Brown to grey,Fresh to slightly weathered,1.5m,FRIABLE,4.0,Dry to damp,,,"Wg-Ch, Ch-Sh",Heading+Bench,1.5m,50,50,150,100,φ6/100x100,4m,SN bolt,SN-25,1.5m,1.5m,115/25/20,1.2m,,,"Pregrout crown, Forepoling 32mm dia SDA @ 350c/c, 9m long with 3m overlap",100,,100,400,-,300,54.0,52.0,45.0,5.0,13.0,11.0,,,,,,4.0,14.0,-5.0
388,9225.5,III,B3,41-60,"Wg-Ch, Ch-Sh",fine grained silt stones,,50,fine grained,brown to grey,fresh to slightly weathered,1.5m,FRIABLE,4.0,Dry to damp,,,"Wg-Ch, Ch-Sh",Heading+Bench,1.5m,50,50,150,100,φ6/100x100,4m,SN bolt,SN-25,1.5m,1.5m,115/25/20,1.2m,,,"Pregrout crown, Forepoling 32mm dia SDA @ 350c/c, 9m long with 3m overlap",100,,100,400,-,300,50.0,52.0,35.0,5.0,13.0,10.0,,,,,,3.0,12.0,-5.0
390,9218.0,III,B3,41-60,"Wg-Ch, Ch-Sh",Siltstone,,50,Fine grained,Brown to grey / Dark grey to brown,Fresh to slightly weathered,1.5m,FRIABLE,4.0,Dry to damp,,,"Wg-Ch, Ch-Sh",Heading+Bench,1.5m,50,50,150,100,φ6/100x100,4m,SN bolt,SN-25,1.5m,1.5m,115/25/20,1.2m,,,"Pregrout crown, Forepoling 32mm dia SDA @ 350c/c, 9m long with 3m overlap",100,,100,400,-,300,52.0,52.0,,5.0,13.0,11.0,,,,,,,12.0,-5.0
391,9214.0,III,B3,41-60,"Wg-Ch, Ch-Sh",sandstone and siltstone,,50,fine grained,grey/brown,Fresh to Slightly Weathered,1.5m,FRIABLE,4.0,Dry / Damp,,,"Wg-Ch, Ch-Sh",Heading+Bench,1.5m,50,50,150,100,φ6/100x100,4m,SN bolt,SN-25,1.5m,1.5m,115/25/20,1.2m,,,"Pregrout crown, Forepoling 32mm dia SDA @ 350c/c, 9m long with 3m overlap",100,,100,400,-,300,49.0,45.0,37.0,5.0,8.0,10.0,,,,,,,14.0,-5.0
393,9206.5,III,B3,41-60,"Wg-Ch, Ch-Sh",Sandstone,,50,Fine grained,Grey/brown,Fresh to slightly weathered,1.5m,dry/damp,4.0,Dry / Damp,,,"Wg-Ch, Ch-Sh",Heading+Bench,1.5m,50,50,150,100,φ6/100x100,4m,SN bolt,SN-25,1.5m,1.5m,115/25/20,1.2m,,,"Pregrout crown, Forepoling 32mm dia SDA @ 350c/c, 9m long with 3m overlap",100,,100,400,-,300,54.0,55.0,38.0,5.0,13.0,11.0,,,,,,,13.0,-5.0
394,9202.5,III,B3,41-60,"Wg-Ch, Ch-Sh",brown to grey coloured fine grained silt stones,,50,fine grained silt stones and grey fine to medium grained sand stones,brown to grey,Fresh to slightly Weathered,1.5m,FRIABLE,4.0,Dry,,,"Wg-Ch, Ch-Sh",Heading+Bench,1.5m,50,50,150,100,φ6/100x100,4m,SN bolt,SN-25,1.5m,1.5m,115/25/20,1.2m,,,"Pregrout crown, Forepoling 32mm dia SDA @ 350c/c, 9m long with 3m overlap",100,,100,400,-,300,53.0,51.0,38.0,5.0,13.0,10.0,,,,,,,15.0,-5.0
395,9199.0,III,B3,41-60,"Wg-Ch, Ch-Sh",Sandstone,,50,Fine grained,Grey/brown,Fresh to slightly weathered,1.5m,FRIABLE,4.0,Dry / Damp,,,"Wg-Ch, Ch-Sh",Heading+Bench,1.5m,50,50,150,100,φ6/100x100,4m,SN bolt,SN-25,1.5m,1.5m,115/25/20,1.2m,,,"Pregrout crown, Forepoling 32mm dia SDA @ 350c/c, 9m long with 3m overlap",100,,100,400,-,300,53.0,55.0,38.0,6.0,13.0,10.0,,,,,,,13.0,-5.0
396,9195.0,III,B3,41-60,"Wg-Ch, Ch-Sh",brown to grey coloured fine grained silt stones,,50,fine grained,brown to grey coloured,Fresh to slightly Weathered,1.5m,FRIABLE,4.0,SW,,,"Wg-Ch, Ch-Sh",Heading+Bench,1.5m,50,50,150,100,φ6/100x100,4m,SN bolt,SN-25,1.5m,1.5m,115/25/20,1.2m,,,"Pregrout crown, Forepoling 32mm dia SDA @ 350c/c, 9m long with 3m overlap",100,,100,400,-,300,57.0,55.0,45.0,6.0,13.0,11.0,,,,,,,15.0,-5.0
397,9191.0,III,B3,41-60,"Wg-Ch, Ch-Sh",sandstone,,50,fine grained,grey/brown,fresh to slightly weathered,1.5m,FRIABLE,4.0,Dry / Damp,,,"Wg-Ch, Ch-Sh",Heading+Bench,1.5m,50,50,150,100,φ6/100x100,4m,SN bolt,SN-25,1.5m,1.5m,115/25/20,1.2m,,,"Pregrout crown, Forepoling 32mm dia SDA @ 350c/c, 9m long with 3m overlap",100,,100,400,-,300,55.0,58.0,38.0,6.0,13.0,10.0,,,,,,,14.0,-5.0
398,9187.0,III,B3,41-60,"Wg-Ch, Ch-Sh",brown to grey coloured fine grained silt stones,,50,fine grained,brown to grey coloured,Fresh to slightly Weathered,1.5m,FRIABLE,4.0,Dry/damp,,,"Wg-Ch, Ch-Sh",Heading+Bench,1.5m,50,50,150,100,φ6/100x100,4m,SN bolt,SN-25,1.5m,1.5m,115/25/20,1.2m,,,"Pregrout crown, Forepoling 32mm dia SDA @ 350c/c, 9m long with 3m overlap",100,,100,400,-,300,53.0,58.0,45.0,6.0,13.0,11.0,,,,,,,12.0,-5.0
399,9182.5,III,B3,41-60,"Wg-Ch, Ch-Sh",sandstone,,50,fine grained,grey/brown,fresh to slightly weathered,1.5m,Good,4.0,Dry / Damp,,Moderate,"Wg-Ch, Ch-Sh",Heading+Bench,1.5m,50,50,150,100,φ6/100x100,4m,SN bolt,SN-25,1.5m,1.5m,115/25/20,1.2m,,,"Pregrout crown, Forepoling 32mm dia SDA @ 350c/c, 9m long with 3m overlap",100,,100,400,-,300,53.0,58.0,45.0,6.0,13.0,11.0,,,,,,,12.0,-5.0
400,9179.0,III,B3,41-60,"Wg-Ch, Ch-Sh",Sandstone,,50,fine grained,grey/brown,Fresh to slightly weathered,1.5m,FRIABLE,4.0,Dry / Damp,,,"Wg-Ch, Ch-Sh",Heading+Bench,1.5m,50,50,150,100,φ6/100x100,4m,SN bolt,SN-25,1.5m,1.5m,115/25/20,1.2m,,,"Pregrout crown, Forepoling 32mm dia SDA @ 350c/c, 9m long with 3m overlap",100,,100,400,-,300,55.0,55.0,38.0,6.0,13.0,11.0,,,,,,,13.0,-5.0
401,9174.5,III,B3,41-60,"Wg-Ch, Ch-Sh",brown fine grained silt stones,,50,,,fresh to slightly weathered,1.5m,FRIABLE,4.0,Dry / damp,,,"Wg-Ch, Ch-Sh",Heading+Bench,1.5m,50,50,150,100,φ6/100x100,4m,SN bolt,SN-25,1.5m,1.5m,115/25/20,1.2m,,,"Pregrout crown, Forepoling 32mm dia SDA @ 350c/c, 9m long with 3m overlap",100,,100,400,-,300,54.0,53.0,45.0,5.0,13.0,11.0,,,,,,,14.0,-5.0
402,9171.0,III,B3,41-60,"Wg-Ch, Ch-Sh","grey/brown, fine grained sandstone",,50,fine grained,,fresh to slightly weathered,1.5m,FRIABLE,4.0,Dry / Damp,,,"Wg-Ch, Ch-Sh",Heading+Bench,1.5m,50,50,150,100,φ6/100x100,4m,SN bolt,SN-25,1.5m,1.5m,115/25/20,1.2m,,,"Pregrout crown, Forepoling 32mm dia SDA @ 350c/c, 9m long with 3m overlap",100,,100,400,-,300,54.0,53.0,,6.0,13.0,10.0,,,,,,,13.0,-5.0
403,9168.0,III,B3,41-60,"Wg-Ch, Ch-Sh",Siltstone,,50,fine grained,,Fresh to slightly weathered,1.5m,FRIABLE,4.0,Dry / damp,,,"Wg-Ch, Ch-Sh",Heading+Bench,1.5m,50,50,150,100,φ6/100x100,4m,SN bolt,SN-25,1.5m,1.5m,115/25/20,1.2m,,,"Pregrout crown, Forepoling 32mm dia SDA @ 350c/c, 9m long with 3m overlap",100,,100,400,-,300,47.0,48.0,37.0,5.0,8.0,10.0,,,,,,,13.0,-5.0
404,9164.0,III,B3,41-60,"Wg-Ch, Ch-Sh",sandstone,20 m,50,fine to medium grained,grey/brown,slightly weathered,1.5m,FRIABLE,4.0,Dry / Damp,,,"Wg-Ch, Ch-Sh",Heading+Bench,1.5m,50,50,150,100,φ6/100x100,4m,SN bolt,SN-25,1.5m,1.5m,115/25/20,1.2m,,,"Pregrout crown, Forepoling 32mm dia SDA @ 350c/c, 9m long with 3m overlap",100,,100,400,-,300,54.0,55.0,38.0,6.0,13.0,10.0,,,,,,,13.0,-5.0
05,10448.0,III,B3,41-60,"Wg-Ch, Ch-Sh",Sandstone,,50,medium grained,light grey,fresh to slightly weathered,1.5m,FRIABLE,3.0,Dry,,,"Wg-Ch, Ch-Sh",Heading+Bench,1.5m,50,50,150,100,φ6/100x100,4m,SN bolt,SN-25,1.5m,1.5m,115/25/20,1.2m,,,"Pregrout crown, Forepoling 32mm dia SDA @ 350c/c, 9m long with 3m overlap",100,,100,400,-,300,61.0,58.0,,7.0,13.0,13.0,,,,,,4.0,15.0,-3.0
405,9159.0,IV,C1,21-40,Sh-Rv,Sandstone,20 m,75,Fine grained,,Fresh to slightly weathered,1.0-1.2m,FRIABLE,4.0,Wet / Flowing,,,Sh-Rv,Heading+Bench,1.0-1.2m,75,50,100,100,φ6/100x100,6m,SN/SDA bolt,SN-25/SDA-32,1.5m,1.5m,115/25/20,1m,,,"Piperoofing 76mm dia SDA @ 350c/c, 12m long with 3m overlap",100,,100,400,-,250,40.0,48.0,35.0,5.0,8.0,12.0,,,,,,4.0,4.0,-5.0
406,9155.5,III,B3,41-60,"Wg-Ch, Ch-Sh",Siltstone,20 m,50,fine to medium grained,"Brown coloured siltstone and grey/brown, fine to medium grained sandstone",Fresh to slightly weathered,1.5m,FRIABLE,4.0,Damp to Wet,,,"Wg-Ch, Ch-Sh",Heading+Bench,1.5m,50,50,150,100,φ6/100x100,4m,SN bolt,SN-25,1.5m,1.5m,115/25/20,1.2m,,,"Pregrout crown, Forepoling 32mm dia SDA @ 350c/c, 9m long with 3m overlap",100,,100,400,-,300,41.0,35.0,37.0,5.0,8.0,10.0,,,,,,,9.0,-5.0
407,9151.5,III,B3,41-60,"Wg-Ch, Ch-Sh",sandstone,20 m,50,fine to medium grained,brown coloured,fresh to slightly weathered,1.5m,FRIABLE,4.0,Dry to Damp,,,"Wg-Ch, Ch-Sh",Heading+Bench,1.5m,50,50,150,100,φ6/100x100,4m,SN bolt,SN-25,1.5m,1.5m,115/25/20,1.2m,,,"Pregrout crown, Forepoling 32mm dia SDA @ 350c/c, 9m long with 3m overlap",100,,100,400,-,300,43.0,40.0,37.0,5.0,8.0,10.0,,,,,,3.0,12.0,-5.0
408,9147.5,III,B3,41-60,"Wg-Ch, Ch-Sh",sandstone,20 m,50,fine to medium grained,brown coloured,slightly weathered,1.5m,FRIABLE,4.0,Dry to Damp,,,"Wg-Ch, Ch-Sh",Heading+Bench,1.5m,50,50,150,100,φ6/100x100,4m,SN bolt,SN-25,1.5m,1.5m,115/25/20,1.2m,,,"Pregrout crown, Forepoling 32mm dia SDA @ 350c/c, 9m long with 3m overlap",100,,100,400,-,300,43.0,40.0,37.0,5.0,8.0,10.0,,,,,,,12.0,-5.0
409,9143.5,III,B3,41-60,"Wg-Ch, Ch-Sh",sandstone,20 m,50,fine to medium grained,"grey, brown to greyish",slightly weathered,1.5m,FRIABLE,4.0,dry to damp,,,"Wg-Ch, Ch-Sh",Heading+Bench,1.5m,50,50,150,100,φ6/100x100,4m,SN bolt,SN-25,1.5m,1.5m,115/25/20,1.2m,,,"Pregrout crown, Forepoling 32mm dia SDA @ 350c/c, 9m long with 3m overlap",100,,100,400,-,300,44.0,47.0,,5.0,8.0,11.0,,,,,,2.0,11.0,-5.0
410,9138.5,III,B3,41-60,"Wg-Ch, Ch-Sh",sandstone,20 m,50,interbedded,,Fresh to Slightly Weathered,1.5m,FRIABLE,4.0,Dry to Damp,,,"Wg-Ch, Ch-Sh",Heading+Bench,1.5m,50,50,150,100,φ6/100x100,4m,SN bolt,SN-25,1.5m,1.5m,115/25/20,1.2m,,,"Pregrout crown, Forepoling 32mm dia SDA @ 350c/c, 9m long with 3m overlap",100,,100,400,-,300,48.0,45.0,35.0,5.0,8.0,11.0,,,,,,3.0,14.0,-5.0
411,9134.0,III,B3,41-60,"Wg-Ch, Ch-Sh",brown fine grained silt stones,20 m,50,,,fresh to slightly weathered,1.5m,FRIABLE,4.0,Dry / Damp,,,"Wg-Ch, Ch-Sh",Heading+Bench,1.5m,50,50,150,100,φ6/100x100,4m,SN bolt,SN-25,1.5m,1.5m,115/25/20,1.2m,,,"Pregrout crown, Forepoling 32mm dia SDA @ 350c/c, 9m long with 3m overlap",100,,100,400,-,300,49.0,48.0,35.0,6.0,8.0,11.0,,,,,,,14.0,-5.0
412,9130.0,III,B3,41-60,"Wg-Ch, Ch-Sh",sandstone and siltstone,20 m,50,fine to medium grained,,Fresh to Slightly Weathered,1.5m,FRIABLE,4.0,SW,,,"Wg-Ch, Ch-Sh",Heading+Bench,1.5m,50,50,150,100,φ6/100x100,4m,SN bolt,SN-25,1.5m,1.5m,115/25/20,1.2m,,,"Pregrout crown, Forepoling 32mm dia SDA @ 350c/c, 9m long with 3m overlap",100,,100,400,-,300,53.0,53.0,37.0,6.0,13.0,12.0,,,,,,,13.0,-5.0
413,9125.5,III,B3,41-60,"Wg-Ch, Ch-Sh",brown fine grained silt stones,20 m,50,,,slightly weathered,1.5m,FRIABLE,4.0,Dry / Damp,,,"Wg-Ch, Ch-Sh",Heading+Bench,1.5m,50,50,150,100,φ6/100x100,4m,SN bolt,SN-25,1.5m,1.5m,115/25/20,1.2m,,,"Pregrout crown, Forepoling 32mm dia SDA @ 350c/c, 9m long with 3m overlap",100,,100,400,-,300,48.0,48.0,,5.0,8.0,11.0,,,,,,,14.0,-5.0
41&,9122.0,III,B3,41-60,"Wg-Ch, Ch-Sh",sandstone,20 m,50,fine to medium grained,"grey, brown to greyish",slightly weathered,1.5m,FRIABLE,4.0,dry and damp,,,"Wg-Ch, Ch-Sh",Heading+Bench,1.5m,50,50,150,100,φ6/100x100,4m,SN bolt,SN-25,1.5m,1.5m,115/25/20,1.2m,,,"Pregrout crown, Forepoling 32mm dia SDA @ 350c/c, 9m long with 3m overlap",100,,100,400,-,300,55.0,55.0,45.0,6.0,13.0,12.0,,,,,,3.0,14.0,-5.0
415,9119.0,III,B3,41-60,"Wg-Ch, Ch-Sh",brown fine grained silt stones,20 m,50,,,slightly weathered,1.5m,STABLE,4.0,Dry,,,"Wg-Ch, Ch-Sh",Heading+Bench,1.5m,50,50,150,100,φ6/100x100,4m,SN bolt,SN-25,1.5m,1.5m,115/25/20,1.2m,,,"Pregrout crown, Forepoling 32mm dia SDA @ 350c/c, 9m long with 3m overlap",100,,100,400,-,300,54.0,52.0,40.0,5.0,13.0,11.0,,,,,,3.0,15.0,-5.0
416,9115.0,III,B3,41-60,"Wg-Ch, Ch-Sh",sandstone and siltstone,20 m,50,fine to medium grained,,Fresh to Slightly Weathered,1.5m,FRIABLE,4.0,Dry to Damp,,,"Wg-Ch, Ch-Sh",Heading+Bench,1.5m,50,50,150,100,φ6/100x100,4m,SN bolt,SN-25,1.5m,1.5m,115/25/20,1.2m,,,"Pregrout crown, Forepoling 32mm dia SDA @ 350c/c, 9m long with 3m overlap",100,,100,400,-,300,53.0,52.0,37.0,5.0,13.0,11.0,,,,,,3.0,14.0,-5.0
417,9111.0,III,B3,41-60,"Wg-Ch, Ch-Sh",brown fine grained silt stones,20 m,50,,,fresh to slightly weathered,1.5m,FRIABLE,4.0,Dry,,,"Wg-Ch, Ch-Sh",Heading+Bench,1.5m,50,50,150,100,φ6/100x100,4m,SN bolt,SN-25,1.5m,1.5m,115/25/20,1.2m,,,"Pregrout crown, Forepoling 32mm dia SDA @ 350c/c, 9m long with 3m overlap",100,,100,400,-,300,55.0,52.0,42.0,6.0,13.0,11.0,,,,,,3.0,15.0,-5.0
418,9107.5,III,B3,41-60,"Wg-Ch, Ch-Sh",SANDSTONE,20 m,50,fine grained,,slight,1.5m,,4.0,Dry to damp,,,"Wg-Ch, Ch-Sh",Heading+Bench,1.5m,50,50,150,100,φ6/100x100,4m,SN bolt,SN-25,1.5m,1.5m,115/25/20,1.2m,,,"Pregrout crown, Forepoling 32mm dia SDA @ 350c/c, 9m long with 3m overlap",100,,100,400,-,300,56.0,60.0,,7.0,13.0,12.0,,,,,,,14.0,-5.0
419,9103.0,V,C2,<20,"Sh-Ch, Ch-Sh, Sh-Rv","grey, fine to medium grained sandstone",20 m,150,fine to medium grained,grey,slightly weathered,1-1.2m,,4.0,dry,,,"Sh-Ch, Ch-Sh, Sh-Rv",Heading+Bench+Invert,1-1.2m,150,50,150,100,2X φ6/100x100,6m,SDA Bolt on sidewall,32,1.5m,1.5m,,,ISHB 150,1m,"Piperoofing 76mm dia @350c/c, 12m long, 3m overlap",100,"φ22mm Fibreglass rock bolts, L=12m with overlap of 3m@2.5x2.5m",100,400,800,300,,,44.0,,,,,,,,,,,
420,9101.5,III,B3,41-60,"Wg-Ch, Ch-Sh",sandstone,20 m,50,fine to medium grained,,slight,1.5m,FRIABLE,4.0,Dry,,,"Wg-Ch, Ch-Sh",Heading+Bench,1.5m,50,50,150,100,φ6/100x100,4m,SN bolt,SN-25,1.5m,1.5m,115/25/20,1.2m,,,"Pregrout crown, Forepoling 32mm dia SDA @ 350c/c, 9m long with 3m overlap",100,,100,400,-,300,56.0,55.0,42.0,7.0,13.0,11.0,,,,,,3.0,15.0,-5.0
421,9098.0,III,B3,41-60,"Wg-Ch, Ch-Sh",sandstone,120-40 m,50,fine to medium grained,brown,slightly weathered,1.5m,FRIABLE,4.0,dry and damp,,,"Wg-Ch, Ch-Sh",Heading+Bench,1.5m,50,50,150,100,φ6/100x100,4m,SN bolt,SN-25,1.5m,1.5m,115/25/20,1.2m,,,"Pregrout crown, Forepoling 32mm dia SDA @ 350c/c, 9m long with 3m overlap",100,,100,400,-,300,54.0,53.0,40.0,6.0,13.0,12.0,,,,,,3.0,13.0,-5.0
422,9094.5,III,B3,41-60,"Wg-Ch, Ch-Sh",sandstone and claystone stratum,120-40 m,50,medium grained,,Fresh,1.5m,FRIABLE,4.0,Dry to Damp,,,"Wg-Ch, Ch-Sh",Heading+Bench,1.5m,50,50,150,100,φ6/100x100,4m,SN bolt,SN-25,1.5m,1.5m,115/25/20,1.2m,,,"Pregrout crown, Forepoling 32mm dia SDA @ 350c/c, 9m long with 3m overlap",100,,100,400,-,300,54.0,54.0,45.0,6.0,13.0,12.0,,,,,,,13.0,-5.0
423,9091.5,III,B3,41-60,"Wg-Ch, Ch-Sh",grey fine to medium grained sand stones,120-40 m,50,,,slight,1.5m,,4.0,Dry to damp,,,"Wg-Ch, Ch-Sh",Heading+Bench,1.5m,50,50,150,100,φ6/100x100,4m,SN bolt,SN-25,1.5m,1.5m,115/25/20,1.2m,,,"Pregrout crown, Forepoling 32mm dia SDA @ 350c/c, 9m long with 3m overlap",100,,100,400,-,300,54.0,52.0,40.0,6.0,13.0,11.0,,,,,,3.0,14.0,-5.0
424,9087.5,III,B3,41-60,"Wg-Ch, Ch-Sh",sandstone and claystone,120-40 m,50,very closely spaced bedding joints with thin statum,brown,Fresh to Slightly Weathered,1.5m,FRIABLE,4.0,Dry,,,"Wg-Ch, Ch-Sh",Heading+Bench,1.5m,50,50,150,100,φ6/100x100,4m,SN bolt,SN-25,1.5m,1.5m,115/25/20,1.2m,,,"Pregrout crown, Forepoling 32mm dia SDA @ 350c/c, 9m long with 3m overlap",100,,100,400,-,300,55.0,54.0,45.0,6.0,13.0,11.0,,,,,,3.0,15.0,-5.0
425,9085.0,III,B3,41-60,"Wg-Ch, Ch-Sh",Sandstone,120-40 m,50,Fine to medium grained,"Grey, Brown",Slight,1.5m,FRIABLE,4.0,Dry,,,"Wg-Ch, Ch-Sh",Heading+Bench,1.5m,50,50,150,100,φ6/100x100,4m,SN bolt,SN-25,1.5m,1.5m,115/25/20,1.2m,,,"Pregrout crown, Forepoling 32mm dia SDA @ 350c/c, 9m long with 3m overlap",100,,100,400,-,300,50.0,45.0,40.0,6.0,8.0,11.0,,,,,,2.0,15.0,-5.0
426,981.0,III,B3,41-60,"Wg-Ch, Ch-Sh","sandstone, siltstone and claystone strata",227-320 m,50,medium grained,,Fresh to Slightly Weathered,1.5m,FRIABLE,4.0,Dry,,,"Wg-Ch, Ch-Sh",Heading+Bench,1.5m,50,50,150,100,φ6/100x100,4m,SN bolt,SN-25,1.5m,1.5m,115/25/20,1.2m,,,"Pregrout crown, Forepoling 32mm dia SDA @ 350c/c, 9m long with 3m overlap",100,,100,400,-,300,50.0,45.0,38.5,5.0,8.0,11.0,,,,,,3.0,15.0,-5.0
427,9078.0,III,B3,41-60,"Wg-Ch, Ch-Sh",sandstone,120-40 m,50,fine to medium grained,"grey, brown",fresh,1.5m,FRIABLE,4.0,dry,,,"Wg-Ch, Ch-Sh",Heading+Bench,1.5m,50,50,150,100,φ6/100x100,4m,SN bolt,SN-25,1.5m,1.5m,115/25/20,1.2m,,,"Pregrout crown, Forepoling 32mm dia SDA @ 350c/c, 9m long with 3m overlap",100,,100,400,-,300,50.0,48.0,38.0,6.0,8.0,11.0,,,,,,3.0,15.0,-5.0
428,9074.5,III,B3,41-60,"Wg-Ch, Ch-Sh",sandstone,120-40 m,50,,,fresh,1.5m,,4.0,Dry,,,"Wg-Ch, Ch-Sh",Heading+Bench,1.5m,50,50,150,100,φ6/100x100,4m,SN bolt,SN-25,1.5m,1.5m,115/25/20,1.2m,,,"Pregrout crown, Forepoling 32mm dia SDA @ 350c/c, 9m long with 3m overlap",100,,100,400,-,300,52.0,48.0,45.0,6.0,8.0,11.0,,,,,,,15.0,-5.0
431,9063.5,III,B3,41-60,"Wg-Ch, Ch-Sh","grey, fine to medium grained sandstone",120-40 m,50,fine to medium grained,"grey, brown/grey",fresh,1.5m,,4.0,Dry / Damp,,,"Wg-Ch, Ch-Sh",Heading+Bench,1.5m,50,50,150,100,φ6/100x100,4m,SN bolt,SN-25,1.5m,1.5m,115/25/20,1.2m,,,"Pregrout crown, Forepoling 32mm dia SDA @ 350c/c, 9m long with 3m overlap",100,,100,400,-,300,54.0,52.0,45.0,6.0,13.0,11.0,,,,,,3.0,14.0,-5.0
432,9060.0,III,B3,41-60,"Wg-Ch, Ch-Sh",sandstone,120-40 m,50,fine to medium grained,"grey, brown/grey",fresh,1.5m,,4.0,dry but dampness,,,"Wg-Ch, Ch-Sh",Heading+Bench,1.5m,50,50,150,100,φ6/100x100,4m,SN bolt,SN-25,1.5m,1.5m,115/25/20,1.2m,,,"Pregrout crown, Forepoling 32mm dia SDA @ 350c/c, 9m long with 3m overlap",100,,100,400,-,300,54.0,52.0,,6.0,13.0,11.0,,,,,,3.0,14.0,-5.0
433,9056.5,III,B3,41-60,"Wg-Ch, Ch-Sh",grey fine to medium grained sand stones,120-40 m,50,,,slight,1.5m,FRIABLE,4.0,Dry,,,"Wg-Ch, Ch-Sh",Heading+Bench,1.5m,50,50,150,100,φ6/100x100,4m,SN bolt,SN-25,1.5m,1.5m,115/25/20,1.2m,,,"Pregrout crown, Forepoling 32mm dia SDA @ 350c/c, 9m long with 3m overlap",100,,100,400,-,300,58.0,52.0,,6.0,13.0,11.0,,,,,,,15.0,-5.0
434,9053.0,III,B3,41-60,"Wg-Ch, Ch-Sh","grey, fine to medium grained sandstone",120-40 m,50,fine to medium grained,,fresh,1.5m,,4.0,Dry,,,"Wg-Ch, Ch-Sh",Heading+Bench,1.5m,50,50,150,100,φ6/100x100,4m,SN bolt,SN-25,1.5m,1.5m,115/25/20,1.2m,,,"Pregrout crown, Forepoling 32mm dia SDA @ 350c/c, 9m long with 3m overlap",100,,100,400,-,300,55.0,55.0,,6.0,13.0,11.0,,,,,,3.0,15.0,-5.0
1411.50,9049.5,III,B3,41-60,"Wg-Ch, Ch-Sh",sandstones,120-40 m,50,fine to medium grained,,slight,1.5m,FRIABLE,4.0,Dry,,,"Wg-Ch, Ch-Sh",Heading+Bench,1.5m,50,50,150,100,φ6/100x100,4m,SN bolt,SN-25,1.5m,1.5m,115/25/20,1.2m,,,"Pregrout crown, Forepoling 32mm dia SDA @ 350c/c, 9m long with 3m overlap",100,,100,400,-,300,57.0,52.0,,6.0,13.0,11.0,,,,,,3.0,15.0,-5.0
436,9046.5,III,B3,41-60,"Wg-Ch, Ch-Sh",sandstone,120-40 m,50,fine to medium grained,"grey, fine to medium grained",predominantly fresh,1.5m,,4.0,Dry,,,"Wg-Ch, Ch-Sh",Heading+Bench,1.5m,50,50,150,100,φ6/100x100,4m,SN bolt,SN-25,1.5m,1.5m,115/25/20,1.2m,,,"Pregrout crown, Forepoling 32mm dia SDA @ 350c/c, 9m long with 3m overlap",100,,100,400,-,300,49.0,42.5,,6.0,8.0,11.0,,,,,,3.0,14.0,-5.0
437,9043.0,III,B3,41-60,"Wg-Ch, Ch-Sh",grey fine to medium grained sand stones,120-40 m,50,,,Fresh to slightly weathered,1.5m,FRIABLE,4.0,Dry,,,"Wg-Ch, Ch-Sh",Heading+Bench,1.5m,50,50,150,100,φ6/100x100,4m,SN bolt,SN-25,1.5m,1.5m,115/25/20,1.2m,,,"Pregrout crown, Forepoling 32mm dia SDA @ 350c/c, 9m long with 3m overlap",100,,100,400,-,300,54.0,45.0,,6.0,8.0,11.0,,,,,,,15.0,-5.0
438,9039.5,III,B3,41-60,"Wg-Ch, Ch-Sh",sandstones,120-40 m,50,fine to medium grained,,slight,1.5m,,4.0,Dry,,,"Wg-Ch, Ch-Sh",Heading+Bench,1.5m,50,50,150,100,φ6/100x100,4m,SN bolt,SN-25,1.5m,1.5m,115/25/20,1.2m,,,"Pregrout crown, Forepoling 32mm dia SDA @ 350c/c, 9m long with 3m overlap",100,,100,400,-,300,57.0,52.0,45.0,6.0,13.0,11.0,,,,,,3.0,15.0,-5.0
439,9036.5,III,B3,41-60,"Wg-Ch, Ch-Sh",sandstone,120-40 m,50,fine to medium grained,"grey, fine to medium grained; brown coloured",fresh,1.5m,FRIABLE,4.0,dry,,,"Wg-Ch, Ch-Sh",Heading+Bench,1.5m,50,50,150,100,φ6/100x100,4m,SN bolt,SN-25,1.5m,1.5m,115/25/20,1.2m,,,"Pregrout crown, Forepoling 32mm dia SDA @ 350c/c, 9m long with 3m overlap",100,,100,400,-,300,49.0,43.5,45.0,5.0,8.0,11.0,,,,,,3.0,15.0,-5.0
440,9032.5,III,B3,41-60,"Wg-Ch, Ch-Sh",sandstone,120-40 m,50,,,slight,1.5m,FRIABLE,4.0,Dry,,,"Wg-Ch, Ch-Sh",Heading+Bench,1.5m,50,50,150,100,φ6/100x100,4m,SN bolt,SN-25,1.5m,1.5m,115/25/20,1.2m,,,"Pregrout crown, Forepoling 32mm dia SDA @ 350c/c, 9m long with 3m overlap",100,,100,400,-,300,54.0,55.0,45.0,5.0,13.0,11.0,,,,,,3.0,15.0,-5.0
441,9029.0,III,B3,41-60,"Wg-Ch, Ch-Sh",sandstone,120-40 m,50,fine grained,"grey, fine to medium grained sandstone; brown coloured siltstone",Fresh,1.5m,FRIABLE,4.0,Dry,,,"Wg-Ch, Ch-Sh",Heading+Bench,1.5m,50,50,150,100,φ6/100x100,4m,SN bolt,SN-25,1.5m,1.5m,115/25/20,1.2m,,,"Pregrout crown, Forepoling 32mm dia SDA @ 350c/c, 9m long with 3m overlap",100,,100,400,-,300,50.0,55.0,,5.0,8.0,11.0,,,,,,4.0,15.0,-5.0
442,9025.5,III,B3,41-60,"Wg-Ch, Ch-Sh",siltstone,120-40 m,50,fine to medium grained,brown coloured,slight,1.5m,FRIABLE,4.0,Dry,,,"Wg-Ch, Ch-Sh",Heading+Bench,1.5m,50,50,150,100,φ6/100x100,4m,SN bolt,SN-25,1.5m,1.5m,115/25/20,1.2m,,,"Pregrout crown, Forepoling 32mm dia SDA @ 350c/c, 9m long with 3m overlap",100,,100,400,-,300,56.0,52.0,43.0,5.0,13.0,11.0,,,,,,,15.0,-5.0
443,9022.0,III,B3,41-60,"Wg-Ch, Ch-Sh",sandstone,120-40 m,50,fine grained,brown,slight,1.5m,FRIABLE,4.0,Dry,,,"Wg-Ch, Ch-Sh",Heading+Bench,1.5m,50,50,150,100,φ6/100x100,4m,SN bolt,SN-25,1.5m,1.5m,115/25/20,1.2m,,,"Pregrout crown, Forepoling 32mm dia SDA @ 350c/c, 9m long with 3m overlap",100,,100,400,-,300,54.0,50.5,,5.0,13.0,10.0,,,,,,,15.0,-5.0
444,9018.5,III,B3,41-60,"Wg-Ch, Ch-Sh",Siltstone,120-40 m,50,fine grained,brown coloured,slight,1.5m,FRIABLE,4.0,Dry,,,"Wg-Ch, Ch-Sh",Heading+Bench,1.5m,50,50,150,100,φ6/100x100,4m,SN bolt,SN-25,1.5m,1.5m,115/25/20,1.2m,,,"Pregrout crown, Forepoling 32mm dia SDA @ 350c/c, 9m long with 3m overlap",100,,100,400,-,300,55.0,50.5,45.0,5.0,13.0,10.0,,,,,,4.0,15.0,-5.0
01,9014.5,III,B3,41-60,"Wg-Ch, Ch-Sh",Siltstone,120-40 m,50,Fine grained,Brown and brownish grey,Fresh,1.5m,,4.0,Dry,,,"Wg-Ch, Ch-Sh",Heading+Bench,1.5m,50,50,150,100,φ6/100x100,4m,SN bolt,SN-25,1.5m,1.5m,115/25/20,1.2m,,,"Pregrout crown, Forepoling 32mm dia SDA @ 350c/c, 9m long with 3m overlap",100,,100,400,-,300,49.0,55.0,42.0,5.0,8.0,10.0,,,,,,,15.0,-5.0
446,9011.0,III,B3,41-60,"Wg-Ch, Ch-Sh",SILTSTONE,120-40 m,50,blocky,grey/brown,slight,1.5m,FRIABLE,4.0,Dry / Damp,,,"Wg-Ch, Ch-Sh",Heading+Bench,1.5m,50,50,150,100,φ6/100x100,4m,SN bolt,SN-25,1.5m,1.5m,115/25/20,1.2m,,,"Pregrout crown, Forepoling 32mm dia SDA @ 350c/c, 9m long with 3m overlap",100,,100,400,-,300,48.0,40.0,,5.0,8.0,10.0,,,,,,3.0,14.0,-5.0
447,9007.0,III,B3,41-60,"Wg-Ch, Ch-Sh",SILTSTONE,120-40 m,50,fine grained,brown and brownish grey,fresh,1.5m,,4.0,Dry,,,"Wg-Ch, Ch-Sh",Heading+Bench,1.5m,50,50,150,100,φ6/100x100,4m,SN bolt,SN-25,1.5m,1.5m,115/25/20,1.2m,,,"Pregrout crown, Forepoling 32mm dia SDA @ 350c/c, 9m long with 3m overlap",100,,100,400,-,300,52.0,50.0,52.0,5.0,13.0,11.0,,,,,,3.0,13.0,-5.0
448,9003.5,V,C2,<20,"Sh-Ch, Ch-Sh, Sh-Rv",sandstone,120-40 m,150,fine grained,grey/brown,slight,1-1.2m,FRIABLE,4.0,Dry / Damp,,,"Sh-Ch, Ch-Sh, Sh-Rv",Heading+Bench+Invert,1-1.2m,150,50,150,100,2X φ6/100x100,6m,SDA Bolt on sidewall,32,1.5m,1.5m,,,ISHB 150,1m,"Piperoofing 76mm dia @350c/c, 12m long, 3m overlap",100,"φ22mm Fibreglass rock bolts, L=12m with overlap of 3m@2.5x2.5m",100,400,800,300,49.0,40.5,45.0,5.0,8.0,10.0,,,,,,4.0,13.0,-5.0
449,9000.0,III,B3,41-60,"Wg-Ch, Ch-Sh",siltstone,120-40 m,50,bedding joints,fine grained brown and brownish grey,predominantly fresh,1.5m,,4.0,Dry / Damp,,,"Wg-Ch, Ch-Sh",Heading+Bench,1.5m,50,50,150,100,φ6/100x100,4m,SN bolt,SN-25,1.5m,1.5m,115/25/20,1.2m,,,"Pregrout crown, Forepoling 32mm dia SDA @ 350c/c, 9m long with 3m overlap",100,,100,400,-,300,53.0,52.0,,5.0,13.0,11.0,,,,,,4.0,13.0,-5.0
450,8996.0,III,B3,41-60,"Wg-Ch, Ch-Sh",Sandstone,120-40 m,50,fine grained,grey/brown,slight,1.5m,Stable,4.0,Dry / Damp,,,"Wg-Ch, Ch-Sh",Heading+Bench,1.5m,50,50,150,100,φ6/100x100,4m,SN bolt,SN-25,1.5m,1.5m,115/25/20,1.2m,,,"Pregrout crown, Forepoling 32mm dia SDA @ 350c/c, 9m long with 3m overlap",100,,100,400,-,300,52.0,40.5,45.0,6.0,8.0,11.0,,,,,,4.0,14.0,-5.0
451,8992.5,V,C2,<20,"Sh-Ch, Ch-Sh, Sh-Rv",SILTSTONE,120-40 m,150,fine grained,brown and brownish grey,Fresh,1-1.2m,FRIABLE,4.0,Dry,,,"Sh-Ch, Ch-Sh, Sh-Rv",Heading+Bench+Invert,1-1.2m,150,50,150,100,2X φ6/100x100,6m,SDA Bolt on sidewall,32,1.5m,1.5m,,,ISHB 150,1m,"Piperoofing 76mm dia @350c/c, 12m long, 3m overlap",100,"φ22mm Fibreglass rock bolts, L=12m with overlap of 3m@2.5x2.5m",100,400,800,300,51.0,42.0,48.0,6.0,8.0,11.0,,,,,,,14.0,-5.0
452,8988.5,V,C2,<20,"Sh-Ch, Ch-Sh, Sh-Rv",Siltstone and Sandstone,120-40 m,150,fine grained,"grey, brown",Fresh to Slightly Weathered,1-1.2m,FRIABLE,4.0,Dry / Damp,,,"Sh-Ch, Ch-Sh, Sh-Rv",Heading+Bench+Invert,1-1.2m,150,50,150,100,2X φ6/100x100,6m,SDA Bolt on sidewall,32,1.5m,1.5m,,,ISHB 150,1m,"Piperoofing 76mm dia @350c/c, 12m long, 3m overlap",100,"φ22mm Fibreglass rock bolts, L=12m with overlap of 3m@2.5x2.5m",100,400,800,300,54.0,52.5,45.0,6.0,13.0,10.0,,,,,,,13.0,-5.0
453,8985.0,V,C2,<20,"Sh-Ch, Ch-Sh, Sh-Rv",sandstone,120-40 m,150,fine to medium grained,grey,fresh,1-1.2m,FRIABLE,4.0,dry,,,"Sh-Ch, Ch-Sh, Sh-Rv",Heading+Bench+Invert,1-1.2m,150,50,150,100,2X φ6/100x100,6m,SDA Bolt on sidewall,32,1.5m,1.5m,,,ISHB 150,1m,"Piperoofing 76mm dia @350c/c, 12m long, 3m overlap",100,"φ22mm Fibreglass rock bolts, L=12m with overlap of 3m@2.5x2.5m",100,400,800,300,55.0,55.0,55.0,7.0,13.0,11.0,,,,,,3.0,13.0,-5.0
454,8981.5,V,C2,<20,"Sh-Ch, Ch-Sh, Sh-Rv",Sandstone,120-40 m,150,fine grained,"grey, brown coloured",slight,1-1.2m,FRIABLE,4.0,Dry / Damp,,,"Sh-Ch, Ch-Sh, Sh-Rv",Heading+Bench+Invert,1-1.2m,150,50,150,100,2X φ6/100x100,6m,SDA Bolt on sidewall,32,1.5m,1.5m,,,ISHB 150,1m,"Piperoofing 76mm dia @350c/c, 12m long, 3m overlap",100,"φ22mm Fibreglass rock bolts, L=12m with overlap of 3m@2.5x2.5m",100,400,800,300,54.0,52.5,47.0,6.0,13.0,10.0,,,,,,,13.0,-5.0
455,879.5,III,B3,41-60,"Wg-Ch, Ch-Sh",Gneiss,227-320 m,50,Fine-grained,Grey,Moderately Weathered,1.5m,Stable,3.0,Dry,,,"Wg-Ch, Ch-Sh",Heading+Bench,1.5m,50,50,150,100,φ6/100x100,4m,SN bolt,SN-25,1.5m,1.5m,115/25/20,1.2m,,,"Pregrout crown, Forepoling 32mm dia SDA @ 350c/c, 9m long with 3m overlap",100,,100,400,-,300,56.0,52.5,57.0,5.0,13.0,10.0,,,,,,15.0,-5.0,-5.0
456,8975.0,III,B3,41-60,"Wg-Ch, Ch-Sh",Siltstone and Sandstone,120-40 m,50,fine grained,"grey, brown",Fresh to Slightly Weathered,1.5m,FRIABLE,4.0,Dry / Damp,,,"Wg-Ch, Ch-Sh",Heading+Bench,1.5m,50,50,150,100,φ6/100x100,4m,SN bolt,SN-25,1.5m,1.5m,115/25/20,1.2m,,,"Pregrout crown, Forepoling 32mm dia SDA @ 350c/c, 9m long with 3m overlap",100,,100,400,-,300,57.0,50.5,47.0,7.0,13.0,10.0,,,,,,,14.0,-5.0
457,8972.0,III,B3,41-60,"Wg-Ch, Ch-Sh",Sandstone,120-40 m,50,Fine to Medium Grained,"Grey, Brownish Grey",Fresh,1.5m,Fair,4.0,Dry,,,"Wg-Ch, Ch-Sh",Heading+Bench,1.5m,50,50,150,100,φ6/100x100,4m,SN bolt,SN-25,1.5m,1.5m,115/25/20,1.2m,,,"Pregrout crown, Forepoling 32mm dia SDA @ 350c/c, 9m long with 3m overlap",100,,100,400,-,300,58.0,55.0,55.0,7.0,13.0,12.0,,,,,,,15.0,-5.0
458,8969.0,V,C2,<20,"Sh-Ch, Ch-Sh, Sh-Rv",sandstone,120-40 m,150,fine grained,grey,slight,1-1.2m,FRIABLE,4.0,Dry / Damp,,,"Sh-Ch, Ch-Sh, Sh-Rv",Heading+Bench+Invert,1-1.2m,150,50,150,100,2X φ6/100x100,6m,SDA Bolt on sidewall,32,1.5m,1.5m,,,ISHB 150,1m,"Piperoofing 76mm dia @350c/c, 12m long, 3m overlap",100,"φ22mm Fibreglass rock bolts, L=12m with overlap of 3m@2.5x2.5m",100,400,800,300,52.0,45.0,46.0,7.0,8.0,11.0,,,,,,,14.0,-5.0
459,8965.0,III,B3,41-60,"Wg-Ch, Ch-Sh",sandstone,120-40 m,50,fine to medium grained,grey,fresh,1.5m,,4.0,predominantly dry with dampness at some places,,dampness is observed at some places,"Wg-Ch, Ch-Sh",Heading+Bench,1.5m,50,50,150,100,φ6/100x100,4m,SN bolt,SN-25,1.5m,1.5m,115/25/20,1.2m,,,"Pregrout crown, Forepoling 32mm dia SDA @ 350c/c, 9m long with 3m overlap",100,,100,400,-,300,57.0,50.0,53.0,7.0,13.0,12.0,,,,,,,14.0,-5.0
460,8962.0,V,C2,<20,"Sh-Ch, Ch-Sh, Sh-Rv",sandstone,120-40 m,150,fine grained,grey,slight,1-1.2m,FRIABLE,4.0,Dry / Damp,,,"Sh-Ch, Ch-Sh, Sh-Rv",Heading+Bench+Invert,1-1.2m,150,50,150,100,2X φ6/100x100,6m,SDA Bolt on sidewall,32,1.5m,1.5m,,,ISHB 150,1m,"Piperoofing 76mm dia @350c/c, 12m long, 3m overlap",100,"φ22mm Fibreglass rock bolts, L=12m with overlap of 3m@2.5x2.5m",100,400,800,300,57.0,50.0,47.0,7.0,13.0,10.0,,,,,,4.0,14.0,-5.0
461,8957.5,III,B3,41-60,"Wg-Ch, Ch-Sh",sandstone,120-40 m,50,fine to medium grained,"grey, fine to medium grained brown",fresh,1.5m,FRIABLE,4.0,predominantly dry with dampness at some places,,,"Wg-Ch, Ch-Sh",Heading+Bench,1.5m,50,50,150,100,φ6/100x100,4m,SN bolt,SN-25,1.5m,1.5m,115/25/20,1.2m,,,"Pregrout crown, Forepoling 32mm dia SDA @ 350c/c, 9m long with 3m overlap",100,,100,400,-,300,49.0,38.0,55.0,5.0,8.0,11.0,,,,,,3.0,15.0,-5.0
462,8954.0,V,C2,<20,"Sh-Ch, Ch-Sh, Sh-Rv",sandstone,120-40 m,150,fine to medium grained,"grey, brown",fresh,1-1.2m,FRIABLE,4.0,dry with dampness at few places,,,"Sh-Ch, Ch-Sh, Sh-Rv",Heading+Bench+Invert,1-1.2m,150,50,150,100,2X φ6/100x100,6m,SDA Bolt on sidewall,32,1.5m,1.5m,,,ISHB 150,1m,"Piperoofing 76mm dia @350c/c, 12m long, 3m overlap",100,"φ22mm Fibreglass rock bolts, L=12m with overlap of 3m@2.5x2.5m",100,400,800,300,50.0,42.0,55.0,6.0,8.0,11.0,,,,,,,14.0,-5.0
1511.0,8950.0,V,C2,<20,"Sh-Ch, Ch-Sh, Sh-Rv",sandstone,120-40 m,150,fine grained,grey,slight,1-1.2m,FRIABLE,4.0,Dry,,,"Sh-Ch, Ch-Sh, Sh-Rv",Heading+Bench+Invert,1-1.2m,150,50,150,100,2X φ6/100x100,6m,SDA Bolt on sidewall,32,1.5m,1.5m,,,ISHB 150,1m,"Piperoofing 76mm dia @350c/c, 12m long, 3m overlap",100,"φ22mm Fibreglass rock bolts, L=12m with overlap of 3m@2.5x2.5m",100,400,800,300,50.0,40.5,46.0,5.0,8.0,10.0,,,,,,,15.0,-5.0
464,8945.5,III,B3,41-60,"Wg-Ch, Ch-Sh",sandstone,120-40 m,50,fine to medium grained,"grey coloured, fine to medium grained brownish grey colour",fresh,1.5m,FRIABLE,4.0,dry,,,"Wg-Ch, Ch-Sh",Heading+Bench,1.5m,50,50,150,100,φ6/100x100,4m,SN bolt,SN-25,1.5m,1.5m,115/25/20,1.2m,,,"Pregrout crown, Forepoling 32mm dia SDA @ 350c/c, 9m long with 3m overlap",100,,100,400,-,300,52.0,42.0,55.0,6.0,8.0,11.0,,,,,,3.0,15.0,-5.0
465,8942.0,III,B3,41-60,"Wg-Ch, Ch-Sh","grey, fine grained sandstone",120-40 m,50,fine grained,"grey, brown",slight,1.5m,FRIABLE,4.0,Dry / Damp,,,"Wg-Ch, Ch-Sh",Heading+Bench,1.5m,50,50,150,100,φ6/100x100,4m,SN bolt,SN-25,1.5m,1.5m,115/25/20,1.2m,,,"Pregrout crown, Forepoling 32mm dia SDA @ 350c/c, 9m long with 3m overlap",100,,100,400,-,300,49.0,35.0,46.0,5.0,8.0,10.0,,,,,,,14.0,-5.0
466,8938.5,III,B3,41-60,"Wg-Ch, Ch-Sh",sandstone and siltstone,120-40 m,50,fine grained,grey,Fresh to Slightly Weathered,1.5m,FRIABLE,4.0,Dry / Damp,,,"Wg-Ch, Ch-Sh",Heading+Bench,1.5m,50,50,150,100,φ6/100x100,4m,SN bolt,SN-25,1.5m,1.5m,115/25/20,1.2m,,,"Pregrout crown, Forepoling 32mm dia SDA @ 350c/c, 9m long with 3m overlap",100,,100,400,-,300,55.0,50.5,48.0,6.0,13.0,10.0,,,,,,,14.0,-5.0
467,8934.0,III,B3,41-60,"Wg-Ch, Ch-Sh",sandstone,120-40 m,50,fine to medium grained,grey,fresh,1.5m,FRIABLE,4.0,dry,,,"Wg-Ch, Ch-Sh",Heading+Bench,1.5m,50,50,150,100,φ6/100x100,4m,SN bolt,SN-25,1.5m,1.5m,115/25/20,1.2m,,,"Pregrout crown, Forepoling 32mm dia SDA @ 350c/c, 9m long with 3m overlap",100,,100,400,-,300,51.0,42.0,48.0,6.0,8.0,11.0,,,,,,3.0,15.0,-5.0
468,8929.5,III,B3,41-60,"Wg-Ch, Ch-Sh",Sandstone,120-40 m,50,fine grained,,slight,1.5m,FRIABLE,4.0,Dry / Damp,,,"Wg-Ch, Ch-Sh",Heading+Bench,1.5m,50,50,150,100,φ6/100x100,4m,SN bolt,SN-25,1.5m,1.5m,115/25/20,1.2m,,,"Pregrout crown, Forepoling 32mm dia SDA @ 350c/c, 9m long with 3m overlap",100,,100,400,-,300,57.0,51.5,55.0,6.0,13.0,11.0,,,,,,,14.0,-5.0
469,8926.5,V,C2,<20,"Sh-Ch, Ch-Sh, Sh-Rv",sandstone,120-40 m,150,fine grained,,slight,1-1.2m,FRIABLE,4.0,Dry / Damp,,,"Sh-Ch, Ch-Sh, Sh-Rv",Heading+Bench+Invert,1-1.2m,150,50,150,100,2X φ6/100x100,6m,SDA Bolt on sidewall,32,1.5m,1.5m,,,ISHB 150,1m,"Piperoofing 76mm dia @350c/c, 12m long, 3m overlap",100,"φ22mm Fibreglass rock bolts, L=12m with overlap of 3m@2.5x2.5m",100,400,800,300,50.0,40.5,45.0,6.0,8.0,10.0,,,,,,,14.0,-5.0
470,8923.5,III,B3,41-60,"Wg-Ch, Ch-Sh",sandstone,120-40 m,50,fine to medium grained,grey,fresh,1.5m,FRIABLE,4.0,dry,,,"Wg-Ch, Ch-Sh",Heading+Bench,1.5m,50,50,150,100,φ6/100x100,4m,SN bolt,SN-25,1.5m,1.5m,115/25/20,1.2m,,,"Pregrout crown, Forepoling 32mm dia SDA @ 350c/c, 9m long with 3m overlap",100,,100,400,-,300,51.0,42.0,46.0,6.0,8.0,11.0,,,,,,4.0,15.0,-5.0
471,8919.5,III,B3,41-60,"Wg-Ch, Ch-Sh",sandstone,190-120 m,50,fine grained,grey,slight,1.5m,FRIABLE,4.0,Dry / Damp,,,"Wg-Ch, Ch-Sh",Heading+Bench,1.5m,50,50,150,100,φ6/100x100,4m,SN bolt,SN-25,1.5m,1.5m,115/25/20,1.2m,,,"Pregrout crown, Forepoling 32mm dia SDA @ 350c/c, 9m long with 3m overlap",100,,100,400,-,300,55.0,55.0,48.0,6.0,13.0,10.0,,,,,,,14.0,-5.0
472,8916.0,III,B3,41-60,"Wg-Ch, Ch-Sh",sandstone,190-120 m,50,fine to medium grained,grey,predominantly fresh,1.5m,,4.0,Dry,,,"Wg-Ch, Ch-Sh",Heading+Bench,1.5m,50,50,150,100,φ6/100x100,4m,SN bolt,SN-25,1.5m,1.5m,115/25/20,1.2m,,,"Pregrout crown, Forepoling 32mm dia SDA @ 350c/c, 9m long with 3m overlap",100,,100,400,-,300,51.0,55.0,48.0,6.0,8.0,11.0,,,,,,,15.0,-5.0
473,8913.0,III,B3,41-60,"Wg-Ch, Ch-Sh",sandstone and siltstone,190-120 m,50,fine grained,,Fresh to Slightly Weathered,1.5m,FRIABLE,4.0,Dry / Damp,,,"Wg-Ch, Ch-Sh",Heading+Bench,1.5m,50,50,150,100,φ6/100x100,4m,SN bolt,SN-25,1.5m,1.5m,115/25/20,1.2m,,,"Pregrout crown, Forepoling 32mm dia SDA @ 350c/c, 9m long with 3m overlap",100,,100,400,-,300,50.0,40.5,46.0,6.0,8.0,10.0,,,,,,4.0,14.0,-5.0
474,8910.0,III,B3,41-60,"Wg-Ch, Ch-Sh",Sandstone,190-120 m,50,Fine to medium grained,Grey to brownish grey,Fresh,1.5m,FRIABLE,4.0,Dry,,,"Wg-Ch, Ch-Sh",Heading+Bench,1.5m,50,50,150,100,φ6/100x100,4m,SN bolt,SN-25,1.5m,1.5m,115/25/20,1.2m,,,"Pregrout crown, Forepoling 32mm dia SDA @ 350c/c, 9m long with 3m overlap",100,,100,400,-,300,52.0,55.0,47.0,6.0,8.0,11.0,,,,,,2.0,15.0,-5.0
475,8906.0,III,B1,41-60,Wg-Ch,SILTSTONE,190-120 m,30,fine grained,"grey, brown",slight,2-2.5m,FRIABLE,4.0,Dry / Damp,,,Wg-Ch,Full Face,2-2.5m,30,50,50,100,φ6/100x100,4m,SN bolt,25,2m,2.5m,,,,,,50,,,400,-,200,52.0,40.5,47.0,6.0,8.0,11.0,,,,,,,14.0,-5.0
476,8902.5,III,B3,41-60,"Wg-Ch, Ch-Sh",Sandstone,190-120 m,50,fine to medium grained,grey,Fresh to S.W.,1.5m,FRIABLE,4.0,Dry,,,"Wg-Ch, Ch-Sh",Heading+Bench,1.5m,50,50,150,100,φ6/100x100,4m,SN bolt,SN-25,1.5m,1.5m,115/25/20,1.2m,,,"Pregrout crown, Forepoling 32mm dia SDA @ 350c/c, 9m long with 3m overlap",100,,100,400,-,300,52.0,55.0,48.0,6.0,8.0,11.0,,,,,,,15.0,-5.0
477,8899.0,III,B3,41-60,"Wg-Ch, Ch-Sh",siltstone,190-120 m,50,fine grained,"grey, brown",slight,1.5m,,4.0,Dry / Damp,,,"Wg-Ch, Ch-Sh",Heading+Bench,1.5m,50,50,150,100,φ6/100x100,4m,SN bolt,SN-25,1.5m,1.5m,115/25/20,1.2m,,,"Pregrout crown, Forepoling 32mm dia SDA @ 350c/c, 9m long with 3m overlap",100,,100,400,-,300,55.0,51.5,48.0,6.0,13.0,10.0,,,,,,,14.0,-5.0
478,8895.5,III,B3,41-60,"Wg-Ch, Ch-Sh",Sandstone,190-120 m,50,Fine to medium grained,Grey,Fresh,1.5m,Stable,4.0,Dry,,Moderate,"Wg-Ch, Ch-Sh",Heading+Bench,1.5m,50,50,150,100,φ6/100x100,4m,SN bolt,SN-25,1.5m,1.5m,115/25/20,1.2m,,,"Pregrout crown, Forepoling 32mm dia SDA @ 350c/c, 9m long with 3m overlap",100,,100,400,-,300,52.0,55.0,48.0,5.0,13.0,10.0,,,,,,15.0,10.0,-5.0
479,8891.5,III,B3,41-60,"Wg-Ch, Ch-Sh",sandstone,190-120 m,50,fine grained,"grey, brown",slight,1.5m,FRIABLE,4.0,Dry / Damp,,,"Wg-Ch, Ch-Sh",Heading+Bench,1.5m,50,50,150,100,φ6/100x100,4m,SN bolt,SN-25,1.5m,1.5m,115/25/20,1.2m,,,"Pregrout crown, Forepoling 32mm dia SDA @ 350c/c, 9m long with 3m overlap",100,,100,400,-,300,52.0,40.5,47.0,6.0,8.0,11.0,,,,,,4.0,14.0,-5.0
480,8888.5,III,B3,41-60,"Wg-Ch, Ch-Sh",sandstone,190-120 m,50,"bedding joints, interbedded","grey, fine to medium grained, brown and brownish grey",fresh,1.5m,Friable,4.0,dry,,,"Wg-Ch, Ch-Sh",Heading+Bench,1.5m,50,50,150,100,φ6/100x100,4m,SN bolt,SN-25,1.5m,1.5m,115/25/20,1.2m,,,"Pregrout crown, Forepoling 32mm dia SDA @ 350c/c, 9m long with 3m overlap",100,,100,400,-,300,52.0,55.0,50.0,6.0,8.0,11.0,,,,,,4.0,15.0,-5.0
481,8885.0,III,B3,41-60,"Wg-Ch, Ch-Sh",sandstone,190-120 m,50,fine grained,"grey, brown",slight,1.5m,FRIABLE,4.0,Dry / Damp,,,"Wg-Ch, Ch-Sh",Heading+Bench,1.5m,50,50,150,100,φ6/100x100,4m,SN bolt,SN-25,1.5m,1.5m,115/25/20,1.2m,,,"Pregrout crown, Forepoling 32mm dia SDA @ 350c/c, 9m long with 3m overlap",100,,100,400,-,300,50.0,40.5,46.0,6.0,8.0,10.0,,,,,,,14.0,-5.0
482,8881.5,III,B3,41-60,"Wg-Ch, Ch-Sh",Sandstone,190-120 m,50,Fine to medium grained,"Grey, brownish grey",Fresh,1.5m,,4.0,Dry,,,"Wg-Ch, Ch-Sh",Heading+Bench,1.5m,50,50,150,100,φ6/100x100,4m,SN bolt,SN-25,1.5m,1.5m,115/25/20,1.2m,,,"Pregrout crown, Forepoling 32mm dia SDA @ 350c/c, 9m long with 3m overlap",100,,100,400,-,300,51.0,55.0,48.0,5.0,8.0,11.0,,,,,,4.0,15.0,-5.0
483,8877.5,III,B1,41-60,Wg-Ch,sandstone,190-120 m,30,fine grained,"grey, brown",slight,2-2.5m,FRIABLE,4.0,Dry / Damp,,,Wg-Ch,Full Face,2-2.5m,30,50,50,100,φ6/100x100,4m,SN bolt,25,2m,2.5m,,,,,,50,,,400,-,200,48.0,35.0,45.0,5.0,8.0,10.0,,,,,,3.0,14.0,-5.0
484,8874.0,III,B3,41-60,"Wg-Ch, Ch-Sh","brown coloured, fine grained clayey siltstones",190-120 m,50,fine grained,"brown, grey, brownish grey",fresh,1.5m,,4.0,dry,,,"Wg-Ch, Ch-Sh",Heading+Bench,1.5m,50,50,150,100,φ6/100x100,4m,SN bolt,SN-25,1.5m,1.5m,115/25/20,1.2m,,,"Pregrout crown, Forepoling 32mm dia SDA @ 350c/c, 9m long with 3m overlap",100,,100,400,-,300,50.0,50.0,45.0,5.0,8.0,10.0,,,,,,4.0,15.0,-5.0
485,8870.0,III,B1,41-60,Wg-Ch,sandstone and siltstone,190-120 m,30,fine grained,"grey, brown, clayey",Fresh to Slightly Weathered,2-2.5m,FRIABLE,4.0,Dry / Damp,,,Wg-Ch,Full Face,2-2.5m,30,50,50,100,φ6/100x100,4m,SN bolt,25,2m,2.5m,,,,,,50,,,400,-,200,48.0,35.0,45.0,5.0,8.0,10.0,,,,,,,14.0,-5.0
486,8866.5,III,B3,41-60,"Wg-Ch, Ch-Sh",Siltstone,190-120 m,50,fine grained,brown,slight,1.5m,FRIABLE,4.0,Dry,,,"Wg-Ch, Ch-Sh",Heading+Bench,1.5m,50,50,150,100,φ6/100x100,4m,SN bolt,SN-25,1.5m,1.5m,115/25/20,1.2m,,,"Pregrout crown, Forepoling 32mm dia SDA @ 350c/c, 9m long with 3m overlap",100,,100,400,-,300,49.0,55.0,45.0,5.0,8.0,9.0,,,,,,4.0,15.0,-5.0
487,8863.0,III,B3,41-60,"Wg-Ch, Ch-Sh",siltstone and clayey siltstone,190-120 m,50,,brown,Fresh to Slightly Weathered,1.5m,FRIABLE,4.0,Dry / Damp,,,"Wg-Ch, Ch-Sh",Heading+Bench,1.5m,50,50,150,100,φ6/100x100,4m,SN bolt,SN-25,1.5m,1.5m,115/25/20,1.2m,,,"Pregrout crown, Forepoling 32mm dia SDA @ 350c/c, 9m long with 3m overlap",100,,100,400,-,300,50.0,35.0,45.0,5.0,8.0,10.0,,,,,,,14.0,-5.0
06,10445.0,II,A2,61-80,Wg,Sandstone,,20,medium grained,light grey,Fresh,2.5-3m,After Breaking,3.0,Dry,,,Wg,Full Face,2.5-3m,20,50mm,50mm,-,-,4m,SN bolt,25,2.5m,3m,-,-,-,-,-,-,,,400,-,100,64.0,65.0,,5.0,13.0,13.0,,4.0,4.0,4.0,6.0,,15.0,
1601.5,8859.5,III,B3,41-60,"Wg-Ch, Ch-Sh",Siltstone,190-120 m,50,,Brown,Slight,1.5m,FRIABLE,4.0,Dry,,,"Wg-Ch, Ch-Sh",Heading+Bench,1.5m,50,50,150,100,φ6/100x100,4m,SN bolt,SN-25,1.5m,1.5m,115/25/20,1.2m,,,"Pregrout crown, Forepoling 32mm dia SDA @ 350c/c, 9m long with 3m overlap",100,,100,400,-,300,51.0,35.0,46.0,5.0,8.0,10.0,,,,,,,15.0,-5.0
489,8856.0,III,B3,41-60,"Wg-Ch, Ch-Sh",sandstone,190-120 m,50,fine grained,"grey, brown",slight,1.5m,FRIABLE,4.0,Dry / Damp,,,"Wg-Ch, Ch-Sh",Heading+Bench,1.5m,50,50,150,100,φ6/100x100,4m,SN bolt,SN-25,1.5m,1.5m,115/25/20,1.2m,,,"Pregrout crown, Forepoling 32mm dia SDA @ 350c/c, 9m long with 3m overlap",100,,100,400,-,300,50.0,35.0,,5.0,8.0,10.0,,,,,,,14.0,-5.0
490,8852.0,III,B3,41-60,"Wg-Ch, Ch-Sh",Siltstones,190-120 m,50,fine grained and medium grained,brown,slight,1.5m,FRIABLE,4.0,Dry,,,"Wg-Ch, Ch-Sh",Heading+Bench,1.5m,50,50,150,100,φ6/100x100,4m,SN bolt,SN-25,1.5m,1.5m,115/25/20,1.2m,,,"Pregrout crown, Forepoling 32mm dia SDA @ 350c/c, 9m long with 3m overlap",100,,100,400,-,300,50.0,55.0,,5.0,8.0,9.0,,,,,,,15.0,-5.0
491,8848.5,III,B3,41-60,"Wg-Ch, Ch-Sh",sandstone,190-120 m,50,fine grained,"grey, brown",slight,1.5m,FRIABLE,4.0,Dry / Damp,,,"Wg-Ch, Ch-Sh",Heading+Bench,1.5m,50,50,150,100,φ6/100x100,4m,SN bolt,SN-25,1.5m,1.5m,115/25/20,1.2m,,,"Pregrout crown, Forepoling 32mm dia SDA @ 350c/c, 9m long with 3m overlap",100,,100,400,-,300,52.0,40.45,47.0,6.0,8.0,11.0,,,,,,4.0,14.0,-5.0
492,8845.0,III,B1,41-60,Wg-Ch,Siltstone,190-120 m,30,fine grained,brown,slight,2-2.5m,STABLE,4.0,slightly damp,,,Wg-Ch,Full Face,2-2.5m,30,50,50,100,φ6/100x100,4m,SN bolt,25,2m,2.5m,,,,,,50,,,400,-,200,50.0,55.0,46.0,5.0,8.0,10.0,3.0,3.0,4.0,3.0,5.0,18.0,14.0,-5.0
493,8841.5,III,B3,41-60,"Wg-Ch, Ch-Sh",Sandstone,190-120 m,50,fine grained,"grey, brown",slight,1.5m,FRIABLE,4.0,Dry / Damp,,,"Wg-Ch, Ch-Sh",Heading+Bench,1.5m,50,50,150,100,φ6/100x100,4m,SN bolt,SN-25,1.5m,1.5m,115/25/20,1.2m,,,"Pregrout crown, Forepoling 32mm dia SDA @ 350c/c, 9m long with 3m overlap",100,,100,400,-,300,52.0,35.0,47.0,6.0,8.0,11.0,2.0,4.0,4.0,3.0,5.0,18.0,14.0,-5.0
494,8837.0,III,B3,41-60,"Wg-Ch, Ch-Sh",Siltstone,190-120 m,50,"Fine grained, medium to coarse grained",Brown,Slight,1.5m,FRIABLE,4.0,Dry and slightly damp,,Slightly damp,"Wg-Ch, Ch-Sh",Heading+Bench,1.5m,50,50,150,100,φ6/100x100,4m,SN bolt,SN-25,1.5m,1.5m,115/25/20,1.2m,,,"Pregrout crown, Forepoling 32mm dia SDA @ 350c/c, 9m long with 3m overlap",100,,100,400,-,300,50.0,55.0,46.0,5.0,8.0,10.0,3.0,3.0,4.0,3.0,5.0,18.0,14.0,-5.0
1628.0m,8833.0,III,B1,41-60,Wg-Ch,sandstone,190-120 m,30,fine grained,"grey, brown",slight,2-2.5m,FRIABLE,4.0,Dry / Damp,,,Wg-Ch,Full Face,2-2.5m,30,50,50,100,φ6/100x100,4m,SN bolt,25,2m,2.5m,,,,,,50,,,400,-,200,52.0,35.0,47.0,6.0,8.0,11.0,2.0,4.0,4.0,3.0,5.0,18.0,14.0,-5.0
496,8829.0,III,B1,41-60,Wg-Ch,Siltstone,190-120 m,30,fine grained and medium grained,brown,slight,2-2.5m,FRIABLE,4.0,dry,,,Wg-Ch,Full Face,2-2.5m,30,50,50,100,φ6/100x100,4m,SN bolt,25,2m,2.5m,,,,,,50,,,400,-,200,51.0,55.0,46.0,5.0,8.0,10.0,3.0,3.0,4.0,3.0,5.0,18.0,15.0,-5.0
497,8825.5,III,B3,41-60,"Wg-Ch, Ch-Sh",Siltstone,190-120 m,50,"fine grained, coarse to medium grained","brown, grey to brown",slight,1.5m,FRIABLE,4.0,Dry,,,"Wg-Ch, Ch-Sh",Heading+Bench,1.5m,50,50,150,100,φ6/100x100,4m,SN bolt,SN-25,1.5m,1.5m,115/25/20,1.2m,,,"Pregrout crown, Forepoling 32mm dia SDA @ 350c/c, 9m long with 3m overlap",100,,100,400,-,300,51.0,55.0,51.0,5.0,8.0,10.0,3.0,3.0,4.0,3.0,5.0,18.0,15.0,-5.0
498,8821.0,III,B3,41-60,"Wg-Ch, Ch-Sh",Sandstone,190-120 m,50,fine grained,"grey, brown",slight,1.5m,FRIABLE,4.0,Dry / Damp,,,"Wg-Ch, Ch-Sh",Heading+Bench,1.5m,50,50,150,100,φ6/100x100,4m,SN bolt,SN-25,1.5m,1.5m,115/25/20,1.2m,,,"Pregrout crown, Forepoling 32mm dia SDA @ 350c/c, 9m long with 3m overlap",100,,100,400,-,300,50.0,35.0,45.0,5.0,8.0,10.0,2.0,4.0,4.0,3.0,5.0,18.0,14.0,-5.0
499,8817.5,III,B3,41-60,"Wg-Ch, Ch-Sh",Siltstone,190-120 m,50,"fine grained, coarse to medium grained","brown, grey to brown",slight,1.5m,Stable,4.0,Dry,0.0,,"Wg-Ch, Ch-Sh",Heading+Bench,1.5m,50,50,150,100,φ6/100x100,4m,SN bolt,SN-25,1.5m,1.5m,115/25/20,1.2m,,,"Pregrout crown, Forepoling 32mm dia SDA @ 350c/c, 9m long with 3m overlap",100,,100,400,-,300,51.0,55.0,51.0,5.0,13.0,10.0,15.0,10.0,10.0,10.0,10.0,55.0,15.0,-5.0
500,8814.0,III,B3,41-60,"Wg-Ch, Ch-Sh",Siltstone,190-120 m,50,,brown,Fresh to Slightly Weathered,1.5m,FRIABLE,4.0,Dry / Damp,,,"Wg-Ch, Ch-Sh",Heading+Bench,1.5m,50,50,150,100,φ6/100x100,4m,SN bolt,SN-25,1.5m,1.5m,115/25/20,1.2m,,,"Pregrout crown, Forepoling 32mm dia SDA @ 350c/c, 9m long with 3m overlap",100,,100,400,-,300,49.0,35.5,45.0,5.0,8.0,10.0,2.0,3.0,4.0,3.0,5.0,17.0,14.0,-5.0
501,8810.0,III,B3,41-60,"Wg-Ch, Ch-Sh",Siltstone,190-120 m,50,fine grained,brown,slight,1.5m,STABLE,4.0,Dry,,,"Wg-Ch, Ch-Sh",Heading+Bench,1.5m,50,50,150,100,φ6/100x100,4m,SN bolt,SN-25,1.5m,1.5m,115/25/20,1.2m,,,"Pregrout crown, Forepoling 32mm dia SDA @ 350c/c, 9m long with 3m overlap",100,,100,400,-,300,51.0,55.0,46.0,5.0,8.0,10.0,3.0,3.0,4.0,3.0,5.0,18.0,15.0,-5.0
502,8806.5,III,B1,41-60,Wg-Ch,Siltstone,190-120 m,30,Fine grained,Brown coloured,Slight,2-2.5m,FRIABLE,4.0,Dry / Damp,,,Wg-Ch,Full Face,2-2.5m,30,50,50,100,φ6/100x100,4m,SN bolt,25,2m,2.5m,,,,,,50,,,400,-,200,50.0,35.0,45.0,5.0,8.0,10.0,2.0,4.0,4.0,3.0,5.0,18.0,14.0,-5.0
503,8803.5,III,B3,41-60,"Wg-Ch, Ch-Sh",Siltstone,190-120 m,50,"fine grained, coarse to medium grained","brown, grey to brown",slight,1.5m,STABLE,4.0,Dry,,,"Wg-Ch, Ch-Sh",Heading+Bench,1.5m,50,50,150,100,φ6/100x100,4m,SN bolt,SN-25,1.5m,1.5m,115/25/20,1.2m,,,"Pregrout crown, Forepoling 32mm dia SDA @ 350c/c, 9m long with 3m overlap",100,,100,400,-,300,51.0,55.0,46.0,5.0,8.0,10.0,3.0,3.0,4.0,3.0,5.0,18.0,15.0,-5.0
504,8800.0,III,B3,41-60,"Wg-Ch, Ch-Sh",SILTSTONE,190-120 m,50,fine grained,brown coloured,slight,1.5m,Friable,4.0,Dry / Damp,,,"Wg-Ch, Ch-Sh",Heading+Bench,1.5m,50,50,150,100,φ6/100x100,4m,SN bolt,SN-25,1.5m,1.5m,115/25/20,1.2m,,,"Pregrout crown, Forepoling 32mm dia SDA @ 350c/c, 9m long with 3m overlap",100,,100,400,-,300,51.0,40.5,46.0,6.0,8.0,10.0,2.0,4.0,4.0,3.0,5.0,18.0,14.0,-5.0
505,8796.5,III,B3,41-60,"Wg-Ch, Ch-Sh",Siltstone,190-120 m,50,"fine grained, medium grained, coarse to medium grained","brown, grey to brown",slight,1.5m,FRIABLE,4.0,Dry,,,"Wg-Ch, Ch-Sh",Heading+Bench,1.5m,50,50,150,100,φ6/100x100,4m,SN bolt,SN-25,1.5m,1.5m,115/25/20,1.2m,,,"Pregrout crown, Forepoling 32mm dia SDA @ 350c/c, 9m long with 3m overlap",100,,100,400,-,300,51.0,55.0,46.0,5.0,8.0,10.0,3.0,3.0,4.0,3.0,5.0,18.0,15.0,-5.0
506,8793.0,III,B3,41-60,"Wg-Ch, Ch-Sh",Siltstone,190-120 m,50,fine grained,brown,slight,1.5m,STABLE,4.0,dry,,,"Wg-Ch, Ch-Sh",Heading+Bench,1.5m,50,50,150,100,φ6/100x100,4m,SN bolt,SN-25,1.5m,1.5m,115/25/20,1.2m,,,"Pregrout crown, Forepoling 32mm dia SDA @ 350c/c, 9m long with 3m overlap",100,,100,400,-,300,51.0,55.0,46.0,5.0,8.0,10.0,3.0,3.0,4.0,3.0,5.0,18.0,15.0,-5.0
50,8789.5,III,B3,41-60,"Wg-Ch, Ch-Sh",SANDSTONE,190-120 m,50,coarse to medium grained / fine grained,grey to brown / brown,Fresh,1.5m,STABLE,4.0,Dry,,,"Wg-Ch, Ch-Sh",Heading+Bench,1.5m,50,50,150,100,φ6/100x100,4m,SN bolt,SN-25,1.5m,1.5m,115/25/20,1.2m,,,"Pregrout crown, Forepoling 32mm dia SDA @ 350c/c, 9m long with 3m overlap",100,,100,400,-,300,51.0,55.0,51.0,5.0,8.0,10.0,3.0,3.0,4.0,3.0,5.0,18.0,15.0,-5.0
508,8786.0,III,B3,41-60,"Wg-Ch, Ch-Sh",Sandstone,190-120 m,50,coarse to medium grained,grey to brown,slight,1.5m,STABLE,4.0,dry,,,"Wg-Ch, Ch-Sh",Heading+Bench,1.5m,50,50,150,100,φ6/100x100,4m,SN bolt,SN-25,1.5m,1.5m,115/25/20,1.2m,,,"Pregrout crown, Forepoling 32mm dia SDA @ 350c/c, 9m long with 3m overlap",100,,100,400,-,300,50.0,55.0,46.0,5.0,8.0,10.0,,3.0,4.0,3.0,5.0,,14.0,-5.0
509,8782.5,III,B3,41-60,"Wg-Ch, Ch-Sh",sandstone,190-120 m,50,fine grained,"grey/brown, brown",slight,1.5m,FRIABLE,4.0,Dry / Damp,,,"Wg-Ch, Ch-Sh",Heading+Bench,1.5m,50,50,150,100,φ6/100x100,4m,SN bolt,SN-25,1.5m,1.5m,115/25/20,1.2m,,,"Pregrout crown, Forepoling 32mm dia SDA @ 350c/c, 9m long with 3m overlap",100,,100,400,-,300,58.0,60.65,55.0,7.0,13.0,11.0,2.0,4.0,4.0,3.0,5.0,18.0,14.0,-5.0
510,8779.0,III,B3,41-60,"Wg-Ch, Ch-Sh",Siltstone,190-120 m,50,"coarse to medium grained, fine grained","grey, brown",slight,1.5m,Stable,4.0,dry,,slightly dripping,"Wg-Ch, Ch-Sh",Heading+Bench,1.5m,50,50,150,100,φ6/100x100,4m,SN bolt,SN-25,1.5m,1.5m,115/25/20,1.2m,,,"Pregrout crown, Forepoling 32mm dia SDA @ 350c/c, 9m long with 3m overlap",100,,100,400,-,300,50.0,55.0,51.0,6.0,8.0,10.0,3.0,3.0,4.0,3.0,5.0,18.0,13.0,-5.0
511,775.5,III,B3,41-60,"Wg-Ch, Ch-Sh",Sandstone,160-227 m,50,fine grained,"grey, brown",slight,1.5m,FRIABLE,4.0,Dry / Damp,,,"Wg-Ch, Ch-Sh",Heading+Bench,1.5m,50,50,150,100,φ6/100x100,4m,SN bolt,SN-25,1.5m,1.5m,115/25/20,1.2m,,,"Pregrout crown, Forepoling 32mm dia SDA @ 350c/c, 9m long with 3m overlap",100,,100,400,-,300,52.0,45.0,55.0,7.0,8.0,11.0,2.0,4.0,4.0,3.0,5.0,18.0,13.0,-5.0
512,8772.0,III,B3,41-60,"Wg-Ch, Ch-Sh",Sandstone,190-120 m,50,"coarse to medium grained, fine grained","grey, brown",slight,1.5m,FRIABLE,4.0,slightly damp,,,"Wg-Ch, Ch-Sh",Heading+Bench,1.5m,50,50,150,100,φ6/100x100,4m,SN bolt,SN-25,1.5m,1.5m,115/25/20,1.2m,,,"Pregrout crown, Forepoling 32mm dia SDA @ 350c/c, 9m long with 3m overlap",100,,100,400,-,300,49.0,55.0,56.0,5.0,8.0,10.0,,3.0,4.0,3.0,5.0,,13.0,-5.0
513,8768.5,III,B3,41-60,"Wg-Ch, Ch-Sh",Sandstone,190-120 m,50,fine grained,"grey, brown",slight,1.5m,FRIABLE,4.0,Dry / Damp,,,"Wg-Ch, Ch-Sh",Heading+Bench,1.5m,50,50,150,100,φ6/100x100,4m,SN bolt,SN-25,1.5m,1.5m,115/25/20,1.2m,,,"Pregrout crown, Forepoling 32mm dia SDA @ 350c/c, 9m long with 3m overlap",100,,100,400,-,300,56.0,50.5,55.0,6.0,13.0,10.0,2.0,4.0,4.0,3.0,5.0,18.0,14.0,-5.0
514,8765.0,III,B3,41-60,"Wg-Ch, Ch-Sh",Sandstone,190-120 m,50,"coarse to medium grained, fine grained","grey, brown",slight,1.5m,FRIABLE,4.0,dry,,,"Wg-Ch, Ch-Sh",Heading+Bench,1.5m,50,50,150,100,φ6/100x100,4m,SN bolt,SN-25,1.5m,1.5m,115/25/20,1.2m,,,"Pregrout crown, Forepoling 32mm dia SDA @ 350c/c, 9m long with 3m overlap",100,,100,400,-,300,51.0,55.0,46.0,5.0,8.0,10.0,3.0,3.0,4.0,3.0,5.0,18.0,15.0,-5.0
1699.0,8762.0,III,B3,41-60,"Wg-Ch, Ch-Sh",Siltstone and Sandstone,190-120 m,50,fine grained,"grey, brown",Fresh to Slightly Weathered,1.5m,FRIABLE,4.0,Dry / Damp,,,"Wg-Ch, Ch-Sh",Heading+Bench,1.5m,50,50,150,100,φ6/100x100,4m,SN bolt,SN-25,1.5m,1.5m,115/25/20,1.2m,,,"Pregrout crown, Forepoling 32mm dia SDA @ 350c/c, 9m long with 3m overlap",100,,100,400,-,300,50.0,40.0,45.0,6.0,8.0,10.0,2.0,3.0,4.0,3.0,5.0,17.0,14.0,-5.0
1702.0,8759.0,III,B3,41-60,"Wg-Ch, Ch-Sh",Siltstones,190-120 m,50,fine grained,brown,slight,1.5m,,4.0,Damp,,,"Wg-Ch, Ch-Sh",Heading+Bench,1.5m,50,50,150,100,φ6/100x100,4m,SN bolt,SN-25,1.5m,1.5m,115/25/20,1.2m,,,"Pregrout crown, Forepoling 32mm dia SDA @ 350c/c, 9m long with 3m overlap",100,,100,400,-,300,50.0,55.0,47.0,5.0,8.0,9.0,3.0,3.0,4.0,4.0,6.0,20.0,13.0,-5.0
517,8755.0,III,B3,41-60,"Wg-Ch, Ch-Sh",sandstone,190-120 m,50,fine grained,"grey, brown",slight,1.5m,FRIABLE,4.0,Dry / Damp,,,"Wg-Ch, Ch-Sh",Heading+Bench,1.5m,50,50,150,100,φ6/100x100,4m,SN bolt,SN-25,1.5m,1.5m,115/25/20,1.2m,,,"Pregrout crown, Forepoling 32mm dia SDA @ 350c/c, 9m long with 3m overlap",100,,100,400,-,300,48.0,40.0,43.0,6.0,8.0,10.0,,3.0,4.0,3.0,5.0,,12.0,-5.0
518,8752.0,III,B3,41-60,"Wg-Ch, Ch-Sh",Siltstone,190-120 m,50,fine grained and medium grained,brown,slight,1.5m,FRIABLE,4.0,Dry,,,"Wg-Ch, Ch-Sh",Heading+Bench,1.5m,50,50,150,100,φ6/100x100,4m,SN bolt,SN-25,1.5m,1.5m,115/25/20,1.2m,,,"Pregrout crown, Forepoling 32mm dia SDA @ 350c/c, 9m long with 3m overlap",100,,100,400,-,300,46.0,55.0,46.0,5.0,8.0,9.0,3.0,3.0,3.0,3.0,5.0,17.0,12.0,-5.0
519,8748.5,III,B3,41-60,"Wg-Ch, Ch-Sh",siltstone,190-120 m,50,fine grained,"grey, brown",slight,1.5m,Friable,4.0,Dry / Damp,,,"Wg-Ch, Ch-Sh",Heading+Bench,1.5m,50,50,150,100,φ6/100x100,4m,SN bolt,SN-25,1.5m,1.5m,115/25/20,1.2m,,,"Pregrout crown, Forepoling 32mm dia SDA @ 350c/c, 9m long with 3m overlap",100,,100,400,-,300,47.0,35.0,42.0,5.0,8.0,10.0,2.0,3.0,3.0,3.0,5.0,16.0,13.0,-5.0
520,8745.5,III,B3,41-60,"Wg-Ch, Ch-Sh",Siltstone,190-120 m,50,"fine grained, medium to fine grained","brown, grey to brown",slight,1.5m,FRIABLE,4.0,Dry,0.0,,"Wg-Ch, Ch-Sh",Heading+Bench,1.5m,50,50,150,100,φ6/100x100,4m,SN bolt,SN-25,1.5m,1.5m,115/25/20,1.2m,,,"Pregrout crown, Forepoling 32mm dia SDA @ 350c/c, 9m long with 3m overlap",100,,100,400,-,300,48.0,50.0,56.0,5.0,8.0,9.0,3.0,3.0,3.0,4.0,5.0,18.0,13.0,-5.0
521,8743.0,III,B3,41-60,"Wg-Ch, Ch-Sh",Siltstone,190-120 m,50,fine to medium grained,brown to grey,slight,1.5m,FRIABLE,4.0,dry,,,"Wg-Ch, Ch-Sh",Heading+Bench,1.5m,50,50,150,100,φ6/100x100,4m,SN bolt,SN-25,1.5m,1.5m,115/25/20,1.2m,,,"Pregrout crown, Forepoling 32mm dia SDA @ 350c/c, 9m long with 3m overlap",100,,100,400,-,300,49.0,55.0,46.0,5.0,8.0,10.0,3.0,3.0,3.0,3.0,5.0,17.0,14.0,-5.0
522,8739.0,III,B3,41-60,"Wg-Ch, Ch-Sh",SILTSTONE,190-120 m,50,,brown/grey,slight,1.5m,FRIABLE,4.0,Dry / Damp,,,"Wg-Ch, Ch-Sh",Heading+Bench,1.5m,50,50,150,100,φ6/100x100,4m,SN bolt,SN-25,1.5m,1.5m,115/25/20,1.2m,,,"Pregrout crown, Forepoling 32mm dia SDA @ 350c/c, 9m long with 3m overlap",100,,100,400,-,300,50.0,40.5,50.0,6.0,8.0,10.0,2.0,3.0,4.0,3.0,5.0,17.0,14.0,-5.0
523,8736.0,III,B3,41-60,"Wg-Ch, Ch-Sh",SILTSTONE,190-120 m,50,fine grained to medium grained,brown to grey to brown,slight,1.5m,FRIABLE,4.0,dry,,,"Wg-Ch, Ch-Sh",Heading+Bench,1.5m,50,50,150,100,φ6/100x100,4m,SN bolt,SN-25,1.5m,1.5m,115/25/20,1.2m,,,"Pregrout crown, Forepoling 32mm dia SDA @ 350c/c, 9m long with 3m overlap",100,,100,400,-,300,51.0,50.0,46.0,5.0,8.0,9.0,3.0,3.0,4.0,4.0,6.0,20.0,14.0,-5.0
525,8729.0,III,B3,41-60,"Wg-Ch, Ch-Sh",SILTSTONE,190-120 m,50,fine grained,brown,slight,1.5m,FRIABLE,4.0,Dry,,,"Wg-Ch, Ch-Sh",Heading+Bench,1.5m,50,50,150,100,φ6/100x100,4m,SN bolt,SN-25,1.5m,1.5m,115/25/20,1.2m,,,"Pregrout crown, Forepoling 32mm dia SDA @ 350c/c, 9m long with 3m overlap",100,,100,400,-,300,50.0,50.0,46.0,5.0,8.0,9.0,3.0,3.0,4.0,4.0,6.0,20.0,13.0,-5.0
526,724.5,III,B3,41-60,"Wg-Ch, Ch-Sh",SILTSTONE,160-227 m,50,widely spaced bedding joints,brown/grey,slight,1.5m,Friable,4.0,Dry / Damp,,,"Wg-Ch, Ch-Sh",Heading+Bench,1.5m,50,50,150,100,φ6/100x100,4m,SN bolt,SN-25,1.5m,1.5m,115/25/20,1.2m,,,"Pregrout crown, Forepoling 32mm dia SDA @ 350c/c, 9m long with 3m overlap",100,,100,400,-,300,48.0,35.0,43.0,5.0,8.0,10.0,,3.0,3.0,3.0,5.0,,14.0,-5.0
527,8720.0,III,B3,41-60,"Wg-Ch, Ch-Sh",SANDY SILTSTONE,190-120 m,50,fine grained,brown,slight,1.5m,FRIABLE,4.0,Dry,,minor dripping water,"Wg-Ch, Ch-Sh",Heading+Bench,1.5m,50,50,150,100,φ6/100x100,4m,SN bolt,SN-25,1.5m,1.5m,115/25/20,1.2m,,,"Pregrout crown, Forepoling 32mm dia SDA @ 350c/c, 9m long with 3m overlap",100,,100,400,-,300,49.0,55.0,46.0,5.0,8.0,9.0,3.0,3.0,3.0,3.0,6.0,18.0,14.0,-5.0
528,8715.5,III,B3,41-60,"Wg-Ch, Ch-Sh",SILTSTONE,190-120 m,50,fine grained,brown,slight,1.5m,FRIABLE,4.0,Dry,0.0,,"Wg-Ch, Ch-Sh",Heading+Bench,1.5m,50,50,150,100,φ6/100x100,4m,SN bolt,SN-25,1.5m,1.5m,115/25/20,1.2m,,,"Pregrout crown, Forepoling 32mm dia SDA @ 350c/c, 9m long with 3m overlap",100,,100,400,-,300,48.0,55.0,45.0,5.0,8.0,9.0,3.0,3.0,3.0,3.0,5.0,17.0,14.0,-5.0
01,529.0,III,B3,41-60,"Wg-Ch, Ch-Sh",Siltstone,35-100 m,50,,brown/grey,Fresh to Slightly Weathered,1.5m,FRIABLE,4.0,Dry / Damp,,,"Wg-Ch, Ch-Sh",Heading+Bench,1.5m,50,50,150,100,φ6/100x100,4m,SN bolt,SN-25,1.5m,1.5m,115/25/20,1.2m,,,"Pregrout crown, Forepoling 32mm dia SDA @ 350c/c, 9m long with 3m overlap",100,,100,400,-,300,46.0,27.5,,4.0,8.0,9.0,2.0,3.0,3.0,3.0,5.0,16.0,14.0,-5.0
S30,8708.5,III,B3,41-60,"Wg-Ch, Ch-Sh",SANDY SILTSTONE,190-120 m,50,fine grained,brown,Fresh,1.5m,FRIABLE,4.0,Dry,,,"Wg-Ch, Ch-Sh",Heading+Bench,1.5m,50,50,150,100,φ6/100x100,4m,SN bolt,SN-25,1.5m,1.5m,115/25/20,1.2m,,,"Pregrout crown, Forepoling 32mm dia SDA @ 350c/c, 9m long with 3m overlap",100,,100,400,-,300,49.0,55.0,45.0,5.0,8.0,9.0,3.0,3.0,3.0,3.0,5.0,17.0,15.0,-5.0
531,1756.5,III,B3,41-60,"Wg-Ch, Ch-Sh",Siltstone,480-540 m,50,,brown/grey,Fresh to Slightly Weathered,1.5m,Friable,4.0,Dry / Damp,,,"Wg-Ch, Ch-Sh",Heading+Bench,1.5m,50,50,150,100,φ6/100x100,4m,SN bolt,SN-25,1.5m,1.5m,115/25/20,1.2m,,,"Pregrout crown, Forepoling 32mm dia SDA @ 350c/c, 9m long with 3m overlap",100,,100,400,-,300,47.0,30.5,43.0,4.0,8.0,10.0,,3.0,3.0,3.0,5.0,,14.0,-5.0
532,8701.0,III,B1,41-60,Wg-Ch,SILTSTONE,190-120 m,30,fine grained,brown,slight,2-2.5m,FRIABLE,4.0,dry,,slight,Wg-Ch,Full Face,2-2.5m,30,50,50,100,φ6/100x100,4m,SN bolt,25,2m,2.5m,,,,,,50,,,400,-,200,50.0,55.0,45.0,5.0,8.0,9.0,3.0,3.0,4.0,4.0,5.0,19.0,14.0,-5.0
533,8697.0,III,B3,41-60,"Wg-Ch, Ch-Sh",siltstone,190-120 m,50,,brown,slight,1.5m,,4.0,Dry / Damp,,,"Wg-Ch, Ch-Sh",Heading+Bench,1.5m,50,50,150,100,φ6/100x100,4m,SN bolt,SN-25,1.5m,1.5m,115/25/20,1.2m,,,"Pregrout crown, Forepoling 32mm dia SDA @ 350c/c, 9m long with 3m overlap",100,,100,400,-,300,50.0,32.5,45.0,5.0,8.0,10.0,2.0,4.0,4.0,3.0,5.0,18.0,14.0,-5.0
534,8693.0,III,B3,41-60,"Wg-Ch, Ch-Sh",SILTSTONE,190-120 m,50,fine grained,brown,slight,1.5m,,4.0,dry,,slight dripping,"Wg-Ch, Ch-Sh",Heading+Bench,1.5m,50,50,150,100,φ6/100x100,4m,SN bolt,SN-25,1.5m,1.5m,115/25/20,1.2m,,,"Pregrout crown, Forepoling 32mm dia SDA @ 350c/c, 9m long with 3m overlap",100,,100,400,-,300,48.0,55.0,45.0,5.0,8.0,9.0,,3.0,4.0,3.0,5.0,,13.0,-5.0
535,8689.0,III,B3,41-60,"Wg-Ch, Ch-Sh",siltstone,190-120 m,50,,brown,Fresh to Slightly Weathered,1.5m,Friable,4.0,Dry,,,"Wg-Ch, Ch-Sh",Heading+Bench,1.5m,50,50,150,100,φ6/100x100,4m,SN bolt,SN-25,1.5m,1.5m,115/25/20,1.2m,,,"Pregrout crown, Forepoling 32mm dia SDA @ 350c/c, 9m long with 3m overlap",100,,100,400,-,300,50.0,35.0,46.0,4.0,8.0,10.0,,4.0,4.0,3.0,5.0,,15.0,-5.0
536,8686.0,III,B3,41-60,"Wg-Ch, Ch-Sh",SILTSTONE,190-120 m,50,fine grained,brown,slight,1.5m,FRIABLE,4.0,slight damp,,,"Wg-Ch, Ch-Sh",Heading+Bench,1.5m,50,50,150,100,φ6/100x100,4m,SN bolt,SN-25,1.5m,1.5m,115/25/20,1.2m,,,"Pregrout crown, Forepoling 32mm dia SDA @ 350c/c, 9m long with 3m overlap",100,,100,400,-,300,50.0,55.0,45.0,5.0,8.0,9.0,3.0,4.0,4.0,3.0,5.0,19.0,14.0,-5.0
537,8682.0,III,B3,41-60,"Wg-Ch, Ch-Sh",SILTSTONE,190-120 m,50,,brown,slight,1.5m,Friable,4.0,Dry / Damp,,,"Wg-Ch, Ch-Sh",Heading+Bench,1.5m,50,50,150,100,φ6/100x100,4m,SN bolt,SN-25,1.5m,1.5m,115/25/20,1.2m,,,"Pregrout crown, Forepoling 32mm dia SDA @ 350c/c, 9m long with 3m overlap",100,,100,400,-,300,48.0,30.5,43.0,4.0,8.0,10.0,2.0,3.0,4.0,3.0,5.0,17.0,14.0,-5.0
538,8679.0,III,B3,41-60,"Wg-Ch, Ch-Sh",SILTSTONE,190-120 m,50,fine grained,brown,slight,1.5m,,4.0,dry,,,"Wg-Ch, Ch-Sh",Heading+Bench,1.5m,50,50,150,100,φ6/100x100,4m,SN bolt,SN-25,1.5m,1.5m,115/25/20,1.2m,,,"Pregrout crown, Forepoling 32mm dia SDA @ 350c/c, 9m long with 3m overlap",100,,100,400,-,300,52.0,55.0,46.0,5.0,8.0,9.0,3.0,4.0,4.0,4.0,5.0,20.0,15.0,-5.0
17855,8675.5,III,B3,41-60,"Wg-Ch, Ch-Sh",SILTSTONE,190-120 m,50,,brown,slight,1.5m,FRIABLE,4.0,Dry,,,"Wg-Ch, Ch-Sh",Heading+Bench,1.5m,50,50,150,100,φ6/100x100,4m,SN bolt,SN-25,1.5m,1.5m,115/25/20,1.2m,,,"Pregrout crown, Forepoling 32mm dia SDA @ 350c/c, 9m long with 3m overlap",100,,100,400,-,300,50.0,35.0,45.0,5.0,8.0,10.0,2.0,3.0,4.0,3.0,5.0,17.0,15.0,-5.0
540,8671.5,III,B3,41-60,"Wg-Ch, Ch-Sh",SILTSTONE,190-120 m,50,fine grained,brown,slight,1.5m,FRIABLE,4.0,dry,,,"Wg-Ch, Ch-Sh",Heading+Bench,1.5m,50,50,150,100,φ6/100x100,4m,SN bolt,SN-25,1.5m,1.5m,115/25/20,1.2m,,,"Pregrout crown, Forepoling 32mm dia SDA @ 350c/c, 9m long with 3m overlap",100,,100,400,-,300,52.0,55.0,46.0,5.0,8.0,9.0,,4.0,4.0,4.0,5.0,,15.0,-5.0
541,8668.0,III,B3,41-60,"Wg-Ch, Ch-Sh",SILTSTONE,190-120 m,50,fine grained,brown,slight,1.5m,FRIABLE,4.0,dry,,,"Wg-Ch, Ch-Sh",Heading+Bench,1.5m,50,50,150,100,φ6/100x100,4m,SN bolt,SN-25,1.5m,1.5m,115/25/20,1.2m,,,"Pregrout crown, Forepoling 32mm dia SDA @ 350c/c, 9m long with 3m overlap",100,,100,400,-,300,51.0,55.0,45.0,5.0,8.0,9.0,,3.0,4.0,4.0,5.0,,15.0,-5.0
1796,8665.0,III,B3,41-60,"Wg-Ch, Ch-Sh",siltstone,190-120 m,50,,brown,Fresh to Slightly Weathered,1.5m,FRIABLE,4.0,Dry,,,"Wg-Ch, Ch-Sh",Heading+Bench,1.5m,50,50,150,100,φ6/100x100,4m,SN bolt,SN-25,1.5m,1.5m,115/25/20,1.2m,,,"Pregrout crown, Forepoling 32mm dia SDA @ 350c/c, 9m long with 3m overlap",100,,100,400,-,300,50.0,30.5,45.0,5.0,8.0,10.0,2.0,3.0,4.0,3.0,5.0,17.0,15.0,-5.0
543,8660.5,III,B3,41-60,"Wg-Ch, Ch-Sh",SILTSTONE,190-120 m,50,fine grained,brown,slight,1.5m,FRIABLE,4.0,dry,,,"Wg-Ch, Ch-Sh",Heading+Bench,1.5m,50,50,150,100,φ6/100x100,4m,SN bolt,SN-25,1.5m,1.5m,115/25/20,1.2m,,,"Pregrout crown, Forepoling 32mm dia SDA @ 350c/c, 9m long with 3m overlap",100,,100,400,-,300,50.0,55.0,,5.0,8.0,9.0,3.0,3.0,4.0,3.0,5.0,18.0,15.0,-5.0
544,8657.5,III,B3,41-60,"Wg-Ch, Ch-Sh",SILTSTONE,190-120 m,50,fine grained,brown,slight,1.5m,FRIABLE,4.0,dry,,,"Wg-Ch, Ch-Sh",Heading+Bench,1.5m,50,50,150,100,φ6/100x100,4m,SN bolt,SN-25,1.5m,1.5m,115/25/20,1.2m,,,"Pregrout crown, Forepoling 32mm dia SDA @ 350c/c, 9m long with 3m overlap",100,,100,400,-,300,49.0,55.0,,5.0,8.0,8.0,2.0,3.0,4.0,3.0,6.0,18.0,15.0,-5.0
07,10442.0,II,A2,61-80,Wg,Sandstones,,20,fresh,light grey,fresh to slightly weathered,2.5-3m,slightly overbreaking,3.0,Dry,,,Wg,Full Face,2.5-3m,20,50,50,-,-,4m,SN bolt,25,2.5m,3m,-,-,-,-,-,-,,,400,-,100,64.0,62.0,,5.0,13.0,13.0,,4.0,4.0,4.0,6.0,,15.0,-3.0
08,10439.5,III,B3,41-60,"Wg-Ch, Ch-Sh",Sandstones,,50,"medium grained, medium strong","light grey, grey and brown",slightly weathered,1.5m,FRIABLE,3.0,Dry,,,"Wg-Ch, Ch-Sh",Heading+Bench,1.5m,50,50,150,100,φ6/100x100,4m,SN bolt,SN-25,1.5m,1.5m,115/25/20,1.2m,,,"Pregrout crown, Forepoling 32mm dia SDA @ 350c/c, 9m long with 3m overlap",100,,100,400,-,300,60.0,62.0,,13.0,2.0,11.0,,,,,,4.0,3.0,
652,8294.5,III,B3,41-60,"Wg-Ch, Ch-Sh",SILTSTONE,250-190 m,50,fine to medium grained,grey/brown,slightly weathering,1.5m,,4.0,Dry/Damp,,,"Wg-Ch, Ch-Sh",Heading+Bench,1.5m,50,50,150,100,φ6/100x100,4m,SN bolt,SN-25,1.5m,1.5m,115/25/20,1.2m,,,"Pregrout crown, Forepoling 32mm dia SDA @ 350c/c, 9m long with 3m overlap",100,,100,400,-,300,47.0,30.5,45.0,6.0,8.0,10.0,2.0,2.0,3.0,2.0,5.0,14.0,14.0,-5.0
653,8291.5,III,B3,41-60,"Wg-Ch, Ch-Sh",SANDSTONE,250-190 m,50,coarse grained,grey,slight,1.5m,FRIABLE,4.0,dry,,,"Wg-Ch, Ch-Sh",Heading+Bench,1.5m,50,50,150,100,φ6/100x100,4m,SN bolt,SN-25,1.5m,1.5m,115/25/20,1.2m,,,"Pregrout crown, Forepoling 32mm dia SDA @ 350c/c, 9m long with 3m overlap",100,,100,400,-,300,45.0,55.0,,5.0,8.0,8.0,2.0,2.0,3.0,2.0,5.0,14.0,15.0,-5.0
654,8288.5,III,B3,41-60,"Wg-Ch, Ch-Sh",SILTSTONE,250-190 m,50,fine to medium grained,grey/brown,slightly weathering,1.5m,FRIABLE,4.0,Dry/Damp,,,"Wg-Ch, Ch-Sh",Heading+Bench,1.5m,50,50,150,100,φ6/100x100,4m,SN bolt,SN-25,1.5m,1.5m,115/25/20,1.2m,,,"Pregrout crown, Forepoling 32mm dia SDA @ 350c/c, 9m long with 3m overlap",100,,100,400,-,300,47.0,30.35,45.0,5.0,8.0,10.0,2.0,3.0,3.0,2.0,5.0,15.0,14.0,-5.0
655,8285.5,III,B3,41-60,"Wg-Ch, Ch-Sh",sandstone,250-190 m,50,fine to medium grained,grey/brown,Slightly Weathered,1.5m,FRIABLE,4.0,Dry/Damp,,,"Wg-Ch, Ch-Sh",Heading+Bench,1.5m,50,50,150,100,φ6/100x100,4m,SN bolt,SN-25,1.5m,1.5m,115/25/20,1.2m,,,"Pregrout crown, Forepoling 32mm dia SDA @ 350c/c, 9m long with 3m overlap",100,,100,400,-,300,48.0,35.0,45.0,5.0,8.0,10.0,2.0,3.0,3.0,3.0,5.0,16.0,14.0,-5.0
656,8282.0,III,B3,41-60,"Wg-Ch, Ch-Sh",SILTSTONE,250-190 m,50,fine to medium grained,grey/brown,slightly weathering,1.5m,Friable,4.0,Dry/Damp,,,"Wg-Ch, Ch-Sh",Heading+Bench,1.5m,50,50,150,100,φ6/100x100,4m,SN bolt,SN-25,1.5m,1.5m,115/25/20,1.2m,,,"Pregrout crown, Forepoling 32mm dia SDA @ 350c/c, 9m long with 3m overlap",100,,100,400,-,300,46.0,35.0,45.0,5.0,8.0,10.0,2.0,2.0,3.0,2.0,5.0,14.0,14.0,-5.0
67,10243.0,IV,C1,21-40,Sh-Rv,Sandstone,,75,Fine to medium grained,Brown to grey,Fresh to slightly weathered,1.0-1.2m,FRIABLE,3.0,Damp,,,Sh-Rv,Heading+Bench,1.0-1.2m,75,50,100,100,φ6/100x100,6m,SN/SDA bolt,SN-25/SDA-32,1.5m,1.5m,115/25/20,1m,,,"Piperoofing 76mm dia SDA @ 350c/c, 12m long with 3m overlap",100,,100,400,-,250,39.0,28.0,,5.0,8.0,7.0,,,,,,2.0,11.0,-3.0
662,8259.5,III,B3,41-60,"Wg-Ch, Ch-Sh",sandstone,350-250 m,50,fine to medium grained,grey/brown,Fresh to Slightly Weathered,1.5m,FRIABLE,4.0,Dry/Damp,,,"Wg-Ch, Ch-Sh",Heading+Bench,1.5m,50,50,150,100,φ6/100x100,4m,SN bolt,SN-25,1.5m,1.5m,115/25/20,1.2m,,,"Pregrout crown, Forepoling 32mm dia SDA @ 350c/c, 9m long with 3m overlap",100,,100,400,-,300,46.0,30.5,45.0,4.0,8.0,10.0,2.0,3.0,3.0,2.0,5.0,15.0,14.0,-5.0
663,8255.5,III,B3,41-60,"Wg-Ch, Ch-Sh",SANDSTONE,350-250 m,50,"coarse grained, fine grained","grey to brown, brown coloured",slight,1.5m,FRIABLE,4.0,dry and slightly dripping,,,"Wg-Ch, Ch-Sh",Heading+Bench,1.5m,50,50,150,100,φ6/100x100,4m,SN bolt,SN-25,1.5m,1.5m,115/25/20,1.2m,,,"Pregrout crown, Forepoling 32mm dia SDA @ 350c/c, 9m long with 3m overlap",100,,100,400,-,300,46.0,55.0,45.0,5.0,8.0,9.0,2.0,3.0,3.0,3.0,5.0,16.0,13.0,-5.0
664,8251.5,III,B3,41-60,"Wg-Ch, Ch-Sh",SANDSTONE,350-250 m,50,fine to medium grained,grey/brown,slightly weathering,1.5m,,4.0,Dry/Damp,,,"Wg-Ch, Ch-Sh",Heading+Bench,1.5m,50,50,150,100,φ6/100x100,4m,SN bolt,SN-25,1.5m,1.5m,115/25/20,1.2m,,,"Pregrout crown, Forepoling 32mm dia SDA @ 350c/c, 9m long with 3m overlap",100,,100,400,-,300,46.0,35.0,45.0,5.0,8.0,10.0,2.0,3.0,3.0,2.0,5.0,15.0,13.0,-5.0
68,10239.5,III,B3,41-60,"Wg-Ch, Ch-Sh",Sandstone,,50,Fine to medium grained,Brown to grey,Fresh to slightly weathered,1.5m,FRIABLE,3.0,Dry/Damp,,,"Wg-Ch, Ch-Sh",Heading+Bench,1.5m,50,50,150,100,φ6/100x100,4m,SN bolt,SN-25,1.5m,1.5m,115/25/20,1.2m,,,"Pregrout crown, Forepoling 32mm dia SDA @ 350c/c, 9m long with 3m overlap",100,,100,400,-,300,45.0,35.0,,6.0,8.0,8.0,,,,,,2.0,13.0,-3.0
2213.0,8248.0,III,B3,41-60,"Wg-Ch, Ch-Sh",SANDSTONE,350-250 m,50,coarse grained and medium strong to very strong rock,grey to brown,slight,1.5m,FRIABLE,4.0,Dry,,slightly dripping,"Wg-Ch, Ch-Sh",Heading+Bench,1.5m,50,50,150,100,φ6/100x100,4m,SN bolt,SN-25,1.5m,1.5m,115/25/20,1.2m,,,"Pregrout crown, Forepoling 32mm dia SDA @ 350c/c, 9m long with 3m overlap",100,,100,400,-,300,46.0,55.0,45.0,5.0,8.0,9.0,2.0,3.0,3.0,2.0,5.0,15.0,14.0,-5.0
666,8244.5,III,B3,41-60,"Wg-Ch, Ch-Sh",sandstone,350-250 m,50,fine to medium grained,grey/brown,slightly weathering,1.5m,FRIABLE,4.0,Dry/Damp,,,"Wg-Ch, Ch-Sh",Heading+Bench,1.5m,50,50,150,100,φ6/100x100,4m,SN bolt,SN-25,1.5m,1.5m,115/25/20,1.2m,,,"Pregrout crown, Forepoling 32mm dia SDA @ 350c/c, 9m long with 3m overlap",100,,100,400,-,300,52.0,55.0,45.0,5.0,13.0,10.0,2.0,3.0,3.0,3.0,5.0,16.0,13.0,-5.0
667,8242.0,III,B3,41-60,"Wg-Ch, Ch-Sh",SANDSTONE,350-250 m,50,"coarse grained, fine grained",grey to brown,slight,1.5m,FRIABLE,4.0,dry,,slightly dripping,"Wg-Ch, Ch-Sh",Heading+Bench,1.5m,50,50,150,100,φ6/100x100,4m,SN bolt,SN-25,1.5m,1.5m,115/25/20,1.2m,,,"Pregrout crown, Forepoling 32mm dia SDA @ 350c/c, 9m long with 3m overlap",100,,100,400,-,300,53.0,55.0,45.0,5.0,13.0,9.0,3.0,3.0,4.0,3.0,5.0,18.0,13.0,-5.0
668,8237.5,III,B3,41-60,"Wg-Ch, Ch-Sh",sandstone,350-250 m,50,fine to medium grained,grey,slightly weathering,1.5m,FRIABLE,4.0,Dry/Damp,,,"Wg-Ch, Ch-Sh",Heading+Bench,1.5m,50,50,150,100,φ6/100x100,4m,SN bolt,SN-25,1.5m,1.5m,115/25/20,1.2m,,,"Pregrout crown, Forepoling 32mm dia SDA @ 350c/c, 9m long with 3m overlap",100,,100,400,-,300,53.0,50.5,55.0,5.0,13.0,10.0,2.0,3.0,3.0,3.0,5.0,16.0,14.0,-5.0
2226.0,8235.0,III,B3,41-60,"Wg-Ch, Ch-Sh",SANDSTONE,350-250 m,50,coarse grained and medium strong to very strong rock,grey to brown,slight,1.5m,FRIABLE,4.0,Dry,,,"Wg-Ch, Ch-Sh",Heading+Bench,1.5m,50,50,150,100,φ6/100x100,4m,SN bolt,SN-25,1.5m,1.5m,115/25/20,1.2m,,,"Pregrout crown, Forepoling 32mm dia SDA @ 350c/c, 9m long with 3m overlap",100,,100,400,-,300,56.0,55.0,55.0,6.0,13.0,9.0,3.0,3.0,3.0,3.0,6.0,18.0,15.0,-5.0
670,8232.0,III,B3,41-60,"Wg-Ch, Ch-Sh",sandstone,350-250 m,50,fine to medium grained,"grey, brown",slightly weathering,1.5m,FRIABLE,4.0,Dry/Damp,,,"Wg-Ch, Ch-Sh",Heading+Bench,1.5m,50,50,150,100,φ6/100x100,4m,SN bolt,SN-25,1.5m,1.5m,115/25/20,1.2m,,,"Pregrout crown, Forepoling 32mm dia SDA @ 350c/c, 9m long with 3m overlap",100,,100,400,-,300,55.0,55.0,55.0,7.0,13.0,11.0,2.0,3.0,3.0,2.0,5.0,15.0,14.0,-5.0
671,8229.0,III,B3,41-60,"Wg-Ch, Ch-Sh",SILTSTONE,350-250 m,50,fine grained and medium grained,brown to grey,slight,1.5m,FRIABLE,4.0,Dry,,,"Wg-Ch, Ch-Sh",Heading+Bench,1.5m,50,50,150,100,φ6/100x100,4m,SN bolt,SN-25,1.5m,1.5m,115/25/20,1.2m,,,"Pregrout crown, Forepoling 32mm dia SDA @ 350c/c, 9m long with 3m overlap",100,,100,400,-,300,57.0,55.0,,6.0,13.0,9.0,3.0,3.0,4.0,3.0,6.0,19.0,15.0,-5.0
672,8226.0,III,B3,41-60,"Wg-Ch, Ch-Sh",sandstone,350-250 m,50,fine to medium grained,"grey, brown",slightly weathering,1.5m,FRIABLE,4.0,Dry/Damp,,,"Wg-Ch, Ch-Sh",Heading+Bench,1.5m,50,50,150,100,φ6/100x100,4m,SN bolt,SN-25,1.5m,1.5m,115/25/20,1.2m,,,"Pregrout crown, Forepoling 32mm dia SDA @ 350c/c, 9m long with 3m overlap",100,,100,400,-,300,57.0,55.0,55.0,7.0,13.0,11.0,2.0,3.0,4.0,3.0,5.0,17.0,14.0,-5.0
2239.5,8221.5,III,B3,41-60,"Wg-Ch, Ch-Sh",SILTSTONE,350-250 m,50,fine grained and medium grained,brown to grey to brown,slight,1.5m,FRIABLE,4.0,dry and slightly dripping,,,"Wg-Ch, Ch-Sh",Heading+Bench,1.5m,50,50,150,100,φ6/100x100,4m,SN bolt,SN-25,1.5m,1.5m,115/25/20,1.2m,,,"Pregrout crown, Forepoling 32mm dia SDA @ 350c/c, 9m long with 3m overlap",100,,100,400,-,300,53.0,55.0,,6.0,13.0,9.0,3.0,3.0,3.0,2.0,5.0,16.0,14.0,-5.0
69,10237.0,III,B3,41-60,"Wg-Ch, Ch-Sh",Sandstone,,50,fine to medium grained,brown to grey,slightly weathered,1.5m,Stable,3.0,Dry/Damp,,No Seepage,"Wg-Ch, Ch-Sh",Heading+Bench,1.5m,50,50,150,100,φ6/100x100,4m,SN bolt,SN-25,1.5m,1.5m,115/25/20,1.2m,,,"Pregrout crown, Forepoling 32mm dia SDA @ 350c/c, 9m long with 3m overlap",100,,100,400,-,300,45.0,30.0,45.0,5.0,13.0,10.0,,,,,,15.0,0.0,-5.0
674,8217.0,III,B3,41-60,"Wg-Ch, Ch-Sh",SILTSTONE,350-250 m,50,"fine grained, coarse grained",brown to grey to brown,slight,1.5m,FRIABLE,4.0,slightly damp,,,"Wg-Ch, Ch-Sh",Heading+Bench,1.5m,50,50,150,100,φ6/100x100,4m,SN bolt,SN-25,1.5m,1.5m,115/25/20,1.2m,,,"Pregrout crown, Forepoling 32mm dia SDA @ 350c/c, 9m long with 3m overlap",100,,100,400,-,300,51.0,55.0,45.0,5.0,13.0,9.0,2.0,3.0,3.0,2.0,5.0,15.0,14.0,-5.0
01,8213.0,III,B3,41-60,"Wg-Ch, Ch-Sh",sandstone,350-250 m,50,fine to medium grained,grey,Fresh to Slightly Weathered,1.5m,Friable,4.0,Dry/Damp,,,"Wg-Ch, Ch-Sh",Heading+Bench,1.5m,50,50,150,100,φ6/100x100,4m,SN bolt,SN-25,1.5m,1.5m,115/25/20,1.2m,,,"Pregrout crown, Forepoling 32mm dia SDA @ 350c/c, 9m long with 3m overlap",100,,100,400,-,300,54.0,55.0,55.0,6.0,13.0,10.0,2.0,3.0,3.0,3.0,5.0,16.0,14.0,-5.0
676,8209.0,III,B3,41-60,"Wg-Ch, Ch-Sh",SILTSTONE,350-250 m,50,"fine grained, coarse grained","brown coloured, grey to brown colour",slight,1.5m,FRIABLE,4.0,dry,,,"Wg-Ch, Ch-Sh",Heading+Bench,1.5m,50,50,150,100,φ6/100x100,4m,SN bolt,SN-25,1.5m,1.5m,115/25/20,1.2m,,,"Pregrout crown, Forepoling 32mm dia SDA @ 350c/c, 9m long with 3m overlap",100,,100,400,-,300,49.0,55.0,,5.0,8.0,9.0,2.0,3.0,4.0,3.0,5.0,17.0,15.0,-5.0
2256.0,8205.0,III,B3,41-60,"Wg-Ch, Ch-Sh",sandstone,350-250 m,50,fine grained,grey,slightly weathering,1.5m,FRIABLE,4.0,Dry/Damp,,,"Wg-Ch, Ch-Sh",Heading+Bench,1.5m,50,50,150,100,φ6/100x100,4m,SN bolt,SN-25,1.5m,1.5m,115/25/20,1.2m,,,"Pregrout crown, Forepoling 32mm dia SDA @ 350c/c, 9m long with 3m overlap",100,,100,400,-,300,48.0,45.0,45.0,5.0,8.0,10.0,2.0,3.0,3.0,3.0,5.0,16.0,14.0,-5.0
01,8201.0,III,B3,41-60,"Wg-Ch, Ch-Sh",sandstone,350-250 m,50,fine to medium grained,"grey, brown",slightly weathering,1.5m,FRIABLE,4.0,Dry/Damp,,,"Wg-Ch, Ch-Sh",Heading+Bench,1.5m,50,50,150,100,φ6/100x100,4m,SN bolt,SN-25,1.5m,1.5m,115/25/20,1.2m,,,"Pregrout crown, Forepoling 32mm dia SDA @ 350c/c, 9m long with 3m overlap",100,,100,400,-,300,48.0,45.0,45.0,5.0,8.0,10.0,2.0,3.0,3.0,3.0,5.0,16.0,14.0,-5.0
679,8197.0,III,B3,41-60,"Wg-Ch, Ch-Sh",SILTSTONE,350-250 m,50,fine grained,brown,Fresh,1.5m,FRIABLE,4.0,Dry,,,"Wg-Ch, Ch-Sh",Heading+Bench,1.5m,50,50,150,100,φ6/100x100,4m,SN bolt,SN-25,1.5m,1.5m,115/25/20,1.2m,,,"Pregrout crown, Forepoling 32mm dia SDA @ 350c/c, 9m long with 3m overlap",100,,100,400,-,300,48.0,55.0,45.0,5.0,8.0,9.0,,3.0,3.0,3.0,5.0,,15.0,-5.0
680,8193.5,III,B3,41-60,"Wg-Ch, Ch-Sh",sandstone,350-250 m,50,fine grained,grey,slightly weathering,1.5m,FRIABLE,4.0,Dry/Damp,,,"Wg-Ch, Ch-Sh",Heading+Bench,1.5m,50,50,150,100,φ6/100x100,4m,SN bolt,SN-25,1.5m,1.5m,115/25/20,1.2m,,,"Pregrout crown, Forepoling 32mm dia SDA @ 350c/c, 9m long with 3m overlap",100,,100,400,-,300,48.0,40.0,45.0,5.0,8.0,10.0,2.0,3.0,3.0,3.0,5.0,16.0,14.0,-5.0
70,10234.0,III,B3,41-60,"Wg-Ch, Ch-Sh",Sandstone,,50,fine to medium grained,brown to grey,slightly weathered,1.5m,Friable,3.0,Dry,,,"Wg-Ch, Ch-Sh",Heading+Bench,1.5m,50,50,150,100,φ6/100x100,4m,SN bolt,SN-25,1.5m,1.5m,115/25/20,1.2m,,,"Pregrout crown, Forepoling 32mm dia SDA @ 350c/c, 9m long with 3m overlap",100,,100,400,-,300,46.0,45.0,,6.0,8.0,8.0,,,,,,2.0,15.0,-5.0
2271.5,8189.5,III,B3,41-60,"Wg-Ch, Ch-Sh",SILTSTONE,350-250 m,50,fine grained,brown,slight,1.5m,FRIABLE,4.0,Dry,,,"Wg-Ch, Ch-Sh",Heading+Bench,1.5m,50,50,150,100,φ6/100x100,4m,SN bolt,SN-25,1.5m,1.5m,115/25/20,1.2m,,,"Pregrout crown, Forepoling 32mm dia SDA @ 350c/c, 9m long with 3m overlap",100,,100,400,-,300,51.0,55.0,,5.0,8.0,9.0,3.0,4.0,4.0,3.0,5.0,19.0,15.0,-5.0
2275.50,8185.5,III,B3,41-60,"Wg-Ch, Ch-Sh",SILTSTONE,350-250 m,50,fine grained,brown,Fresh to Slightly Weathered,1.5m,FRIABLE,4.0,Dry,,dampness is noticed at places,"Wg-Ch, Ch-Sh",Heading+Bench,1.5m,50,50,150,100,φ6/100x100,4m,SN bolt,SN-25,1.5m,1.5m,115/25/20,1.2m,,,"Pregrout crown, Forepoling 32mm dia SDA @ 350c/c, 9m long with 3m overlap",100,,100,400,-,300,48.0,35.0,45.0,5.0,8.0,10.0,3.0,3.0,4.0,3.0,5.0,18.0,13.0,-5.0
683,8181.5,III,B3,41-60,"Wg-Ch, Ch-Sh",SILTSTONE,350-250 m,50,fine grained,brown,slight,1.5m,FRIABLE,4.0,Dry,,,"Wg-Ch, Ch-Sh",Heading+Bench,1.5m,50,50,150,100,φ6/100x100,4m,SN bolt,SN-25,1.5m,1.5m,115/25/20,1.2m,,,"Pregrout crown, Forepoling 32mm dia SDA @ 350c/c, 9m long with 3m overlap",100,,100,400,-,300,51.0,55.0,45.0,5.0,8.0,9.0,3.0,4.0,4.0,3.0,5.0,19.0,15.0,-5.0
684,8178.0,III,B3,41-60,"Wg-Ch, Ch-Sh",SILTSTONE,350-250 m,50,fine grained,brown,Fresh to Slightly Weathered,1.5m,FRIABLE,4.0,Dry,,,"Wg-Ch, Ch-Sh",Heading+Bench,1.5m,50,50,150,100,φ6/100x100,4m,SN bolt,SN-25,1.5m,1.5m,115/25/20,1.2m,,,"Pregrout crown, Forepoling 32mm dia SDA @ 350c/c, 9m long with 3m overlap",100,,100,400,-,300,48.0,35.0,45.0,5.0,8.0,10.0,2.0,3.0,4.0,3.0,5.0,17.0,13.0,-5.0
685,8174.0,III,B3,41-60,"Wg-Ch, Ch-Sh",SILTSTONE,350-250 m,50,fine grained,brown,slight,1.5m,FRIABLE,4.0,dry,,,"Wg-Ch, Ch-Sh",Heading+Bench,1.5m,50,50,150,100,φ6/100x100,4m,SN bolt,SN-25,1.5m,1.5m,115/25/20,1.2m,,,"Pregrout crown, Forepoling 32mm dia SDA @ 350c/c, 9m long with 3m overlap",100,,100,400,-,300,51.0,55.0,45.0,5.0,8.0,9.0,3.0,4.0,4.0,3.0,5.0,19.0,15.0,-5.0
71,10232.0,III,B3,41-60,"Wg-Ch, Ch-Sh",Sandstone,,50,fine to medium grained,brown to grey,,1.5m,,,Dry,,,"Wg-Ch, Ch-Sh",Heading+Bench,1.5m,50,50,150,100,φ6/100x100,4m,SN bolt,SN-25,1.5m,1.5m,115/25/20,1.2m,,,"Pregrout crown, Forepoling 32mm dia SDA @ 350c/c, 9m long with 3m overlap",100,,100,400,-,300,46.0,45.0,,6.0,8.0,8.0,2.0,2.0,3.0,2.0,5.0,14.0,15.0,-5.0
686,8169.5,III,B3,41-60,"Wg-Ch, Ch-Sh",SILTSTONE,350-250 m,50,fine grained,brown,Fresh,1.5m,FRIABLE,4.0,Dry,,,"Wg-Ch, Ch-Sh",Heading+Bench,1.5m,50,50,150,100,φ6/100x100,4m,SN bolt,SN-25,1.5m,1.5m,115/25/20,1.2m,,,"Pregrout crown, Forepoling 32mm dia SDA @ 350c/c, 9m long with 3m overlap",100,,100,400,-,300,49.0,35.0,45.0,5.0,8.0,9.0,2.0,3.0,4.0,3.0,5.0,17.0,15.0,-5.0
687,8165.0,III,B3,41-60,"Wg-Ch, Ch-Sh",SILTSTONE,350-250 m,50,fine grained,brown,Fresh to Slightly Weathered,1.5m,FRIABLE,4.0,Dry,,,"Wg-Ch, Ch-Sh",Heading+Bench,1.5m,50,50,150,100,φ6/100x100,4m,SN bolt,SN-25,1.5m,1.5m,115/25/20,1.2m,,,"Pregrout crown, Forepoling 32mm dia SDA @ 350c/c, 9m long with 3m overlap",100,,100,400,-,300,46.0,35.0,45.0,4.0,8.0,9.0,2.0,3.0,3.0,3.0,5.0,16.0,14.0,-5.0
2299.50,8161.5,III,B3,41-60,"Wg-Ch, Ch-Sh",Siltstone,350-250 m,50,fine grained,brown,Fresh to Slightly Weathered,1.5m,Friable,4.0,Dry,0.0,,"Wg-Ch, Ch-Sh",Heading+Bench,1.5m,50,50,150,100,φ6/100x100,4m,SN bolt,SN-25,1.5m,1.5m,115/25/20,1.2m,,,"Pregrout crown, Forepoling 32mm dia SDA @ 350c/c, 9m long with 3m overlap",100,,100,400,-,300,48.0,30.5,45.0,4.0,8.0,9.0,3.0,3.0,4.0,3.0,5.0,18.0,15.0,-5.0
2303.0,8158.0,III,B3,41-60,"Wg-Ch, Ch-Sh",SILTSTONE,350-250 m,50,fine grained,brown,slight,1.5m,FRIABLE,4.0,dry,,,"Wg-Ch, Ch-Sh",Heading+Bench,1.5m,50,50,150,100,φ6/100x100,4m,SN bolt,SN-25,1.5m,1.5m,115/25/20,1.2m,,,"Pregrout crown, Forepoling 32mm dia SDA @ 350c/c, 9m long with 3m overlap",100,,100,400,-,300,43.0,8.0,45.0,4.0,8.0,7.0,2.0,2.0,3.0,2.0,5.0,14.0,15.0,-5.0
690,8155.0,III,B3,41-60,"Wg-Ch, Ch-Sh",SILTSTONE,350-250 m,50,fine grained,brown,slight,1.5m,FRIABLE,4.0,Dry,,,"Wg-Ch, Ch-Sh",Heading+Bench,1.5m,50,50,150,100,φ6/100x100,4m,SN bolt,SN-25,1.5m,1.5m,115/25/20,1.2m,,,"Pregrout crown, Forepoling 32mm dia SDA @ 350c/c, 9m long with 3m overlap",100,,100,400,-,300,42.0,55.0,45.0,5.0,8.0,8.0,3.0,4.0,3.0,3.0,5.0,18.0,8.0,-5.0
691,8152.0,III,B3,41-60,"Wg-Ch, Ch-Sh",Siltstone,350-250 m,50,fine grained,brown,Fresh,1.5m,FRIABLE,4.0,Dry,,Seepage observed on the left upper wall,"Wg-Ch, Ch-Sh",Heading+Bench,1.5m,50,50,150,100,φ6/100x100,4m,SN bolt,SN-25,1.5m,1.5m,115/25/20,1.2m,,,"Pregrout crown, Forepoling 32mm dia SDA @ 350c/c, 9m long with 3m overlap",100,,100,400,-,300,44.0,30.5,45.0,4.0,8.0,9.0,2.0,3.0,4.0,2.0,5.0,16.0,12.0,-5.0
692,8149.0,III,B3,41-60,"Wg-Ch, Ch-Sh",SILTSTONE,350-250 m,50,fine grained,brown,slight,1.5m,FRIABLE,4.0,dry,,,"Wg-Ch, Ch-Sh",Heading+Bench,1.5m,50,50,150,100,φ6/100x100,4m,SN bolt,SN-25,1.5m,1.5m,115/25/20,1.2m,,,"Pregrout crown, Forepoling 32mm dia SDA @ 350c/c, 9m long with 3m overlap",100,,100,400,-,300,44.0,55.0,45.0,5.0,8.0,8.0,2.0,3.0,3.0,3.0,5.0,16.0,12.0,-5.0
693,8146.5,III,B3,41-60,"Wg-Ch, Ch-Sh",Siltstone,350-250 m,50,fine grained,brown,,1.5m,,4.0,Dry,,observed on the crown part,"Wg-Ch, Ch-Sh",Heading+Bench,1.5m,50,50,150,100,φ6/100x100,4m,SN bolt,SN-25,1.5m,1.5m,115/25/20,1.2m,,,"Pregrout crown, Forepoling 32mm dia SDA @ 350c/c, 9m long with 3m overlap",100,,100,400,-,300,44.0,30.5,45.0,4.0,8.0,9.0,2.0,3.0,4.0,2.0,5.0,16.0,12.0,-5.0
694,8142.5,III,B3,41-60,"Wg-Ch, Ch-Sh",SANDSTONE,350-250 m,50,"Coarse grained (sandstones), Fine grained (siltstones)","Grey (sandstones), Brown (siltstones)",Fresh to slightly weathered,1.5m,FRIABLE,4.0,Dry,0.0,,"Wg-Ch, Ch-Sh",Heading+Bench,1.5m,50,50,150,100,φ6/100x100,4m,SN bolt,SN-25,1.5m,1.5m,115/25/20,1.2m,,,"Pregrout crown, Forepoling 32mm dia SDA @ 350c/c, 9m long with 3m overlap",100,,100,400,-,300,44.0,55.0,50.0,5.0,8.0,9.0,2.0,3.0,2.0,2.0,5.0,14.0,13.0,-5.0
695,8139.0,III,B3,41-60,"Wg-Ch, Ch-Sh",SILTSTONE,350-250 m,50,fine grained,brown,Fresh,1.5m,FRIABLE,4.0,Dry,,,"Wg-Ch, Ch-Sh",Heading+Bench,1.5m,50,50,150,100,φ6/100x100,4m,SN bolt,SN-25,1.5m,1.5m,115/25/20,1.2m,,,"Pregrout crown, Forepoling 32mm dia SDA @ 350c/c, 9m long with 3m overlap",100,,100,400,-,300,46.0,30.5,50.0,5.0,8.0,9.0,2.0,3.0,3.0,3.0,5.0,16.0,13.0,-5.0
697,8132.0,III,B3,41-60,"Wg-Ch, Ch-Sh",SANDSTONE,350-250 m,50,fine grained,brown,Fresh,1.5m,Friable,4.0,dry/damp,,,"Wg-Ch, Ch-Sh",Heading+Bench,1.5m,50,50,150,100,φ6/100x100,4m,SN bolt,SN-25,1.5m,1.5m,115/25/20,1.2m,,,"Pregrout crown, Forepoling 32mm dia SDA @ 350c/c, 9m long with 3m overlap",100,,100,400,-,300,46.0,40.5,55.0,6.0,8.0,9.0,,3.0,4.0,2.0,5.0,,12.0,-5.0
698,8128.0,III,B3,41-60,"Wg-Ch, Ch-Sh",SILTSTONE,350-250 m,50,"fine grained, coarse grained","brown coloured, grey coloured",slight,1.5m,FRIABLE,4.0,predominantly dry but slightly dripping,0.0,,"Wg-Ch, Ch-Sh",Heading+Bench,1.5m,50,50,150,100,φ6/100x100,4m,SN bolt,SN-25,1.5m,1.5m,115/25/20,1.2m,,,"Pregrout crown, Forepoling 32mm dia SDA @ 350c/c, 9m long with 3m overlap",100,,100,400,-,300,45.0,55.0,55.0,5.0,8.0,9.0,2.0,3.0,3.0,2.0,5.0,15.0,13.0,-5.0
699,8125.0,III,B3,41-60,"Wg-Ch, Ch-Sh",Siltstone,350-250 m,50,fine grained,brown,Fresh to Slightly Weathered,1.5m,FRIABLE,4.0,Dry/Damp,,,"Wg-Ch, Ch-Sh",Heading+Bench,1.5m,50,50,150,100,φ6/100x100,4m,SN bolt,SN-25,1.5m,1.5m,115/25/20,1.2m,,,"Pregrout crown, Forepoling 32mm dia SDA @ 350c/c, 9m long with 3m overlap",100,,100,400,-,300,49.0,40.0,37.0,6.0,8.0,10.0,2.0,3.0,4.0,3.0,5.0,17.0,13.0,-5.0
700,8121.5,III,B3,41-60,"Wg-Ch, Ch-Sh",SILTSTONE,350-250 m,50,"fine grained, coarse grained","brown coloured, grey coloured",slight,1.5m,FRIABLE,4.0,slightly damp,,,"Wg-Ch, Ch-Sh",Heading+Bench,1.5m,50,50,150,100,φ6/100x100,4m,SN bolt,SN-25,1.5m,1.5m,115/25/20,1.2m,,,"Pregrout crown, Forepoling 32mm dia SDA @ 350c/c, 9m long with 3m overlap",100,,100,400,-,300,56.0,55.0,,5.0,13.0,10.0,3.0,3.0,4.0,3.0,5.0,18.0,14.0,-5.0
701,8118.0,III,B3,41-60,"Wg-Ch, Ch-Sh",Siltstone,350-250 m,50,fine grained,brown,Fresh to Slightly Weathered,1.5m,Friable,4.0,Dry,,dampness is observed on the left part of the face and wall,"Wg-Ch, Ch-Sh",Heading+Bench,1.5m,50,50,150,100,φ6/100x100,4m,SN bolt,SN-25,1.5m,1.5m,115/25/20,1.2m,,,"Pregrout crown, Forepoling 32mm dia SDA @ 350c/c, 9m long with 3m overlap",100,,100,400,-,300,55.0,55.0,55.0,7.0,13.0,11.0,2.0,3.0,4.0,2.0,5.0,16.0,13.0,-5.0
702,8114.5,III,B3,41-60,"Wg-Ch, Ch-Sh",SILTSTONE,350-250 m,50,"fine grained, coarse grained","brown coloured, grey coloured",Fresh,1.5m,FRIABLE,4.0,Dry,,,"Wg-Ch, Ch-Sh",Heading+Bench,1.5m,50,50,150,100,φ6/100x100,4m,SN bolt,SN-25,1.5m,1.5m,115/25/20,1.2m,,,"Pregrout crown, Forepoling 32mm dia SDA @ 350c/c, 9m long with 3m overlap",100,,100,400,-,300,56.0,55.0,,5.0,13.0,10.0,15.0,3.0,4.0,3.0,5.0,30.0,15.0,-5.0
703,8111.0,III,B3,41-60,"Wg-Ch, Ch-Sh",Siltstone,350-250 m,50,"fine grained, medium to medium grained",grey and brown,Fresh to Slightly Weathered,1.5m,Friable,4.0,Dry,,"Dampness observed on left part, slowly dripping from right wall","Wg-Ch, Ch-Sh",Heading+Bench,1.5m,50,50,150,100,φ6/100x100,4m,SN bolt,SN-25,1.5m,1.5m,115/25/20,1.2m,,,"Pregrout crown, Forepoling 32mm dia SDA @ 350c/c, 9m long with 3m overlap",100,,100,400,-,300,52.0,50.5,66.0,6.0,13.0,10.0,2.0,3.0,4.0,2.0,5.0,16.0,12.0,-5.0
704,2353.0,III,B3,41-60,"Wg-Ch, Ch-Sh",Siltstone,540-700 m,50,fine grained,grey and brown,Fresh to Slightly Weathered,1.5m,FRIABLE,4.0,Damp,,,"Wg-Ch, Ch-Sh",Heading+Bench,1.5m,50,50,150,100,φ6/100x100,4m,SN bolt,SN-25,1.5m,1.5m,115/25/20,1.2m,,,"Pregrout crown, Forepoling 32mm dia SDA @ 350c/c, 9m long with 3m overlap",100,,100,400,-,300,55.0,60.0,60.0,6.0,13.0,10.0,2.0,3.0,4.0,3.0,5.0,17.0,14.0,-5.0
705,8104.5,III,B3,41-60,"Wg-Ch, Ch-Sh",SILTSTONE,350-250 m,50,"fine grained, coarse grained","brown coloured, grey coloured",slight,1.5m,FRIABLE,4.0,Dry,,,"Wg-Ch, Ch-Sh",Heading+Bench,1.5m,50,50,150,100,φ6/100x100,4m,SN bolt,SN-25,1.5m,1.5m,115/25/20,1.2m,,,"Pregrout crown, Forepoling 32mm dia SDA @ 350c/c, 9m long with 3m overlap",100,,100,400,-,300,55.0,55.0,55.0,5.0,13.0,10.0,15.0,3.0,4.0,3.0,5.0,30.0,15.0,-5.0
706,8101.0,III,B3,41-60,"Wg-Ch, Ch-Sh",SILTSTONE,350-250 m,50,"fine grained, coarse grained","brown coloured, grey coloured",slight,1.5m,Good,4.0,dry,,,"Wg-Ch, Ch-Sh",Heading+Bench,1.5m,50,50,150,100,φ6/100x100,4m,SN bolt,SN-25,1.5m,1.5m,115/25/20,1.2m,,,"Pregrout crown, Forepoling 32mm dia SDA @ 350c/c, 9m long with 3m overlap",100,,100,400,-,300,50.0,38.0,60.0,5.0,8.0,9.0,2.0,4.0,4.0,3.0,5.0,18.0,15.0,-5.0
707,8097.0,III,B3,41-60,"Wg-Ch, Ch-Sh",SILTSTONE,350-250 m,50,fine grained,grey and greyish brown,Fresh,1.5m,FRIABLE,4.0,Dry,,,"Wg-Ch, Ch-Sh",Heading+Bench,1.5m,50,50,150,100,φ6/100x100,4m,SN bolt,SN-25,1.5m,1.5m,115/25/20,1.2m,,,"Pregrout crown, Forepoling 32mm dia SDA @ 350c/c, 9m long with 3m overlap",100,,100,400,-,300,51.0,45.5,65.0,6.0,8.0,10.0,2.0,3.0,4.0,3.0,5.0,17.0,15.0,-5.0
708,8093.5,III,B3,41-60,"Wg-Ch, Ch-Sh",SANDSTONE,350-250 m,50,"coarse grained, fine grained","grey coloured, brown coloured",slight,1.5m,,4.0,dry,,,"Wg-Ch, Ch-Sh",Heading+Bench,1.5m,50,50,150,100,φ6/100x100,4m,SN bolt,SN-25,1.5m,1.5m,115/25/20,1.2m,,,"Pregrout crown, Forepoling 32mm dia SDA @ 350c/c, 9m long with 3m overlap",100,,100,400,-,300,50.0,55.0,36.0,6.0,8.0,9.0,2.0,3.0,4.0,3.0,5.0,17.0,15.0,-5.0
709,8089.0,III,B3,41-60,"Wg-Ch, Ch-Sh",Siltstone,350-250 m,50,fine grained,grey and greyish brown,Fresh to Slightly Weathered,1.5m,Friable,4.0,Dry,,,"Wg-Ch, Ch-Sh",Heading+Bench,1.5m,50,50,150,100,φ6/100x100,4m,SN bolt,SN-25,1.5m,1.5m,115/25/20,1.2m,,,"Pregrout crown, Forepoling 32mm dia SDA @ 350c/c, 9m long with 3m overlap",100,,100,400,-,300,51.0,40.5,51.0,6.0,8.0,10.0,2.0,3.0,4.0,3.0,5.0,17.0,15.0,-5.0
710,8085.5,III,B3,41-60,"Wg-Ch, Ch-Sh",Siltstone,350-250 m,50,fine grained,grey and greyish brown,Fresh,1.5m,Friable,4.0,Dry,0.0,,"Wg-Ch, Ch-Sh",Heading+Bench,1.5m,50,50,150,100,φ6/100x100,4m,SN bolt,SN-25,1.5m,1.5m,115/25/20,1.2m,,,"Pregrout crown, Forepoling 32mm dia SDA @ 350c/c, 9m long with 3m overlap",100,,100,400,-,300,51.0,45.5,55.0,6.0,8.0,10.0,2.0,3.0,4.0,3.0,5.0,17.0,15.0,-5.0
711,8082.5,III,B3,41-60,"Wg-Ch, Ch-Sh",SANDSTONE,350-250 m,50,"coarse grained, fine grained","grey coloured, brown coloured",Fresh to slightly weathered,1.5m,FRIABLE,4.0,Dry,,,"Wg-Ch, Ch-Sh",Heading+Bench,1.5m,50,50,150,100,φ6/100x100,4m,SN bolt,SN-25,1.5m,1.5m,115/25/20,1.2m,,,"Pregrout crown, Forepoling 32mm dia SDA @ 350c/c, 9m long with 3m overlap",100,,100,400,-,300,48.0,55.0,55.0,5.0,8.0,9.0,2.0,3.0,3.0,3.0,5.0,16.0,15.0,-5.0
712,8078.5,III,B3,41-60,"Wg-Ch, Ch-Sh",Siltstone,350-250 m,50,fine grained,grey and greyish brown,Fresh,1.5m,FRIABLE,4.0,Dry,,,"Wg-Ch, Ch-Sh",Heading+Bench,1.5m,50,50,150,100,φ6/100x100,4m,SN bolt,SN-25,1.5m,1.5m,115/25/20,1.2m,,,"Pregrout crown, Forepoling 32mm dia SDA @ 350c/c, 9m long with 3m overlap",100,,100,400,-,300,48.0,40.5,45.0,5.0,8.0,10.0,2.0,3.0,3.0,3.0,5.0,16.0,15.0,-5.0
713,8075.0,III,B3,41-60,"Wg-Ch, Ch-Sh",SILTSTONE,350-250 m,50,fine grained,brown coloured,slightly weathering,1.5m,FRIABLE,4.0,Dry,,,"Wg-Ch, Ch-Sh",Heading+Bench,1.5m,50,50,150,100,φ6/100x100,4m,SN bolt,SN-25,1.5m,1.5m,115/25/20,1.2m,,,"Pregrout crown, Forepoling 32mm dia SDA @ 350c/c, 9m long with 3m overlap",100,,100,400,-,300,50.0,40.5,45.0,5.0,8.0,10.0,2.0,4.0,3.0,3.0,5.0,17.0,15.0,-5.0
714,714.0,III,B3,41-60,"Wg-Ch, Ch-Sh",Siltstone,160-227 m,50,fine grained,brown and greyish brown,Fresh to Slightly Weathered,1.5m,FRIABLE,4.0,SW,0.0,,"Wg-Ch, Ch-Sh",Heading+Bench,1.5m,50,50,150,100,φ6/100x100,4m,SN bolt,SN-25,1.5m,1.5m,115/25/20,1.2m,,,"Pregrout crown, Forepoling 32mm dia SDA @ 350c/c, 9m long with 3m overlap",100,,100,400,-,300,48.0,35.0,50.0,4.0,8.0,9.0,2.0,3.0,4.0,3.0,5.0,17.0,15.0,-5.0
2393.0,8068.0,III,B3,41-60,"Wg-Ch, Ch-Sh",Siltstone,350-250 m,50,Fine grained,Brown/grey,Slightly weathered,1.5m,FRIABLE,4.0,Dry,,,"Wg-Ch, Ch-Sh",Heading+Bench,1.5m,50,50,150,100,φ6/100x100,4m,SN bolt,SN-25,1.5m,1.5m,115/25/20,1.2m,,,"Pregrout crown, Forepoling 32mm dia SDA @ 350c/c, 9m long with 3m overlap",100,,100,400,-,300,51.0,40.5,45.5,5.0,8.0,10.0,2.0,4.0,4.0,3.0,5.0,18.0,15.0,-5.0
716,8064.5,III,B3,41-60,"Wg-Ch, Ch-Sh",SILTSTONE,350-250 m,50,fine grained,brown and grey to greyish brown,Fresh,1.5m,FRIABLE,4.0,Dry,,,"Wg-Ch, Ch-Sh",Heading+Bench,1.5m,50,50,150,100,φ6/100x100,4m,SN bolt,SN-25,1.5m,1.5m,115/25/20,1.2m,,,"Pregrout crown, Forepoling 32mm dia SDA @ 350c/c, 9m long with 3m overlap",100,,100,400,-,300,54.0,35.0,50.0,5.0,8.0,9.0,2.0,3.0,4.0,3.0,5.0,17.0,15.0,-5.0
717,8061.0,III,B3,41-60,"Wg-Ch, Ch-Sh",SILTSTONE,350-250 m,50,fine grained,brown/grey,slightly weathering,1.5m,FRIABLE,4.0,Dry,,,"Wg-Ch, Ch-Sh",Heading+Bench,1.5m,50,50,150,100,φ6/100x100,4m,SN bolt,SN-25,1.5m,1.5m,115/25/20,1.2m,,,"Pregrout crown, Forepoling 32mm dia SDA @ 350c/c, 9m long with 3m overlap",100,,100,400,-,300,55.0,40.0,45.0,5.0,8.0,10.0,,3.0,4.0,3.0,5.0,,15.0,-5.0
2403.50,718.0,III,B3,41-60,"Wg-Ch, Ch-Sh",Siltstone,160-227 m,50,fine grained,brown and grey to greyish brown,Fresh to Slightly Weathered,1.5m,FRIABLE,4.0,Dry,,,"Wg-Ch, Ch-Sh",Heading+Bench,1.5m,50,50,150,100,φ6/100x100,4m,SN bolt,SN-25,1.5m,1.5m,115/25/20,1.2m,,,"Pregrout crown, Forepoling 32mm dia SDA @ 350c/c, 9m long with 3m overlap",100,,100,400,-,300,50.0,40.5,45.0,5.0,8.0,10.0,2.0,3.0,4.0,3.0,5.0,17.0,15.0,-5.0
719,8053.5,III,B3,41-60,"Wg-Ch, Ch-Sh",SILTSTONE,350-250 m,50,fine grained,brown/grey,slightly weathering,1.5m,FRIABLE,4.0,Dry,,,"Wg-Ch, Ch-Sh",Heading+Bench,1.5m,50,50,150,100,φ6/100x100,4m,SN bolt,SN-25,1.5m,1.5m,115/25/20,1.2m,,,"Pregrout crown, Forepoling 32mm dia SDA @ 350c/c, 9m long with 3m overlap",100,,100,400,-,300,52.0,40.5,50.0,6.0,8.0,10.0,2.0,4.0,4.0,3.0,5.0,18.0,15.0,-5.0
720,8050.0,III,B3,41-60,"Wg-Ch, Ch-Sh",SILTSTONE,350-250 m,50,fine grained,brown and grey to greyish brown,slightly weathered,1.5m,Friable,4.0,Dry,0.0,,"Wg-Ch, Ch-Sh",Heading+Bench,1.5m,50,50,150,100,φ6/100x100,4m,SN bolt,SN-25,1.5m,1.5m,115/25/20,1.2m,,,"Pregrout crown, Forepoling 32mm dia SDA @ 350c/c, 9m long with 3m overlap",100,,100,400,-,300,50.0,40.5,55.0,5.0,8.0,10.0,2.0,3.0,4.0,3.0,5.0,17.0,15.0,-5.0
721,8046.5,III,B3,41-60,"Wg-Ch, Ch-Sh",siltstone,350-250 m,50,fine grained,brown/grey,slightly weathering,1.5m,FRIABLE,4.0,Dry/Damp,,,"Wg-Ch, Ch-Sh",Heading+Bench,1.5m,50,50,150,100,φ6/100x100,4m,SN bolt,SN-25,1.5m,1.5m,115/25/20,1.2m,,,"Pregrout crown, Forepoling 32mm dia SDA @ 350c/c, 9m long with 3m overlap",100,,100,400,-,300,52.0,40.5,50.0,6.0,8.0,11.0,2.0,4.0,4.0,3.0,5.0,18.0,14.0,-5.0
722,8043.0,III,B3,41-60,"Wg-Ch, Ch-Sh",SILTSTONE,350-250 m,50,fine grained,brown/grey,slightly weathering,1.5m,Friable,4.0,Dry/Damp,,,"Wg-Ch, Ch-Sh",Heading+Bench,1.5m,50,50,150,100,φ6/100x100,4m,SN bolt,SN-25,1.5m,1.5m,115/25/20,1.2m,,,"Pregrout crown, Forepoling 32mm dia SDA @ 350c/c, 9m long with 3m overlap",100,,100,400,-,300,48.0,30.5,50.0,5.0,8.0,9.0,2.0,3.0,4.0,3.0,5.0,17.0,14.0,-5.0
723,8039.5,III,B3,41-60,"Wg-Ch, Ch-Sh",SILTSTONE,350-250 m,50,Fine grained,Brown and grey to greyish brown,Slightly weathered,1.5m,FRIABLE,4.0,Dry,,,"Wg-Ch, Ch-Sh",Heading+Bench,1.5m,50,50,150,100,φ6/100x100,4m,SN bolt,SN-25,1.5m,1.5m,115/25/20,1.2m,,,"Pregrout crown, Forepoling 32mm dia SDA @ 350c/c, 9m long with 3m overlap",100,,100,400,-,300,55.0,40.0,55.0,5.0,8.0,10.0,2.0,4.0,4.0,3.0,5.0,18.0,15.0,-5.0
724,8035.5,III,B3,41-60,"Wg-Ch, Ch-Sh",siltstone,350-250 m,50,fine grained,brown/grey,Fresh to Slightly Weathered,1.5m,FRIABLE,4.0,Dry,,,"Wg-Ch, Ch-Sh",Heading+Bench,1.5m,50,50,150,100,φ6/100x100,4m,SN bolt,SN-25,1.5m,1.5m,115/25/20,1.2m,,,"Pregrout crown, Forepoling 32mm dia SDA @ 350c/c, 9m long with 3m overlap",100,,100,400,-,300,49.0,40.0,45.0,5.0,8.0,9.0,2.0,3.0,4.0,3.0,5.0,17.0,15.0,-5.0
01,725.0,III,B3,41-60,"Wg-Ch, Ch-Sh",Siltstone,160-227 m,50,"fine grained, medium strong to strong",brown and greyish brown,Fresh to Slightly Weathered,1.5m,Fairly Interlocked,4.0,Dry,,,"Wg-Ch, Ch-Sh",Heading+Bench,1.5m,50,50,150,100,φ6/100x100,4m,SN bolt,SN-25,1.5m,1.5m,115/25/20,1.2m,,,"Pregrout crown, Forepoling 32mm dia SDA @ 350c/c, 9m long with 3m overlap",100,,100,400,-,300,40.0,55.0,50.0,5.0,8.0,9.0,2.0,3.0,4.0,3.0,5.0,17.0,15.0,-5.0
2432.50,8028.5,III,B3,41-60,"Wg-Ch, Ch-Sh",SILTSTONE,350-250 m,50,fine grained,brown/grey,slightly weathering,1.5m,FRIABLE,4.0,Dry,,,"Wg-Ch, Ch-Sh",Heading+Bench,1.5m,50,50,150,100,φ6/100x100,4m,SN bolt,SN-25,1.5m,1.5m,115/25/20,1.2m,,,"Pregrout crown, Forepoling 32mm dia SDA @ 350c/c, 9m long with 3m overlap",100,,100,400,-,300,55.0,30.5,55.0,5.0,8.0,10.0,2.0,3.0,4.0,3.0,5.0,17.0,15.0,-5.0
727,8025.5,III,B3,41-60,"Wg-Ch, Ch-Sh",SILTSTONE,350-250 m,50,Fine grained,Brown and greyish brown,Fresh,1.5m,FRIABLE,4.0,Dry,,,"Wg-Ch, Ch-Sh",Heading+Bench,1.5m,50,50,150,100,φ6/100x100,4m,SN bolt,SN-25,1.5m,1.5m,115/25/20,1.2m,,,"Pregrout crown, Forepoling 32mm dia SDA @ 350c/c, 9m long with 3m overlap",100,,100,400,-,300,44.0,40.5,55.0,5.0,8.0,9.0,2.0,3.0,4.0,3.0,5.0,17.0,15.0,-5.0
09,10436.0,III,B3,41-60,"Wg-Ch, Ch-Sh",Sandstones,,50,"medium grained, fine grained","light grey, grey to brown, grey",Fresh to Slightly Weathered,1.5m,Friable,3.0,Dry,,,"Wg-Ch, Ch-Sh",Heading+Bench,1.5m,50,50,150,100,φ6/100x100,4m,SN bolt,SN-25,1.5m,1.5m,115/25/20,1.2m,,,"Pregrout crown, Forepoling 32mm dia SDA @ 350c/c, 9m long with 3m overlap",100,,100,400,-,300,56.0,57.0,,5.0,13.0,10.0,,,,,,4.0,15.0,-3.0
86,10185.0,III,B3,41-60,"Wg-Ch, Ch-Sh",Sandstone,,50,"Medium grained, Fine grained","Grey, Brown",Fresh to slightly weathered,1.5m,FRIABLE,4.0,Dry to damp,,,"Wg-Ch, Ch-Sh",Heading+Bench,1.5m,50,50,150,100,φ6/100x100,4m,SN bolt,SN-25,1.5m,1.5m,115/25/20,1.2m,,,"Pregrout crown, Forepoling 32mm dia SDA @ 350c/c, 9m long with 3m overlap",100,,100,400,-,300,54.0,55.0,,5.0,13.0,11.0,,,,,,,12.0,-3.0
10,10432.5,III,B3,41-60,"Wg-Ch, Ch-Sh",Sandstones,,50,,,Slightly Weathered,1.5m,Friable,3.0,Dry,,,"Wg-Ch, Ch-Sh",Heading+Bench,1.5m,50,50,150,100,φ6/100x100,4m,SN bolt,SN-25,1.5m,1.5m,115/25/20,1.2m,,,"Pregrout crown, Forepoling 32mm dia SDA @ 350c/c, 9m long with 3m overlap",100,,100,400,-,300,55.0,51.0,,5.0,13.0,9.0,,,,,,4.0,15.0,-3.0
89,10176.0,,,,,Sandstone,,,fine to medium grained,grey colour Sand stone and fine grained brown Siltstone,slightly weathering,,FRIABLE,4.0,Dry to damp,,,,,,,,,,,,,,,,,,,,,,,,,,,,,,,,,,,,,,,,
11,10429.5,III,B3,41-60,"Wg-Ch, Ch-Sh",Sandstone,,50,bedding joints,"light grey, brown",Fresh to Slightly weathered,1.5m,FRIABLE,3.0,Dry,0.0,No Seepage,"Wg-Ch, Ch-Sh",Heading+Bench,1.5m,50,50,150,100,φ6/100x100,4m,SN bolt,SN-25,1.5m,1.5m,115/25/20,1.2m,,,"Pregrout crown, Forepoling 32mm dia SDA @ 350c/c, 9m long with 3m overlap",100,,100,400,-,300,54.0,55.0,45.0,13.0,2.0,10.0,,,,,,4.0,15.0,-3.0
101,10138.5,III,B3,41-60,"Wg-Ch, Ch-Sh",Siltstone,,50,Fine grained,Grey to brown,Fresh to slightly weathered,1.5m,Friable,4.0,Dry,,,"Wg-Ch, Ch-Sh",Heading+Bench,1.5m,50,50,150,100,φ6/100x100,4m,SN bolt,SN-25,1.5m,1.5m,115/25/20,1.2m,,,"Pregrout crown, Forepoling 32mm dia SDA @ 350c/c, 9m long with 3m overlap",100,,100,400,-,300,48.0,44.0,,3.0,8.0,10.0,,,,,,3.0,15.0,-3.0
110,10110.5,III,B3,41-60,"Wg-Ch, Ch-Sh",claystone,,50,fine grained,"brown, grey",fresh to slightly weathered,1.5m,,4.0,Dry / Damp,,,"Wg-Ch, Ch-Sh",Heading+Bench,1.5m,50,50,150,100,φ6/100x100,4m,SN bolt,SN-25,1.5m,1.5m,115/25/20,1.2m,,,"Pregrout crown, Forepoling 32mm dia SDA @ 350c/c, 9m long with 3m overlap",100,,100,400,-,300,43.0,30.0,35.5,4.0,8.0,9.0,2.0,2.0,3.0,2.0,5.0,14.0,13.0,-5.0
111,10108.0,III,B3,41-60,"Wg-Ch, Ch-Sh",claystone,,50,fine grained,brown,slightly weathered,1.5m,FRIABLE,4.0,Dry / Damp,,,"Wg-Ch, Ch-Sh",Heading+Bench,1.5m,50,50,150,100,φ6/100x100,4m,SN bolt,SN-25,1.5m,1.5m,115/25/20,1.2m,,,"Pregrout crown, Forepoling 32mm dia SDA @ 350c/c, 9m long with 3m overlap",100,,100,400,-,300,44.0,38.0,35.0,4.0,8.0,9.0,,,,,,,13.0,-5.0
112,10104.5,III,B3,41-60,"Wg-Ch, Ch-Sh",strong sandstones,,50,fine grained,grey to brown,Fresh to Slightly Weathered,1.5m,FRIABLE,4.0,Dry and Damp,,,"Wg-Ch, Ch-Sh",Heading+Bench,1.5m,50,50,150,100,φ6/100x100,4m,SN bolt,SN-25,1.5m,1.5m,115/25/20,1.2m,,,"Pregrout crown, Forepoling 32mm dia SDA @ 350c/c, 9m long with 3m overlap",100,,100,400,-,300,43.0,40.0,35.0,3.0,8.0,9.0,,,,,,,14.0,-5.0
113,10102.0,III,B3,41-60,"Wg-Ch, Ch-Sh",medium strong siltstones,,50,fine grained,grey and brown,Fresh to Slightly Weathered,1.5m,Friable,4.0,Dry and Damp,,,"Wg-Ch, Ch-Sh",Heading+Bench,1.5m,50,50,150,100,φ6/100x100,4m,SN bolt,SN-25,1.5m,1.5m,115/25/20,1.2m,,,"Pregrout crown, Forepoling 32mm dia SDA @ 350c/c, 9m long with 3m overlap",100,,100,400,-,300,43.0,43.0,35.0,3.0,8.0,10.0,,,,,,,13.0,-5.0
12,1045.0,III,B3,41-60,"Wg-Ch, Ch-Sh",Siltstones,227-320 m,50,"fresh, slightly weathered","light grey, light grey and brown",Fresh to Slightly weathered,1.5m,Friable,3.0,Dry,,,"Wg-Ch, Ch-Sh",Heading+Bench,1.5m,50,50,150,100,φ6/100x100,4m,SN bolt,SN-25,1.5m,1.5m,115/25/20,1.2m,,,"Pregrout crown, Forepoling 32mm dia SDA @ 350c/c, 9m long with 3m overlap",100,,100,400,-,300,51.0,47.0,,5.0,8.0,10.0,,,,,,,15.0,-3.0
114,10099.0,III,B3,41-60,"Wg-Ch, Ch-Sh",Sandstone,,50,Fine grained,"Grey, grey/brown, brown",Fresh to slightly weathered,1.5m,FRIABLE,4.0,Dry / Damp,,,"Wg-Ch, Ch-Sh",Heading+Bench,1.5m,50,50,150,100,φ6/100x100,4m,SN bolt,SN-25,1.5m,1.5m,115/25/20,1.2m,,,"Pregrout crown, Forepoling 32mm dia SDA @ 350c/c, 9m long with 3m overlap",100,,100,400,-,300,48.0,42.0,35.0,5.0,8.0,10.0,,,,,,,14.0,-5.0
115,10097.0,,,,,"grey, fine grained sandstones",,,fine grained,,slightly weathered,,,4.0,dry/damp,,,,,,,,,,,,,,,,,,,,,,,,,,,,,35.0,,,,,,,,,,,
116,10093.0,III,B3,41-60,"Wg-Ch, Ch-Sh",sandstone,,50,fine grained,,fresh to slightly weathered,1.5m,,4.0,Dry / Damp,,,"Wg-Ch, Ch-Sh",Heading+Bench,1.5m,50,50,150,100,φ6/100x100,4m,SN bolt,SN-25,1.5m,1.5m,115/25/20,1.2m,,,"Pregrout crown, Forepoling 32mm dia SDA @ 350c/c, 9m long with 3m overlap",100,,100,400,-,300,51.0,55.0,42.5,6.0,13.0,10.0,,3.0,3.0,2.0,5.0,,12.0,-5.0
126,10063.0,III,B3,41-60,"Wg-Ch, Ch-Sh",sandstone,,50,medium grained,grey,slightly weathering,1.5m,FRIABLE,4.0,Dry/Damp,,,"Wg-Ch, Ch-Sh",Heading+Bench,1.5m,50,50,150,100,φ6/100x100,4m,SN bolt,SN-25,1.5m,1.5m,115/25/20,1.2m,,,"Pregrout crown, Forepoling 32mm dia SDA @ 350c/c, 9m long with 3m overlap",100,,100,400,-,300,57.0,62.0,47.0,6.0,13.0,12.0,,,,,,4.0,14.0,-5.0
13,10241.0,III,B3,41-60,"Wg-Ch, Ch-Sh",Sandstone,,50,,"light grey, brown",Fresh to Slightly weathered,1.5m,STABLE,3.0,Dry,,,"Wg-Ch, Ch-Sh",Heading+Bench,1.5m,50,50,150,100,φ6/100x100,4m,SN bolt,SN-25,1.5m,1.5m,115/25/20,1.2m,,,"Pregrout crown, Forepoling 32mm dia SDA @ 350c/c, 9m long with 3m overlap",100,,100,400,-,300,55.0,55.0,,4.0,13.0,10.0,,,,,,,15.0,-3.0
127,10060.0,III,B3,41-60,"Wg-Ch, Ch-Sh",Sandstone,,50,fine to medium grained,grey,slightly weathered,1.5m,,4.0,dry,,,"Wg-Ch, Ch-Sh",Heading+Bench,1.5m,50,50,150,100,φ6/100x100,4m,SN bolt,SN-25,1.5m,1.5m,115/25/20,1.2m,,,"Pregrout crown, Forepoling 32mm dia SDA @ 350c/c, 9m long with 3m overlap",100,,100,400,-,300,,,52.5,,,,,,,,,,,
128,10056.5,III,B3,41-60,"Wg-Ch, Ch-Sh",sandstone,,50,medium grained,grey,slightly weathering,1.5m,Friable,4.0,Dry/Damp,,,"Wg-Ch, Ch-Sh",Heading+Bench,1.5m,50,50,150,100,φ6/100x100,4m,SN bolt,SN-25,1.5m,1.5m,115/25/20,1.2m,,,"Pregrout crown, Forepoling 32mm dia SDA @ 350c/c, 9m long with 3m overlap",100,,100,400,-,300,59.0,65.0,47.0,7.0,13.0,12.0,,,,,,4.0,14.0,-5.0
129,10054.5,,,,,Sandstone,,,Medium grained,,Slight,,FRIABLE,4.0,Dry,,,,,,,,,,,,,,,,,,,,,,,,,,,,,47.0,,,,,,,,,,,
130,10051.0,III,B3,41-60,"Wg-Ch, Ch-Sh",sandstone,,50,fine to medium grained,"grey, brown",fresh to slightly weathered,1.5m,FRIABLE,4.0,Dry/Damp,,,"Wg-Ch, Ch-Sh",Heading+Bench,1.5m,50,50,150,100,φ6/100x100,4m,SN bolt,SN-25,1.5m,1.5m,115/25/20,1.2m,,,"Pregrout crown, Forepoling 32mm dia SDA @ 350c/c, 9m long with 3m overlap",100,,100,400,-,300,55.0,57.0,45.0,5.0,13.0,11.0,,,,,,,14.0,-5.0
131,10048.5,III,B3,41-60,"Wg-Ch, Ch-Sh",sand stone,,50,medium grained,grey,slight,1.5m,Friable,4.0,Dry,,,"Wg-Ch, Ch-Sh",Heading+Bench,1.5m,50,50,150,100,φ6/100x100,4m,SN bolt,SN-25,1.5m,1.5m,115/25/20,1.2m,,,"Pregrout crown, Forepoling 32mm dia SDA @ 350c/c, 9m long with 3m overlap",100,,100,400,-,300,56.0,55.0,42.0,5.0,13.0,11.0,,,,,,4.0,15.0,-5.0
132,10046.0,III,B3,41-60,"Wg-Ch, Ch-Sh",sandstone,,50,fine to medium grained,"grey, brown",slightly weathered,1.5m,FRIABLE,4.0,Dry/Damp,,,"Wg-Ch, Ch-Sh",Heading+Bench,1.5m,50,50,150,100,φ6/100x100,4m,SN bolt,SN-25,1.5m,1.5m,115/25/20,1.2m,,,"Pregrout crown, Forepoling 32mm dia SDA @ 350c/c, 9m long with 3m overlap",100,,100,400,-,300,51.0,52.0,42.0,5.0,13.0,10.0,,,,,,3.0,13.0,-5.0
133,10043.5,III,B3,41-60,"Wg-Ch, Ch-Sh",strong sandstone,,50,,,Fresh to Slightly Weathered,1.5m,FRIABLE,4.0,Dry/Damp,,,"Wg-Ch, Ch-Sh",Heading+Bench,1.5m,50,50,150,100,φ6/100x100,4m,SN bolt,SN-25,1.5m,1.5m,115/25/20,1.2m,,,"Pregrout crown, Forepoling 32mm dia SDA @ 350c/c, 9m long with 3m overlap",100,,100,400,-,300,51.0,52.0,42.0,5.0,13.0,10.0,,,,,,,13.0,-5.0
134,10041.0,III,B3,41-60,"Wg-Ch, Ch-Sh",sandstone,,50,medium grained,grey,fresh to slightly weathered,1.5m,,4.0,Dry,,,"Wg-Ch, Ch-Sh",Heading+Bench,1.5m,50,50,150,100,φ6/100x100,4m,SN bolt,SN-25,1.5m,1.5m,115/25/20,1.2m,,,"Pregrout crown, Forepoling 32mm dia SDA @ 350c/c, 9m long with 3m overlap",100,,100,400,-,300,54.0,51.0,45.0,5.0,13.0,10.0,2.0,4.0,3.0,2.0,5.0,16.0,15.0,-5.0
135,10038.0,III,B3,41-60,"Wg-Ch, Ch-Sh","grey, fine to medium grained sandstone, brown siltstone and brown claystone",,50,,,fresh to slightly weathered,1.5m,,4.0,Dry/Damp,,,"Wg-Ch, Ch-Sh",Heading+Bench,1.5m,50,50,150,100,φ6/100x100,4m,SN bolt,SN-25,1.5m,1.5m,115/25/20,1.2m,,,"Pregrout crown, Forepoling 32mm dia SDA @ 350c/c, 9m long with 3m overlap",100,,100,400,-,300,45.0,45.0,35.0,5.0,8.0,10.0,2.0,2.0,3.0,2.0,5.0,14.0,13.0,-5.0
136,10036.0,III,B3,41-60,"Wg-Ch, Ch-Sh",strong sandstone,,50,medium grained,grey,Fresh to Slightly Weathered,1.5m,FRIABLE,4.0,Dry/damp,,,"Wg-Ch, Ch-Sh",Heading+Bench,1.5m,50,50,150,100,φ6/100x100,4m,SN bolt,SN-25,1.5m,1.5m,115/25/20,1.2m,,,"Pregrout crown, Forepoling 32mm dia SDA @ 350c/c, 9m long with 3m overlap",100,,100,400,-,300,48.0,48.0,40.0,5.0,8.0,11.0,2.0,3.0,4.0,2.0,5.0,16.0,13.0,-5.0
137,10033.5,,,,,Sandstone,,,Fine to medium grained,Medium grained grey colour,Fresh to slightly weathered,,FRIABLE,4.0,Dry,,,,,,,,,,,,,,,,,,,,,,,,,,,,,45.0,,,,,,,,,,,
14,10418.0,III,B3,41-60,"Wg-Ch, Ch-Sh",Sandstones,,50,,"light grey, brown",Fresh to Slightly weathered,1.5m,FRIABLE,3.0,Dry,,,"Wg-Ch, Ch-Sh",Heading+Bench,1.5m,50,50,150,100,φ6/100x100,4m,SN bolt,SN-25,1.5m,1.5m,115/25/20,1.2m,,,"Pregrout crown, Forepoling 32mm dia SDA @ 350c/c, 9m long with 3m overlap",100,,100,400,-,300,50.0,48.0,,4.0,8.0,10.0,,,,,,,15.0,-3.0
138,10030.0,III,B3,41-60,"Wg-Ch, Ch-Sh","grey, fine grained sandstone, brown siltstone and brown claystone",,50,fine grained,,fresh to slightly weathered,1.5m,,4.0,Dry,,,"Wg-Ch, Ch-Sh",Heading+Bench,1.5m,50,50,150,100,φ6/100x100,4m,SN bolt,SN-25,1.5m,1.5m,115/25/20,1.2m,,,"Pregrout crown, Forepoling 32mm dia SDA @ 350c/c, 9m long with 3m overlap",100,,100,400,-,300,48.0,45.0,42.5,5.0,8.0,10.0,,,,,,,15.0,-5.0
139,10027.0,III,B3,41-60,"Wg-Ch, Ch-Sh",Sandstone,,50,Fine to medium grained,Grey,Fresh to slightly weathered,1.5m,FRIABLE,4.0,Dry,,,"Wg-Ch, Ch-Sh",Heading+Bench,1.5m,50,50,150,100,φ6/100x100,4m,SN bolt,SN-25,1.5m,1.5m,115/25/20,1.2m,,,"Pregrout crown, Forepoling 32mm dia SDA @ 350c/c, 9m long with 3m overlap",100,,100,400,-,300,54.0,52.0,45.0,5.0,13.0,11.0,,,,,,,15.0,-5.0
140,10024.0,III,B3,41-60,"Wg-Ch, Ch-Sh",strong sandstone,,50,,,Fresh to Slightly Weathered,1.5m,FRIABLE,4.0,Dry/Damp,,,"Wg-Ch, Ch-Sh",Heading+Bench,1.5m,50,50,150,100,φ6/100x100,4m,SN bolt,SN-25,1.5m,1.5m,115/25/20,1.2m,,,"Pregrout crown, Forepoling 32mm dia SDA @ 350c/c, 9m long with 3m overlap",100,,100,400,-,300,45.0,45.0,37.0,5.0,8.0,10.0,,,,,,,13.0,-5.0
141,10021.0,III,B3,41-60,"Wg-Ch, Ch-Sh",sandstone,,50,medium grained grey sand stone and fine grained brown silt stone,,slightly weathered,1.5m,FRIABLE,4.0,dry to damp,,,"Wg-Ch, Ch-Sh",Heading+Bench,1.5m,50,50,150,100,φ6/100x100,4m,SN bolt,SN-25,1.5m,1.5m,115/25/20,1.2m,,,"Pregrout crown, Forepoling 32mm dia SDA @ 350c/c, 9m long with 3m overlap",100,,100,400,-,300,47.0,48.0,42.5,5.0,8.0,11.0,,,,,,,14.0,-5.0
142,10018.0,III,B3,41-60,"Wg-Ch, Ch-Sh",strong sandstone,,50,fine to medium grained,"grey, brown",Fresh to Slightly Weathered,1.5m,FRIABLE,4.0,Dry/Damp,,,"Wg-Ch, Ch-Sh",Heading+Bench,1.5m,50,50,150,100,φ6/100x100,4m,SN bolt,SN-25,1.5m,1.5m,115/25/20,1.2m,,,"Pregrout crown, Forepoling 32mm dia SDA @ 350c/c, 9m long with 3m overlap",100,,100,400,-,300,52.0,55.0,42.0,6.0,13.0,10.0,,,,,,,13.0,-5.0
143,10016.0,III,B3,41-60,"Wg-Ch, Ch-Sh",sand stone,,50,medium grained,grey,slightly weathered,1.5m,FRIABLE,4.0,Dry,,,"Wg-Ch, Ch-Sh",Heading+Bench,1.5m,50,50,150,100,φ6/100x100,4m,SN bolt,SN-25,1.5m,1.5m,115/25/20,1.2m,,,"Pregrout crown, Forepoling 32mm dia SDA @ 350c/c, 9m long with 3m overlap",100,,100,400,-,300,56.0,60.0,47.0,5.0,13.0,12.0,,,,,,,15.0,-5.0
144,10012.0,III,B3,41-60,"Wg-Ch, Ch-Sh",Sandstone,,50,Fine to medium grained,"Grey, brown",Fresh to slightly weathered,1.5m,FRIABLE,4.0,Dry/Damp,,,"Wg-Ch, Ch-Sh",Heading+Bench,1.5m,50,50,150,100,φ6/100x100,4m,SN bolt,SN-25,1.5m,1.5m,115/25/20,1.2m,,,"Pregrout crown, Forepoling 32mm dia SDA @ 350c/c, 9m long with 3m overlap",100,,100,400,-,300,56.0,60.0,45.0,6.0,13.0,12.0,,,,,,,13.0,-5.0
145,10009.0,III,B3,41-60,"Wg-Ch, Ch-Sh",Sandstone,,50,Medium grained,"Grey, brown",Fresh to slightly weathered,1.5m,FRIABLE,4.0,Dry,,,"Wg-Ch, Ch-Sh",Heading+Bench,1.5m,50,50,150,100,φ6/100x100,4m,SN bolt,SN-25,1.5m,1.5m,115/25/20,1.2m,,,"Pregrout crown, Forepoling 32mm dia SDA @ 350c/c, 9m long with 3m overlap",100,,100,400,-,300,58.0,65.0,48.0,6.0,13.0,12.0,,,,,,4.0,15.0,-5.0
146,1007.0,III,B3,41-60,"Wg-Ch, Ch-Sh",sand stones,227-320 m,50,fine to medium grained,light grey,slight,1.5m,Friable,4.0,Dry and damp,,,"Wg-Ch, Ch-Sh",Heading+Bench,1.5m,50,50,150,100,φ6/100x100,4m,SN bolt,SN-25,1.5m,1.5m,115/25/20,1.2m,,,"Pregrout crown, Forepoling 32mm dia SDA @ 350c/c, 9m long with 3m overlap",100,,100,400,-,300,56.0,52.0,47.0,7.0,13.0,11.0,,,,,,,14.0,-5.0
147,10004.0,III,B3,41-60,"Wg-Ch, Ch-Sh",Sandstone,,50,medium grained,grey,fresh to slightly weathered,1.5m,Friable,4.0,Dry/damp,,,"Wg-Ch, Ch-Sh",Heading+Bench,1.5m,50,50,150,100,φ6/100x100,4m,SN bolt,SN-25,1.5m,1.5m,115/25/20,1.2m,,,"Pregrout crown, Forepoling 32mm dia SDA @ 350c/c, 9m long with 3m overlap",100,,100,400,-,300,54.0,58.0,45.0,5.0,13.0,10.0,,,,,,,13.0,-5.0
148,10001.0,III,B3,41-60,"Wg-Ch, Ch-Sh",clay stones,,50,fine grained,brown,slightly weathered,1.5m,FRIABLE,4.0,Dry and damp,,,"Wg-Ch, Ch-Sh",Heading+Bench,1.5m,50,50,150,100,φ6/100x100,4m,SN bolt,SN-25,1.5m,1.5m,115/25/20,1.2m,,,"Pregrout crown, Forepoling 32mm dia SDA @ 350c/c, 9m long with 3m overlap",100,,100,400,-,300,49.0,42.0,41.0,5.0,8.0,11.0,,,,,,,14.0,-5.0
149,9998.5,III,B3,41-60,"Wg-Ch, Ch-Sh",sandstone,,50,medium grained,"grey, brown",slightly weathered,1.5m,FRIABLE,4.0,dry/damp,,,"Wg-Ch, Ch-Sh",Heading+Bench,1.5m,50,50,150,100,φ6/100x100,4m,SN bolt,SN-25,1.5m,1.5m,115/25/20,1.2m,,,"Pregrout crown, Forepoling 32mm dia SDA @ 350c/c, 9m long with 3m overlap",100,,100,400,-,300,53.0,52.0,42.0,6.0,13.0,10.0,,,,,,,14.0,-5.0
150,993.0,III,B3,41-60,"Wg-Ch, Ch-Sh",Paragneiss,227-320 m,50,medium grained,"grey, brown",Fresh to Slightly Weathered,1.5m,FRIABLE,4.0,Dry/damp,,,"Wg-Ch, Ch-Sh",Heading+Bench,1.5m,50,50,150,100,φ6/100x100,4m,SN bolt,SN-25,1.5m,1.5m,115/25/20,1.2m,,,"Pregrout crown, Forepoling 32mm dia SDA @ 350c/c, 9m long with 3m overlap",100,,100,400,-,300,51.0,60.0,40.5,5.0,13.0,10.0,,,,,,3.0,2.0,-5.0
15,10414.0,III,B3,41-60,"Wg-Ch, Ch-Sh",Siltstone,,50,Fine grained,Grey and brown,Fresh to slightly weathered,1.5m,Friable,3.0,Dry,,,"Wg-Ch, Ch-Sh",Heading+Bench,1.5m,50,50,150,100,φ6/100x100,4m,SN bolt,SN-25,1.5m,1.5m,115/25/20,1.2m,,,"Pregrout crown, Forepoling 32mm dia SDA @ 350c/c, 9m long with 3m overlap",100,,100,400,-,300,49.0,45.0,,5.0,8.0,10.0,,,,,,4.0,15.0,-3.0
151,9990.0,III,B3,41-60,"Wg-Ch, Ch-Sh",Sandstone,,50,medium grained,grey,slight,1.5m,FRIABLE,4.0,Dry,,,"Wg-Ch, Ch-Sh",Heading+Bench,1.5m,50,50,150,100,φ6/100x100,4m,SN bolt,SN-25,1.5m,1.5m,115/25/20,1.2m,,,"Pregrout crown, Forepoling 32mm dia SDA @ 350c/c, 9m long with 3m overlap",100,,100,400,-,300,55.0,52.0,,5.0,13.0,12.0,,,,,,,15.0,-5.0
152,9987.5,III,B3,41-60,"Wg-Ch, Ch-Sh",sandstone,,50,medium grained,"grey, brown coloured",slightly weathered,1.5m,FRIABLE,4.0,Dry / Damp,,,"Wg-Ch, Ch-Sh",Heading+Bench,1.5m,50,50,150,100,φ6/100x100,4m,SN bolt,SN-25,1.5m,1.5m,115/25/20,1.2m,,,"Pregrout crown, Forepoling 32mm dia SDA @ 350c/c, 9m long with 3m overlap",100,,100,400,-,300,51.0,52.0,40.0,5.0,13.0,10.0,,,,,,,13.0,-5.0
153,9984.5,III,B3,41-60,"Wg-Ch, Ch-Sh",SANDSTONE,,50,"fine grained, medium grained",brown colour,slightly weathered,1.5m,FRIABLE,4.0,Dry,,,"Wg-Ch, Ch-Sh",Heading+Bench,1.5m,50,50,150,100,φ6/100x100,4m,SN bolt,SN-25,1.5m,1.5m,115/25/20,1.2m,,,"Pregrout crown, Forepoling 32mm dia SDA @ 350c/c, 9m long with 3m overlap",100,,100,400,-,300,55.0,55.0,35.0,5.0,13.0,12.0,,,,,,,15.0,-5.0
154,9982.0,III,B3,41-60,"Wg-Ch, Ch-Sh",sandstone,,50,medium grained,grey to brown,slightly weathered,1.5m,FRIABLE,4.0,Dry / Damp,,,"Wg-Ch, Ch-Sh",Heading+Bench,1.5m,50,50,150,100,φ6/100x100,4m,SN bolt,SN-25,1.5m,1.5m,115/25/20,1.2m,,,"Pregrout crown, Forepoling 32mm dia SDA @ 350c/c, 9m long with 3m overlap",100,,100,400,-,300,50.0,55.0,37.0,5.0,13.0,10.0,,,,,,,13.0,-5.0
155,9978.5,III,B3,41-60,"Wg-Ch, Ch-Sh",Sandstone,,50,"Medium grained, Fine grained","Grey, Brown",Fresh,1.5m,FRIABLE,4.0,Dry,,,"Wg-Ch, Ch-Sh",Heading+Bench,1.5m,50,50,150,100,φ6/100x100,4m,SN bolt,SN-25,1.5m,1.5m,115/25/20,1.2m,,,"Pregrout crown, Forepoling 32mm dia SDA @ 350c/c, 9m long with 3m overlap",100,,100,400,-,300,55.0,55.0,,5.0,13.0,12.0,,,,,,,15.0,-5.0
156,975.5,III,B3,41-60,"Wg-Ch, Ch-Sh","grey, medium grained sand stones",227-320 m,50,"medium grained, fine grained","grey, brown",slightly weathered,1.5m,,4.0,Dry,,,"Wg-Ch, Ch-Sh",Heading+Bench,1.5m,50,50,150,100,φ6/100x100,4m,SN bolt,SN-25,1.5m,1.5m,115/25/20,1.2m,,,"Pregrout crown, Forepoling 32mm dia SDA @ 350c/c, 9m long with 3m overlap",100,,100,400,-,300,52.0,52.0,35.0,5.0,13.0,10.0,,,,,,,15.0,-5.0
157,9973.0,III,B3,41-60,"Wg-Ch, Ch-Sh",sandstone,,50,bedding joints,"grey, fine to medium grained sandstone and grey to brown siltstone",fresh to slightly weathered,1.5m,FRIABLE,4.0,Dry / Damp,,,"Wg-Ch, Ch-Sh",Heading+Bench,1.5m,50,50,150,100,φ6/100x100,4m,SN bolt,SN-25,1.5m,1.5m,115/25/20,1.2m,,,"Pregrout crown, Forepoling 32mm dia SDA @ 350c/c, 9m long with 3m overlap",100,,100,400,-,300,54.0,55.0,45.0,6.0,13.0,10.0,,,,,,,14.0,-5.0
158,970.0,III,B3,41-60,"Wg-Ch, Ch-Sh","grey, medium grained sand stones and fine grained brown coloured silt stones and clay stones",227-320 m,50,medium grained,"grey, fine grained brown coloured",slightly weathered to fresh,1.5m,,4.0,Dry,,,"Wg-Ch, Ch-Sh",Heading+Bench,1.5m,50,50,150,100,φ6/100x100,4m,SN bolt,SN-25,1.5m,1.5m,115/25/20,1.2m,,,"Pregrout crown, Forepoling 32mm dia SDA @ 350c/c, 9m long with 3m overlap",100,,100,400,-,300,50.0,48.0,32.0,5.0,8.0,10.0,,,,,,,15.0,-5.0
159,9967.0,III,B3,41-60,"Wg-Ch, Ch-Sh",strong sandstone,,50,,"grey, fine to medium grained sandstone and grey to brown siltstone",Fresh to Slightly Weathered,1.5m,FRIABLE,4.0,Dry / Damp,,,"Wg-Ch, Ch-Sh",Heading+Bench,1.5m,50,50,150,100,φ6/100x100,4m,SN bolt,SN-25,1.5m,1.5m,115/25/20,1.2m,,,"Pregrout crown, Forepoling 32mm dia SDA @ 350c/c, 9m long with 3m overlap",100,,100,400,-,300,47.0,45.0,37.0,6.0,8.0,10.0,,,,,,,13.0,-5.0
161,9960.5,,,,,sandstone,,,fine to medium grained,grey to brown,slightly weathered,,FRIABLE,4.0,Dry / Damp,,,,,,,,,,,,,,,,,,,,,,,,,,,,,35.0,,,,,,,,,,,
162,9956.5,III,B3,41-60,"Wg-Ch, Ch-Sh",Sandstone,,50,Medium grained,"Grey, fine grained brown coloured",Slightly weathered,1.5m,FRIABLE,4.0,Dry,,,"Wg-Ch, Ch-Sh",Heading+Bench,1.5m,50,50,150,100,φ6/100x100,4m,SN bolt,SN-25,1.5m,1.5m,115/25/20,1.2m,,,"Pregrout crown, Forepoling 32mm dia SDA @ 350c/c, 9m long with 3m overlap",100,,100,400,-,300,49.0,45.0,35.0,5.0,8.0,10.0,,,,,,,15.0,-5.0
163,9953.5,III,B3,41-60,"Wg-Ch, Ch-Sh",sandstone,,50,fine to medium grained,"grey, brown",slightly weathered,1.5m,FRIABLE,4.0,Dry / Damp,,,"Wg-Ch, Ch-Sh",Heading+Bench,1.5m,50,50,150,100,φ6/100x100,4m,SN bolt,SN-25,1.5m,1.5m,115/25/20,1.2m,,,"Pregrout crown, Forepoling 32mm dia SDA @ 350c/c, 9m long with 3m overlap",100,,100,400,-,300,47.0,45.0,37.0,6.0,8.0,10.0,,,,,,,13.0,-5.0
205,9839.0,III,B3,41-60,"Wg-Ch, Ch-Sh",brown fine grained silt stones,,50,fine grained,,slight,1.5m,FRIABLE,4.0,Dry,,,"Wg-Ch, Ch-Sh",Heading+Bench,1.5m,50,50,150,100,φ6/100x100,4m,SN bolt,SN-25,1.5m,1.5m,115/25/20,1.2m,,,"Pregrout crown, Forepoling 32mm dia SDA @ 350c/c, 9m long with 3m overlap",100,,100,400,-,300,48.0,48.0,35.0,4.0,8.0,11.0,,,,,,3.0,15.0,-5.0
206,9836.0,III,B3,41-60,"Wg-Ch, Ch-Sh",brown fine grained silt stones,,50,fine grained,,slight,1.5m,,4.0,Dry,,,"Wg-Ch, Ch-Sh",Heading+Bench,1.5m,50,50,150,100,φ6/100x100,4m,SN bolt,SN-25,1.5m,1.5m,115/25/20,1.2m,,,"Pregrout crown, Forepoling 32mm dia SDA @ 350c/c, 9m long with 3m overlap",100,,100,400,-,300,48.0,48.0,,4.0,8.0,11.0,,,,,,,15.0,-5.0
207,9833.0,III,B3,41-60,"Wg-Ch, Ch-Sh",SILTSTONE,,50,fine grained,brown,slight,1.5m,FRIABLE,4.0,Dry,,,"Wg-Ch, Ch-Sh",Heading+Bench,1.5m,50,50,150,100,φ6/100x100,4m,SN bolt,SN-25,1.5m,1.5m,115/25/20,1.2m,,,"Pregrout crown, Forepoling 32mm dia SDA @ 350c/c, 9m long with 3m overlap",100,,100,400,-,300,48.0,48.0,35.0,4.0,8.0,11.0,2.0,3.0,3.0,2.0,5.0,15.0,15.0,-5.0
209,9828.0,,,,,brown fine grained silt stones,,,,,slight,,FRIABLE,4.0,Dry,,,,,,,,,,,,,,,,,,,,,,,,,,,,,35.0,,,,,,,,,,,
210,9825.5,III,B3,41-60,"Wg-Ch, Ch-Sh",brown fine grained silt stones,,50,fine grained,,slight,1.5m,FRIABLE,4.0,Dry,,,"Wg-Ch, Ch-Sh",Heading+Bench,1.5m,50,50,150,100,φ6/100x100,4m,SN bolt,SN-25,1.5m,1.5m,115/25/20,1.2m,,,"Pregrout crown, Forepoling 32mm dia SDA @ 350c/c, 9m long with 3m overlap",100,,100,400,-,300,53.0,57.0,41.0,4.0,13.0,10.0,,4.0,3.0,2.0,5.0,,15.0,-5.0
211,9821.5,III,B3,41-60,"Wg-Ch, Ch-Sh",Sandstone,,50,fine grained,brown coloured,fresh to slightly weathered,1.5m,FRIABLE,4.0,Dry,,,"Wg-Ch, Ch-Sh",Heading+Bench,1.5m,50,50,150,100,φ6/100x100,4m,SN bolt,SN-25,1.5m,1.5m,115/25/20,1.2m,,,"Pregrout crown, Forepoling 32mm dia SDA @ 350c/c, 9m long with 3m overlap",100,,100,400,-,300,53.0,58.0,,5.0,13.0,10.0,2.0,3.0,3.0,2.0,5.0,15.0,15.0,-5.0
212,9819.0,III,B3,41-60,"Wg-Ch, Ch-Sh",brown fine grained silt stone,,50,fine grained,,Fresh to Slightly Weathered,1.5m,FRIABLE,4.0,Dry to damp,,,"Wg-Ch, Ch-Sh",Heading+Bench,1.5m,50,50,150,100,φ6/100x100,4m,SN bolt,SN-25,1.5m,1.5m,115/25/20,1.2m,,,"Pregrout crown, Forepoling 32mm dia SDA @ 350c/c, 9m long with 3m overlap",100,,100,400,-,300,54.0,55.0,45.0,5.0,13.0,12.0,,3.0,3.0,2.0,5.0,,14.0,-5.0
213,9816.0,III,B3,41-60,"Wg-Ch, Ch-Sh",siltstone,,50,fine grained,brown,fresh to slightly weathered,1.5m,FRIABLE,4.0,Dry,,,"Wg-Ch, Ch-Sh",Heading+Bench,1.5m,50,50,150,100,φ6/100x100,4m,SN bolt,SN-25,1.5m,1.5m,115/25/20,1.2m,,,"Pregrout crown, Forepoling 32mm dia SDA @ 350c/c, 9m long with 3m overlap",100,,100,400,-,300,54.0,60.0,,5.0,13.0,11.0,2.0,3.0,3.0,2.0,5.0,15.0,15.0,-5.0
03,1484.0,V,C3,<20,"Sq-Sw, Heavy Squeezing","Sandstones, Siltstones",370-480 m,200,,,slightly weathered,0.8-1m,Friable,3.0,Dry,,,"Sq-Sw, Heavy Squeezing",Heading+Bench+Invert,0.8-1m,200,50,200,100,2X φ6/100x100,9m,SDA Bolt on sidewall,32,1.5m,1.5m,,,TH29*,1m,"Piperoofing 114.3mm dia @350c/c, 12m long, 3m overlap",100,"φ22mm Fibreglass rock bolts, L=12m with overlap of 3m@2.5x2.5m",150,400,800,350,47.0,46.0,,5.0,8.0,10.0,,2.0,2.0,2.0,5.0,,15.0,-5.0
52,1581.0,III,B3,41-60,"Wg-Ch, Ch-Sh",Sandstone,370-480 m,50,Fine grained,Brown,Fresh to slightly weathered,1.5m,,3.0,Dry,,,"Wg-Ch, Ch-Sh",Heading+Bench,1.5m,50,50,150,100,φ6/100x100,4m,SN bolt,SN-25,1.5m,1.5m,115/25/20,1.2m,,,"Pregrout crown, Forepoling 32mm dia SDA @ 350c/c, 9m long with 3m overlap",100,,100,400,-,300,46.0,40.0,,5.0,8.0,11.0,2.0,4.0,4.0,2.0,5.0,17.0,12.0,-7.0
54,1386.0,III,B3,41-60,"Wg-Ch, Ch-Sh",Siltstones,370-480 m,50,fine grained,brown,slightly weathered to fresh,1.5m,,3.0,predominantly dry,,,"Wg-Ch, Ch-Sh",Heading+Bench,1.5m,50,50,150,100,φ6/100x100,4m,SN bolt,SN-25,1.5m,1.5m,115/25/20,1.2m,,,"Pregrout crown, Forepoling 32mm dia SDA @ 350c/c, 9m long with 3m overlap",100,,100,400,-,300,44.0,48.0,,4.0,8.0,10.0,2.0,4.0,2.0,3.0,5.0,16.0,13.0,-7.0
55,1589.0,III,B3,41-60,"Wg-Ch, Ch-Sh",Siltstone,370-480 m,50,Fine grained,Brown,Fresh to slightly weathered,1.5m,Friable,3.0,Dry,,,"Wg-Ch, Ch-Sh",Heading+Bench,1.5m,50,50,150,100,φ6/100x100,4m,SN bolt,SN-25,1.5m,1.5m,115/25/20,1.2m,,,"Pregrout crown, Forepoling 32mm dia SDA @ 350c/c, 9m long with 3m overlap",100,,100,400,-,300,47.0,45.0,,5.0,8.0,11.0,2.0,4.0,4.0,2.0,5.0,17.0,14.0,
56,1591.5,V,C3,<20,"Sq-Sw, Heavy Squeezing",Siltstones,370-480 m,200,fine grained,brown,slightly weathered to fresh,0.8-1m,Friable,3.0,predominantly dry,,oozing from five locations,"Sq-Sw, Heavy Squeezing",Heading+Bench+Invert,0.8-1m,200,50,200,100,2X φ6/100x100,9m,SDA Bolt on sidewall,32,1.5m,1.5m,,,TH29*,1m,"Piperoofing 114.3mm dia @350c/c, 12m long, 3m overlap",100,"φ22mm Fibreglass rock bolts, L=12m with overlap of 3m@2.5x2.5m",150,400,800,350,42.0,46.0,,4.0,8.0,10.0,,3.0,5.0,,,,12.0,-7.0
58,1596.5,III,B3,41-60,"Wg-Ch, Ch-Sh",Siltstone,370-480 m,50,"Fine grained (Claystone, Siltstone), Fine grained (Sandstone)","Brown (Claystone), Purple grey (Sandstone), Brown (Siltstone)",Fresh to slightly weathered,1.5m,FRIABLE,3.0,Dry,,,"Wg-Ch, Ch-Sh",Heading+Bench,1.5m,50,50,150,100,φ6/100x100,4m,SN bolt,SN-25,1.5m,1.5m,115/25/20,1.2m,,,"Pregrout crown, Forepoling 32mm dia SDA @ 350c/c, 9m long with 3m overlap",100,,100,400,-,300,46.0,42.0,,5.0,8.0,11.0,2.0,4.0,4.0,2.0,5.0,17.0,13.0,
59,1598.0,III,B3,41-60,"Wg-Ch, Ch-Sh",Siltstone,370-480 m,50,fine grained,brown,slightly weathered to fresh,1.5m,FRIABLE,3.0,dry,,,"Wg-Ch, Ch-Sh",Heading+Bench,1.5m,50,50,150,100,φ6/100x100,4m,SN bolt,SN-25,1.5m,1.5m,115/25/20,1.2m,,,"Pregrout crown, Forepoling 32mm dia SDA @ 350c/c, 9m long with 3m overlap",100,,100,400,-,300,48.0,52.0,,4.0,13.0,10.0,,3.0,2.0,3.0,5.0,,14.0,-8.0
60,1600.0,III,B3,41-60,"Wg-Ch, Ch-Sh",Siltstone,370-480 m,50,fine grained,brown,slightly weathered to fresh,1.5m,FRIABLE,3.0,predominantly dry,,,"Wg-Ch, Ch-Sh",Heading+Bench,1.5m,50,50,150,100,φ6/100x100,4m,SN bolt,SN-25,1.5m,1.5m,115/25/20,1.2m,,,"Pregrout crown, Forepoling 32mm dia SDA @ 350c/c, 9m long with 3m overlap",100,,100,400,-,300,47.0,58.0,,5.0,13.0,10.0,,3.0,3.0,,5.0,,12.0,-7.0
62,1604.5,III,B3,41-60,"Wg-Ch, Ch-Sh",Siltstones,370-480 m,50,fine grained,brown,slightly weathered to fresh,1.5m,Fair,3.0,predominantly dry,,,"Wg-Ch, Ch-Sh",Heading+Bench,1.5m,50,50,150,100,φ6/100x100,4m,SN bolt,SN-25,1.5m,1.5m,115/25/20,1.2m,,,"Pregrout crown, Forepoling 32mm dia SDA @ 350c/c, 9m long with 3m overlap",100,,100,400,-,300,47.0,52.0,,5.0,13.0,10.0,,4.0,4.0,3.0,5.0,,10.0,-8.0
63,1607.3,III,B3,41-60,"Wg-Ch, Ch-Sh",Siltstone,370-480 m,50,fine grained,brown,fresh to slightly weathered,1.5m,FRIABLE,3.0,Dry,,Slightly dripping,"Wg-Ch, Ch-Sh",Heading+Bench,1.5m,50,50,150,100,φ6/100x100,4m,SN bolt,SN-25,1.5m,1.5m,115/25/20,1.2m,,,"Pregrout crown, Forepoling 32mm dia SDA @ 350c/c, 9m long with 3m overlap",100,,100,400,-,300,45.0,48.0,,5.0,8.0,11.0,,4.0,4.0,2.0,5.0,,12.0,-8.0
64,1606.0,III,B3,41-60,"Wg-Ch, Ch-Sh",Siltstones,370-480 m,50,fine grained,brown,slightly weathered,1.5m,Stable,3.0,predominantly dry,,,"Wg-Ch, Ch-Sh",Heading+Bench,1.5m,50,50,150,100,φ6/100x100,4m,SN bolt,SN-25,1.5m,1.5m,115/25/20,1.2m,,,"Pregrout crown, Forepoling 32mm dia SDA @ 350c/c, 9m long with 3m overlap",100,,100,400,-,300,48.0,54.0,,4.0,13.0,10.0,,3.0,3.0,,5.0,,12.0,-8.0
66,1615.5,III,B3,41-60,"Wg-Ch, Ch-Sh",Siltstone,370-480 m,50,fine grained,brown,slightly weathered,1.5m,FRIABLE,3.0,Dry,,,"Wg-Ch, Ch-Sh",Heading+Bench,1.5m,50,50,150,100,φ6/100x100,4m,SN bolt,SN-25,1.5m,1.5m,115/25/20,1.2m,,,"Pregrout crown, Forepoling 32mm dia SDA @ 350c/c, 9m long with 3m overlap",100,,100,400,-,300,46.0,40.0,,5.0,8.0,10.0,4.0,4.0,4.0,2.0,5.0,19.0,14.0,
67,1617.7,III,B3,41-60,"Wg-Ch, Ch-Sh",Siltstones,370-480 m,50,fine grained,brown,slightly weathered to fresh,1.5m,Fair,3.0,predominantly dry,,,"Wg-Ch, Ch-Sh",Heading+Bench,1.5m,50,50,150,100,φ6/100x100,4m,SN bolt,SN-25,1.5m,1.5m,115/25/20,1.2m,,,"Pregrout crown, Forepoling 32mm dia SDA @ 350c/c, 9m long with 3m overlap",100,,100,400,-,300,50.0,58.0,,5.0,13.0,10.0,,4.0,3.0,3.0,5.0,,13.0,-7.0
68,1620.7,III,B3,41-60,"Wg-Ch, Ch-Sh",Siltstone,370-480 m,50,fine grained,brown,Fresh to slightly weathered,1.5m,Friable,3.0,Dry,,,"Wg-Ch, Ch-Sh",Heading+Bench,1.5m,50,50,150,100,φ6/100x100,4m,SN bolt,SN-25,1.5m,1.5m,115/25/20,1.2m,,,"Pregrout crown, Forepoling 32mm dia SDA @ 350c/c, 9m long with 3m overlap",100,,100,400,-,300,48.0,45.0,,5.0,8.0,11.0,,4.0,4.0,2.0,5.0,,15.0,
70,1626.0,III,B3,41-60,"Wg-Ch, Ch-Sh",SILTSTONE,370-480 m,50,fine grained,brown,slightly weathered,1.5m,FRIABLE,3.0,dry,,,"Wg-Ch, Ch-Sh",Heading+Bench,1.5m,50,50,150,100,φ6/100x100,4m,SN bolt,SN-25,1.5m,1.5m,115/25/20,1.2m,,,"Pregrout crown, Forepoling 32mm dia SDA @ 350c/c, 9m long with 3m overlap",100,,100,400,-,300,54.0,55.0,,5.0,13.0,11.0,3.0,4.0,4.0,2.0,5.0,18.0,15.0,
71,,III,B3,41-60,"Wg-Ch, Ch-Sh",Siltstone,,50,Fine grained,Brown,Slightly weathered,1.5m,FRIABLE,3.0,Dry,,Oozing from one location,"Wg-Ch, Ch-Sh",Heading+Bench,1.5m,50,50,150,100,φ6/100x100,4m,SN bolt,SN-25,1.5m,1.5m,115/25/20,1.2m,,,"Pregrout crown, Forepoling 32mm dia SDA @ 350c/c, 9m long with 3m overlap",100,,100,400,-,300,51.0,58.0,,4.0,13.0,11.0,2.0,4.0,2.0,3.0,5.0,16.0,14.0,-7.0
72,1630.0,III,B3,41-60,"Wg-Ch, Ch-Sh",Siltstone,370-480 m,50,"fine grained, medium strong to strong",brown,slightly weathered,1.5m,FRIABLE,3.0,Dry,,,"Wg-Ch, Ch-Sh",Heading+Bench,1.5m,50,50,150,100,φ6/100x100,4m,SN bolt,SN-25,1.5m,1.5m,115/25/20,1.2m,,,"Pregrout crown, Forepoling 32mm dia SDA @ 350c/c, 9m long with 3m overlap",100,,100,400,-,300,51.0,55.0,,5.0,13.0,11.0,,3.0,4.0,3.0,5.0,,13.0,-8.0
74,1636.0,III,B3,41-60,"Wg-Ch, Ch-Sh",Siltstone,370-480 m,50,"fine grained, medium strong to strong",brown,slightly weathered,1.5m,FRIABLE,3.0,Dry,,,"Wg-Ch, Ch-Sh",Heading+Bench,1.5m,50,50,150,100,φ6/100x100,4m,SN bolt,SN-25,1.5m,1.5m,115/25/20,1.2m,,,"Pregrout crown, Forepoling 32mm dia SDA @ 350c/c, 9m long with 3m overlap",100,,100,400,-,300,56.0,55.0,,5.0,13.0,11.0,,4.0,4.0,4.0,5.0,,14.0,-7.0
75,,III,B3,41-60,"Wg-Ch, Ch-Sh",Siltstone,,50,Fine grained,Brown,Slightly weathered,1.5m,Friable,3.0,Dry,,Oozing,"Wg-Ch, Ch-Sh",Heading+Bench,1.5m,50,50,150,100,φ6/100x100,4m,SN bolt,SN-25,1.5m,1.5m,115/25/20,1.2m,,,"Pregrout crown, Forepoling 32mm dia SDA @ 350c/c, 9m long with 3m overlap",100,,100,400,-,300,52.0,54.0,,4.0,13.0,11.0,,4.0,4.0,3.0,5.0,,13.0,-7.0
76,1640.0,III,B3,41-60,"Wg-Ch, Ch-Sh",Siltstone,370-480 m,50,fine grained,brown,slightly weathered,1.5m,Friable,3.0,Dry,,,"Wg-Ch, Ch-Sh",Heading+Bench,1.5m,50,50,150,100,φ6/100x100,4m,SN bolt,SN-25,1.5m,1.5m,115/25/20,1.2m,,,"Pregrout crown, Forepoling 32mm dia SDA @ 350c/c, 9m long with 3m overlap",100,,100,400,-,300,55.0,55.0,,5.0,13.0,11.0,,4.0,4.0,4.0,5.0,,14.0,-7.0
79,,III,B3,41-60,"Wg-Ch, Ch-Sh",Siltstone,,50,"fine grained, medium strong to strong",brown,fresh to slightly weathered,1.5m,FRIABLE,3.0,Dry,,,"Wg-Ch, Ch-Sh",Heading+Bench,1.5m,50,50,150,100,φ6/100x100,4m,SN bolt,SN-25,1.5m,1.5m,115/25/20,1.2m,,,"Pregrout crown, Forepoling 32mm dia SDA @ 350c/c, 9m long with 3m overlap",100,,100,400,-,300,54.0,52.0,,13.0,3.0,11.0,,4.0,4.0,3.0,5.0,,14.0,-7.0
83,,III,B3,41-60,"Wg-Ch, Ch-Sh",Siltstone,,50,fine grained,brown,fresh to slightly weathered,1.5m,FRIABLE,3.0,Dry,,,"Wg-Ch, Ch-Sh",Heading+Bench,1.5m,50,50,150,100,φ6/100x100,4m,SN bolt,SN-25,1.5m,1.5m,115/25/20,1.2m,,,"Pregrout crown, Forepoling 32mm dia SDA @ 350c/c, 9m long with 3m overlap",100,,100,400,-,300,57.0,54.0,,5.0,13.0,11.0,3.0,4.0,4.0,4.0,5.0,20.0,15.0,-7.0
143,,III,B3,41-60,"Wg-Ch, Ch-Sh",Siltstone,,50,Fine grained,Brown,Slightly weathered,1.5m,Fair,3.0,Dry,,oozing from two locations,"Wg-Ch, Ch-Sh",Heading+Bench,1.5m,50,50,150,100,φ6/100x100,4m,SN bolt,SN-25,1.5m,1.5m,115/25/20,1.2m,,,"Pregrout crown, Forepoling 32mm dia SDA @ 350c/c, 9m long with 3m overlap",100,,100,400,-,300,53.0,54.0,,7.0,13.0,10.0,2.0,4.0,3.0,2.0,5.0,16.0,14.0,-7.0
147,,,,,,"Siltstones, Sandstones, Claystones",,,"fine grained (Claystones), medium to strong (Siltstones), strong to very strong (Sandstones)","brown (Siltstones), grey (Sandstones)",slightly weathered to fresh,,Friable,3.0,dry,,,,,,,,,,,,,,,,,,,,,,,,,,,,,,,,,,,,,,,,
151,,III,B3,41-60,"Wg-Ch, Ch-Sh",Siltstone,,50,Fine grained,"Brown, Grey",Fresh to slightly weathered,1.5m,FRIABLE,3.0,Dry,,,"Wg-Ch, Ch-Sh",Heading+Bench,1.5m,50,50,150,100,φ6/100x100,4m,SN bolt,SN-25,1.5m,1.5m,115/25/20,1.2m,,,"Pregrout crown, Forepoling 32mm dia SDA @ 350c/c, 9m long with 3m overlap",100,,100,400,-,300,49.0,45.0,,5.0,8.0,10.0,3.0,3.0,4.0,3.0,5.0,18.0,15.0,
36,1546.8,III,B3,41-60,"Wg-Ch, Ch-Sh",SILTSTONE,370-480 m,50,fine grained,brown,slightly weathered,1.5m,Friable,3.0,Dry,,,"Wg-Ch, Ch-Sh",Heading+Bench,1.5m,50,50,150,100,φ6/100x100,4m,SN bolt,SN-25,1.5m,1.5m,115/25/20,1.2m,,,"Pregrout crown, Forepoling 32mm dia SDA @ 350c/c, 9m long with 3m overlap",100,,100,400,-,300,45.0,55.0,,5.0,8.0,10.0,,3.0,3.0,2.0,5.0,,15.0,-8.0
437,2487.0,III,B3,41-60,"Wg-Ch, Ch-Sh",Siltstones,540-700 m,50,fine grained,brown,slight,1.5m,FRIABLE,3.0,dry,,minor,"Wg-Ch, Ch-Sh",Heading+Bench,1.5m,50,50,150,100,φ6/100x100,4m,SN bolt,SN-25,1.5m,1.5m,115/25/20,1.2m,,,"Pregrout crown, Forepoling 32mm dia SDA @ 350c/c, 9m long with 3m overlap",100,,100,400,-,300,48.0,46.0,35.0,5.0,8.0,10.0,,3.0,4.0,3.0,5.0,,14.0,-7.0
441,2497.3,III,B3,41-60,"Wg-Ch, Ch-Sh",Siltstone,540-700 m,50,"fine grained, medium coarse grained","brown, grey to brown",slight,1.5m,FRIABLE,3.0,slightly damp,,,"Wg-Ch, Ch-Sh",Heading+Bench,1.5m,50,50,150,100,φ6/100x100,4m,SN bolt,SN-25,1.5m,1.5m,115/25/20,1.2m,,,"Pregrout crown, Forepoling 32mm dia SDA @ 350c/c, 9m long with 3m overlap",100,,100,400,-,300,46.0,48.0,35.0,5.0,8.0,10.0,3.0,3.0,3.0,2.0,5.0,16.0,14.0,-7.0
445,2506.0,III,B3,41-60,"Wg-Ch, Ch-Sh",SILTSTONE,540-700 m,50,Fine Grained,Brown,Fresh,1.5m,,3.0,Dry,,,"Wg-Ch, Ch-Sh",Heading+Bench,1.5m,50,50,150,100,φ6/100x100,4m,SN bolt,SN-25,1.5m,1.5m,115/25/20,1.2m,,,"Pregrout crown, Forepoling 32mm dia SDA @ 350c/c, 9m long with 3m overlap",100,,100,400,-,300,47.0,48.0,,4.0,8.0,10.0,,3.0,3.0,3.0,5.0,,15.0,-7.0
449,2513.8,III,B3,41-60,"Wg-Ch, Ch-Sh",Siltstone,540-700 m,50,fine grained,brown,slight weathering,1.5m,FRIABLE,3.0,dry,,,"Wg-Ch, Ch-Sh",Heading+Bench,1.5m,50,50,150,100,φ6/100x100,4m,SN bolt,SN-25,1.5m,1.5m,115/25/20,1.2m,,,"Pregrout crown, Forepoling 32mm dia SDA @ 350c/c, 9m long with 3m overlap",100,,100,400,-,300,51.0,52.0,35.0,4.0,13.0,10.0,3.0,3.0,3.0,2.0,5.0,16.0,15.0,-7.0
453,2521.8,III,B3,41-60,"Wg-Ch, Ch-Sh",Siltstone,540-700 m,50,fine grained to coarse grained,brown to grey to brown,slight,1.5m,FRIABLE,3.0,Dry,,,"Wg-Ch, Ch-Sh",Heading+Bench,1.5m,50,50,150,100,φ6/100x100,4m,SN bolt,SN-25,1.5m,1.5m,115/25/20,1.2m,,,"Pregrout crown, Forepoling 32mm dia SDA @ 350c/c, 9m long with 3m overlap",100,,100,400,-,300,52.0,52.0,,5.0,13.0,10.0,3.0,3.0,3.0,2.0,5.0,16.0,15.0,-7.0
457,2529.5,III,B3,41-60,"Wg-Ch, Ch-Sh",Siltstone,540-700 m,50,fine to coarse grained,grey to brown,slight,1.5m,FRIABLE,3.0,Dry,,,"Wg-Ch, Ch-Sh",Heading+Bench,1.5m,50,50,150,100,φ6/100x100,4m,SN bolt,SN-25,1.5m,1.5m,115/25/20,1.2m,,,"Pregrout crown, Forepoling 32mm dia SDA @ 350c/c, 9m long with 3m overlap",100,,100,400,-,300,52.0,52.0,,5.0,13.0,10.0,3.0,3.0,3.0,2.0,5.0,16.0,15.0,-7.0
461,2537.5,III,B3,41-60,"Wg-Ch, Ch-Sh",Siltstone,540-700 m,50,"fine to coarse grained, fine grained","grey to brown, brown",slight,1.5m,FRIABLE,3.0,dry,,,"Wg-Ch, Ch-Sh",Heading+Bench,1.5m,50,50,150,100,φ6/100x100,4m,SN bolt,SN-25,1.5m,1.5m,115/25/20,1.2m,,,"Pregrout crown, Forepoling 32mm dia SDA @ 350c/c, 9m long with 3m overlap",100,,100,400,-,300,52.0,52.0,35.0,5.0,13.0,10.0,3.0,3.0,3.0,2.0,5.0,16.0,15.0,-7.0
465,2546.3,III,B3,41-60,"Wg-Ch, Ch-Sh",Siltstone,540-700 m,50,fine grained,brown,slight,1.5m,FRIABLE,3.0,dry,,,"Wg-Ch, Ch-Sh",Heading+Bench,1.5m,50,50,150,100,φ6/100x100,4m,SN bolt,SN-25,1.5m,1.5m,115/25/20,1.2m,,,"Pregrout crown, Forepoling 32mm dia SDA @ 350c/c, 9m long with 3m overlap",100,,100,400,-,300,49.0,48.0,35.0,5.0,8.0,10.0,3.0,3.0,4.0,3.0,5.0,18.0,15.0,-7.0
956,7362.5,III,B3,41-60,"Wg-Ch, Ch-Sh",SANDSTONE,720-500 m,50,fine grained,"grey coloured, brown colour",Fresh,1.5m,FRIABLE,4.0,dry and slightly oozing,,slightly oozing,"Wg-Ch, Ch-Sh",Heading+Bench,1.5m,50,50,150,100,φ6/100x100,4m,SN bolt,SN-25,1.5m,1.5m,115/25/20,1.2m,,,"Pregrout crown, Forepoling 32mm dia SDA @ 350c/c, 9m long with 3m overlap",100,,100,400,-,300,55.0,55.0,55.0,13.0,13.0,10.0,2.0,3.0,3.0,3.0,6.0,17.0,13.0,-5.0
957,7359.5,III,B3,41-60,"Wg-Ch, Ch-Sh",sandstone,720-500 m,50,fine to medium grained,"grey coloured, brown coloured",Fresh,1.5m,FRIABLE,4.0,Dry / Damp,,,"Wg-Ch, Ch-Sh",Heading+Bench,1.5m,50,50,150,100,φ6/100x100,4m,SN bolt,SN-25,1.5m,1.5m,115/25/20,1.2m,,,"Pregrout crown, Forepoling 32mm dia SDA @ 350c/c, 9m long with 3m overlap",100,,100,400,-,300,55.0,55.0,55.0,7.0,13.0,10.0,,3.0,3.0,3.0,6.0,,13.0,-5.0
958,7357.0,III,B3,41-60,"Wg-Ch, Ch-Sh",SANDSTONE,720-500 m,50,"fine grained, medium grained","grey coloured, brown colour",Fresh,1.5m,FRIABLE,4.0,dry and slightly damp,,,"Wg-Ch, Ch-Sh",Heading+Bench,1.5m,50,50,150,100,φ6/100x100,4m,SN bolt,SN-25,1.5m,1.5m,115/25/20,1.2m,,,"Pregrout crown, Forepoling 32mm dia SDA @ 350c/c, 9m long with 3m overlap",100,,100,400,-,300,54.0,55.0,85.0,6.0,13.0,9.0,15.0,3.0,4.0,3.0,6.0,31.0,13.0,-5.0
959,7354.5,III,B3,41-60,"Wg-Ch, Ch-Sh",Sandstone,720-500 m,50,"fine grained, medium grained","grey, brown/grey",Fresh,1.5m,FRIABLE,4.0,dry and slightly damp,,slightly damp,"Wg-Ch, Ch-Sh",Heading+Bench,1.5m,50,50,150,100,φ6/100x100,4m,SN bolt,SN-25,1.5m,1.5m,115/25/20,1.2m,,,"Pregrout crown, Forepoling 32mm dia SDA @ 350c/c, 9m long with 3m overlap",100,,100,400,-,300,54.0,55.0,55.0,5.0,13.0,9.0,,3.0,3.0,3.0,6.0,,14.0,-5.0
960,7351.5,III,B3,41-60,"Wg-Ch, Ch-Sh",SANDSTONE,720-500 m,50,fine grained,grey,Fresh,1.5m,FRIABLE,4.0,dry and slightly damp,,,"Wg-Ch, Ch-Sh",Heading+Bench,1.5m,50,50,150,100,φ6/100x100,4m,SN bolt,SN-25,1.5m,1.5m,115/25/20,1.2m,,,"Pregrout crown, Forepoling 32mm dia SDA @ 350c/c, 9m long with 3m overlap",100,,100,400,-,300,60.0,55.0,55.0,7.0,13.0,11.0,2.0,4.0,3.0,3.0,6.0,18.0,14.0,-5.0
961,7349.0,III,B3,41-60,"Wg-Ch, Ch-Sh",sandstone,720-500 m,50,fine to medium grained,"grey coloured, grey/brown coloured",Fresh,1.5m,FRIABLE,4.0,Dry / Damp,,,"Wg-Ch, Ch-Sh",Heading+Bench,1.5m,50,50,150,100,φ6/100x100,4m,SN bolt,SN-25,1.5m,1.5m,115/25/20,1.2m,,,"Pregrout crown, Forepoling 32mm dia SDA @ 350c/c, 9m long with 3m overlap",100,,100,400,-,300,57.0,50.5,55.0,7.0,13.0,10.0,2.0,3.0,4.0,3.0,6.0,18.0,14.0,-5.0
961,7346.0,III,B3,41-60,"Wg-Ch, Ch-Sh",sandstone,720-500 m,50,fine to medium grained,"grey coloured, grey/brown coloured",Fresh,1.5m,FRIABLE,4.0,Dry / Damp,,,"Wg-Ch, Ch-Sh",Heading+Bench,1.5m,50,50,150,100,φ6/100x100,4m,SN bolt,SN-25,1.5m,1.5m,115/25/20,1.2m,,,"Pregrout crown, Forepoling 32mm dia SDA @ 350c/c, 9m long with 3m overlap",100,,100,400,-,300,55.0,50.5,55.0,7.0,13.0,10.0,,3.0,3.0,3.0,6.0,,14.0,-5.0
963,7342.5,III,B3,41-60,"Wg-Ch, Ch-Sh",SANDSTONE,720-500 m,50,"fine grained, fine grained","grey coloured, brown/grey colour",Fresh,1.5m,FRIABLE,4.0,dry and slightly damp,,slightly damp,"Wg-Ch, Ch-Sh",Heading+Bench,1.5m,50,50,150,100,φ6/100x100,4m,SN bolt,SN-25,1.5m,1.5m,115/25/20,1.2m,,,"Pregrout crown, Forepoling 32mm dia SDA @ 350c/c, 9m long with 3m overlap",100,,100,400,-,300,56.0,55.0,55.5,5.0,13.0,11.0,2.0,3.0,3.0,3.0,6.0,17.0,14.0,-5.0
964,7339.5,III,B3,41-60,"Wg-Ch, Ch-Sh",SANDSTONE,720-500 m,50,"fine grained, fine grained","grey coloured, brown/grey colour",Fresh,1.5m,FRIABLE,4.0,dry and slightly damp,,slightly damp,"Wg-Ch, Ch-Sh",Heading+Bench,1.5m,50,50,150,100,φ6/100x100,4m,SN bolt,SN-25,1.5m,1.5m,115/25/20,1.2m,,,"Pregrout crown, Forepoling 32mm dia SDA @ 350c/c, 9m long with 3m overlap",100,,100,400,-,300,56.0,55.0,,5.0,13.0,11.0,2.0,3.0,3.0,3.0,6.0,17.0,14.0,-5.0
965,7337.0,III,B3,41-60,"Wg-Ch, Ch-Sh",SANDSTONE,720-500 m,50,"fine grained, fine grained","grey coloured, brown/grey colour",Fresh,1.5m,FRIABLE,4.0,dry and slightly damp,,slightly damp,"Wg-Ch, Ch-Sh",Heading+Bench,1.5m,50,50,150,100,φ6/100x100,4m,SN bolt,SN-25,1.5m,1.5m,115/25/20,1.2m,,,"Pregrout crown, Forepoling 32mm dia SDA @ 350c/c, 9m long with 3m overlap",100,,100,400,-,300,57.0,55.0,55.0,5.0,13.0,11.0,,3.0,3.0,3.0,6.0,,14.0,-5.0
966,7334.0,III,B3,41-60,"Wg-Ch, Ch-Sh",Sandstone,720-500 m,50,"Fine grained (Sandstone), Fine grained (Sandy Siltstone)","Grey (Sandstone), Brown/Grey (Sandy Siltstone)",Fresh,1.5m,FRIABLE,4.0,Dry and slightly damp,,,"Wg-Ch, Ch-Sh",Heading+Bench,1.5m,50,50,150,100,φ6/100x100,4m,SN bolt,SN-25,1.5m,1.5m,115/25/20,1.2m,,,"Pregrout crown, Forepoling 32mm dia SDA @ 350c/c, 9m long with 3m overlap",100,,100,400,-,300,56.0,55.0,55.0,5.0,13.0,10.0,,3.0,3.0,3.0,,,15.0,-5.0
968,7328.0,III,B3,41-60,"Wg-Ch, Ch-Sh",sandstone,720-500 m,50,fine to medium grained,"grey coloured, grey/brown coloured",Fresh,1.5m,FRIABLE,4.0,Dry / Damp,,,"Wg-Ch, Ch-Sh",Heading+Bench,1.5m,50,50,150,100,φ6/100x100,4m,SN bolt,SN-25,1.5m,1.5m,115/25/20,1.2m,,,"Pregrout crown, Forepoling 32mm dia SDA @ 350c/c, 9m long with 3m overlap",100,,100,400,-,300,54.0,55.0,55.0,5.0,13.0,9.0,2.0,3.0,3.0,3.0,6.0,17.0,14.0,-5.0
02,7325.0,III,B3,41-60,"Wg-Ch, Ch-Sh",Sandstone,720-500 m,50,"fine grained, fine grained","grey coloured, brown/grey colour",Fresh,1.5m,FRIABLE,4.0,slightly damp,,slightly damp,"Wg-Ch, Ch-Sh",Heading+Bench,1.5m,50,50,150,100,φ6/100x100,4m,SN bolt,SN-25,1.5m,1.5m,115/25/20,1.2m,,,"Pregrout crown, Forepoling 32mm dia SDA @ 350c/c, 9m long with 3m overlap",100,,100,400,-,300,54.0,55.0,50.0,5.0,13.0,9.0,,3.0,3.0,3.0,6.0,,14.0,-5.0
970,7321.5,III,B3,41-60,"Wg-Ch, Ch-Sh",Sandstone,720-500 m,50,fine grained,grey,Fresh,1.5m,FRIABLE,4.0,slightly damp,,,"Wg-Ch, Ch-Sh",Heading+Bench,1.5m,50,50,150,100,φ6/100x100,4m,SN bolt,SN-25,1.5m,1.5m,115/25/20,1.2m,,,"Pregrout crown, Forepoling 32mm dia SDA @ 350c/c, 9m long with 3m overlap",100,,100,400,-,300,55.0,55.0,3189.5,5.0,13.0,9.0,,4.0,3.0,3.0,6.0,,14.0,-5.0
971,7317.5,III,B3,41-60,"Wg-Ch, Ch-Sh",SANDSTONE,720-500 m,50,fine grained,grey,Fresh,1.5m,FRIABLE,4.0,slightly damp,0.0,,"Wg-Ch, Ch-Sh",Heading+Bench,1.5m,50,50,150,100,φ6/100x100,4m,SN bolt,SN-25,1.5m,1.5m,115/25/20,1.2m,,,"Pregrout crown, Forepoling 32mm dia SDA @ 350c/c, 9m long with 3m overlap",100,,100,400,-,300,65.0,55.0,55.0,5.0,13.0,11.0,15.0,3.0,3.0,3.0,6.0,30.0,14.0,-5.0
980,7292.0,III,B3,41-60,"Wg-Ch, Ch-Sh",Sandstone,720-500 m,50,fine grained,grey coloured,Fresh,1.5m,FRIABLE,4.0,dry and slightly damp,,,"Wg-Ch, Ch-Sh",Heading+Bench,1.5m,50,50,150,100,φ6/100x100,4m,SN bolt,SN-25,1.5m,1.5m,115/25/20,1.2m,,,"Pregrout crown, Forepoling 32mm dia SDA @ 350c/c, 9m long with 3m overlap",100,,100,400,-,300,54.0,50.0,3169.0,5.0,13.0,10.0,15.0,3.0,3.0,3.0,6.0,30.0,14.0,-5.0
981,7289.0,III,B3,41-60,"Wg-Ch, Ch-Sh",SANDSTONE,720-500 m,50,fine to medium grained,brown/grey,Fresh,1.5m,FRIABLE,4.0,slightly damp,0.0,,"Wg-Ch, Ch-Sh",Heading+Bench,1.5m,50,50,150,100,φ6/100x100,4m,SN bolt,SN-25,1.5m,1.5m,115/25/20,1.2m,,,"Pregrout crown, Forepoling 32mm dia SDA @ 350c/c, 9m long with 3m overlap",100,,100,400,-,300,47.0,50.0,70.0,5.0,8.0,9.0,2.0,3.0,3.0,3.0,6.0,17.0,14.0,-5.0
982,7286.5,III,B3,41-60,"Wg-Ch, Ch-Sh",Sandstone,720-500 m,50,"fine grained, fine grained","grey coloured, brown colour",Fresh,1.5m,,4.0,slightly damp,,,"Wg-Ch, Ch-Sh",Heading+Bench,1.5m,50,50,150,100,φ6/100x100,4m,SN bolt,SN-25,1.5m,1.5m,115/25/20,1.2m,,,"Pregrout crown, Forepoling 32mm dia SDA @ 350c/c, 9m long with 3m overlap",100,,100,400,-,300,48.0,55.0,,5.0,8.0,9.0,2.0,3.0,3.0,2.0,6.0,16.0,14.0,-5.0
983,7283.5,III,B3,41-60,"Wg-Ch, Ch-Sh",Sandstone,720-500 m,50,fine grained,grey/brown,Fresh,1.5m,FRIABLE,4.0,slightly damp,,,"Wg-Ch, Ch-Sh",Heading+Bench,1.5m,50,50,150,100,φ6/100x100,4m,SN bolt,SN-25,1.5m,1.5m,115/25/20,1.2m,,,"Pregrout crown, Forepoling 32mm dia SDA @ 350c/c, 9m long with 3m overlap",100,,100,400,-,300,48.0,55.0,55.0,5.0,8.0,9.0,,3.0,3.0,2.0,6.0,,14.0,-5.0
01,7280.5,III,B3,41-60,"Wg-Ch, Ch-Sh",SANDSTONE,720-500 m,50,fine grained,grey,Fresh,1.5m,FRIABLE,4.0,slightly damp,,,"Wg-Ch, Ch-Sh",Heading+Bench,1.5m,50,50,150,100,φ6/100x100,4m,SN bolt,SN-25,1.5m,1.5m,115/25/20,1.2m,,,"Pregrout crown, Forepoling 32mm dia SDA @ 350c/c, 9m long with 3m overlap",100,,100,400,-,300,48.0,55.0,55.0,5.0,8.0,9.0,,3.0,4.0,2.0,6.0,,14.0,-5.0
985,7277.5,III,B3,41-60,"Wg-Ch, Ch-Sh",SANDSTONE,720-500 m,50,fine grained,grey,Fresh,1.5m,FRIABLE,4.0,slightly damp,,,"Wg-Ch, Ch-Sh",Heading+Bench,1.5m,50,50,150,100,φ6/100x100,4m,SN bolt,SN-25,1.5m,1.5m,115/25/20,1.2m,,,"Pregrout crown, Forepoling 32mm dia SDA @ 350c/c, 9m long with 3m overlap",100,,100,400,-,300,49.0,50.0,55.0,5.0,8.0,9.0,,3.0,3.0,3.0,6.0,,14.0,-5.0
986,7275.5,III,B3,41-60,"Wg-Ch, Ch-Sh",SANDSTONE,720-500 m,50,fine grained,grey/brown,Fresh,1.5m,FRIABLE,4.0,dry and slightly damp,,,"Wg-Ch, Ch-Sh",Heading+Bench,1.5m,50,50,150,100,φ6/100x100,4m,SN bolt,SN-25,1.5m,1.5m,115/25/20,1.2m,,,"Pregrout crown, Forepoling 32mm dia SDA @ 350c/c, 9m long with 3m overlap",100,,100,400,-,300,49.0,50.0,55.0,6.0,8.0,9.0,,3.0,3.0,3.0,6.0,,14.0,-5.0
987,7272.5,III,B3,41-60,"Wg-Ch, Ch-Sh",SANDSTONE,720-500 m,50,fine grained,grey/brown,Fresh,1.5m,FRIABLE,4.0,slightly damp,,,"Wg-Ch, Ch-Sh",Heading+Bench,1.5m,50,50,150,100,φ6/100x100,4m,SN bolt,SN-25,1.5m,1.5m,115/25/20,1.2m,,,"Pregrout crown, Forepoling 32mm dia SDA @ 350c/c, 9m long with 3m overlap",100,,100,400,-,300,49.0,55.0,55.0,5.0,8.0,10.0,,3.0,3.0,2.0,6.0,,14.0,-5.0
1438,4727.5,III,B3,41-60,"Wg-Ch, Ch-Sh",Sandy Siltstone,700-1000 m,50,fine to medium grained,grey/brown,Fresh,1.5m,Friable,3.0,Dry,,,"Wg-Ch, Ch-Sh",Heading+Bench,1.5m,50,50,150,100,φ6/100x100,4m,SN bolt,SN-25,1.5m,1.5m,115/25/20,1.2m,,,"Pregrout crown, Forepoling 32mm dia SDA @ 350c/c, 9m long with 3m overlap",100,,100,400,-,300,49.0,55.0,,7.0,8.0,9.0,2.0,3.0,4.0,2.0,6.0,17.0,15.0,-7.0
1421,4736.0,III,B3,41-60,"Wg-Ch, Ch-Sh",Sandstone,700-1000 m,50,fine to medium grained,grey,Fresh,1.5m,Friable,3.0,Dry,,,"Wg-Ch, Ch-Sh",Heading+Bench,1.5m,50,50,150,100,φ6/100x100,4m,SN bolt,SN-25,1.5m,1.5m,115/25/20,1.2m,,,"Pregrout crown, Forepoling 32mm dia SDA @ 350c/c, 9m long with 3m overlap",100,,100,400,-,300,48.0,55.0,55.0,5.0,8.0,8.0,2.0,3.0,4.0,2.0,6.0,17.0,15.0,-7.0
1403,4743.0,III,B3,41-60,"Wg-Ch, Ch-Sh",Sandstones,700-1000 m,50,fine to medium grained,grey,Fresh,1.5m,FRIABLE,3.0,Dry,,,"Wg-Ch, Ch-Sh",Heading+Bench,1.5m,50,50,150,100,φ6/100x100,4m,SN bolt,SN-25,1.5m,1.5m,115/25/20,1.2m,,,"Pregrout crown, Forepoling 32mm dia SDA @ 350c/c, 9m long with 3m overlap",100,,100,400,-,300,49.0,55.0,55.0,7.0,8.0,9.0,2.0,3.0,4.0,2.0,6.0,17.0,15.0,-7.0
1357,4751.0,III,B3,41-60,"Wg-Ch, Ch-Sh",Sandstones,700-1000 m,50,fine to medium grained,grey coloured,Fresh,1.5m,Friable,3.0,Dry,,,"Wg-Ch, Ch-Sh",Heading+Bench,1.5m,50,50,150,100,φ6/100x100,4m,SN bolt,SN-25,1.5m,1.5m,115/25/20,1.2m,,,"Pregrout crown, Forepoling 32mm dia SDA @ 350c/c, 9m long with 3m overlap",100,,100,400,-,300,49.0,55.0,,7.0,8.0,8.0,,3.0,4.0,2.0,6.0,,15.0,-7.0
1328,4759.0,III,B3,41-60,"Wg-Ch, Ch-Sh",Sandstone,700-1000 m,50,Fine to medium grained,Grey / Brown,Fresh,1.5m,FRIABLE,3.0,Dry,,,"Wg-Ch, Ch-Sh",Heading+Bench,1.5m,50,50,150,100,φ6/100x100,4m,SN bolt,SN-25,1.5m,1.5m,115/25/20,1.2m,,,"Pregrout crown, Forepoling 32mm dia SDA @ 350c/c, 9m long with 3m overlap",100,,100,400,-,300,49.0,55.0,55.0,7.0,8.0,9.0,2.0,3.0,4.0,2.0,6.0,17.0,15.0,-7.0
1307,4767.0,III,B3,41-60,"Wg-Ch, Ch-Sh",Sandstone,700-1000 m,50,"fine to medium grained, medium grained","grey coloured, brown coloured",Fresh,1.5m,Friable,3.0,Dry,,,"Wg-Ch, Ch-Sh",Heading+Bench,1.5m,50,50,150,100,φ6/100x100,4m,SN bolt,SN-25,1.5m,1.5m,115/25/20,1.2m,,,"Pregrout crown, Forepoling 32mm dia SDA @ 350c/c, 9m long with 3m overlap",100,,100,400,-,300,49.0,50.0,60.0,7.0,8.0,9.0,2.0,3.0,4.0,2.0,6.0,17.0,15.0,
1251,4787.0,III,B3,41-60,"Wg-Ch, Ch-Sh",Sandstones,700-1000 m,50,fine to medium grained,"grey, brown, grey-brown",Fresh,1.5m,Friable,3.0,Dry,,,"Wg-Ch, Ch-Sh",Heading+Bench,1.5m,50,50,150,100,φ6/100x100,4m,SN bolt,SN-25,1.5m,1.5m,115/25/20,1.2m,,,"Pregrout crown, Forepoling 32mm dia SDA @ 350c/c, 9m long with 3m overlap",100,,100,400,-,300,48.0,55.0,55.0,6.0,8.0,9.0,,3.0,4.0,2.0,6.0,,15.0,-7.0
1266,4795.0,III,B3,41-60,"Wg-Ch, Ch-Sh",Siltstone,700-1000 m,50,"fine grained, medium grained","brown, grey",Fresh,1.5m,Friable,3.0,Dry,,,"Wg-Ch, Ch-Sh",Heading+Bench,1.5m,50,50,150,100,φ6/100x100,4m,SN bolt,SN-25,1.5m,1.5m,115/25/20,1.2m,,,"Pregrout crown, Forepoling 32mm dia SDA @ 350c/c, 9m long with 3m overlap",100,,100,400,-,300,46.0,55.0,55.0,5.0,8.0,8.0,2.0,3.0,3.0,2.0,6.0,16.0,15.0,-7.0
1282,4802.0,III,B3,41-60,"Wg-Ch, Ch-Sh",Siltstone,700-1000 m,50,fine to medium grain,grey & brown,Fresh,1.5m,Friable,3.0,Dry,,,"Wg-Ch, Ch-Sh",Heading+Bench,1.5m,50,50,150,100,φ6/100x100,4m,SN bolt,SN-25,1.5m,1.5m,115/25/20,1.2m,,,"Pregrout crown, Forepoling 32mm dia SDA @ 350c/c, 9m long with 3m overlap",100,,100,400,-,300,47.0,55.0,50.0,5.0,8.0,9.0,2.0,3.0,4.0,2.0,6.0,17.0,15.0,-7.0
1295,4810.0,III,B3,41-60,"Wg-Ch, Ch-Sh",Siltstone,700-1000 m,50,"fine grained, medium grained, fine to medium grained","brown coloured, grey/brown coloured, grey coloured",Fresh,1.5m,Friable,3.0,Dry,,,"Wg-Ch, Ch-Sh",Heading+Bench,1.5m,50,50,150,100,φ6/100x100,4m,SN bolt,SN-25,1.5m,1.5m,115/25/20,1.2m,,,"Pregrout crown, Forepoling 32mm dia SDA @ 350c/c, 9m long with 3m overlap",100,,100,400,-,300,47.0,55.0,55.0,5.0,8.0,9.0,2.0,3.0,4.0,2.0,6.0,17.0,15.0,-7.0
1314,4818.0,III,B3,41-60,"Wg-Ch, Ch-Sh",Siltstone,700-1000 m,50,fine to medium grained,"brown coloured, grey/brown coloured",Fresh,1.5m,FRIABLE,3.0,Dry,,,"Wg-Ch, Ch-Sh",Heading+Bench,1.5m,50,50,150,100,φ6/100x100,4m,SN bolt,SN-25,1.5m,1.5m,115/25/20,1.2m,,,"Pregrout crown, Forepoling 32mm dia SDA @ 350c/c, 9m long with 3m overlap",100,,100,400,-,300,46.0,55.0,,6.0,8.0,8.0,2.0,3.0,3.0,2.0,6.0,16.0,15.0,-7.0
1333,4826.5,III,B3,41-60,"Wg-Ch, Ch-Sh",Siltstone,700-1000 m,50,"fine grained, medium grained, fine to medium grained","brown coloured, grey/brown coloured",Fresh,1.5m,Friable,3.0,Dry,,,"Wg-Ch, Ch-Sh",Heading+Bench,1.5m,50,50,150,100,φ6/100x100,4m,SN bolt,SN-25,1.5m,1.5m,115/25/20,1.2m,,,"Pregrout crown, Forepoling 32mm dia SDA @ 350c/c, 9m long with 3m overlap",100,,100,400,-,300,47.0,55.0,55.0,6.0,8.0,8.0,2.0,3.0,4.0,2.0,6.0,17.0,15.0,-7.0
1352.50,4834.5,III,B3,41-60,"Wg-Ch, Ch-Sh",Siltstones,700-1000 m,50,fine to medium grained,brown,Fresh,1.5m,Friable,3.0,Dry,0.0,,"Wg-Ch, Ch-Sh",Heading+Bench,1.5m,50,50,150,100,φ6/100x100,4m,SN bolt,SN-25,1.5m,1.5m,115/25/20,1.2m,,,"Pregrout crown, Forepoling 32mm dia SDA @ 350c/c, 9m long with 3m overlap",100,,100,400,-,300,48.0,55.0,55.0,5.0,8.0,8.0,3.0,3.0,4.0,2.0,6.0,18.0,15.0,-7.0
1364,4842.0,III,B3,41-60,"Wg-Ch, Ch-Sh",SANDY SILTSTONE,700-1000 m,50,fine to medium grained,brown,Fresh,1.5m,FRIABLE,3.0,Dry,,,"Wg-Ch, Ch-Sh",Heading+Bench,1.5m,50,50,150,100,φ6/100x100,4m,SN bolt,SN-25,1.5m,1.5m,115/25/20,1.2m,,,"Pregrout crown, Forepoling 32mm dia SDA @ 350c/c, 9m long with 3m overlap",100,,100,400,-,300,48.0,55.0,55.0,5.0,8.0,8.0,3.0,3.0,4.0,2.0,6.0,18.0,15.0,-7.0
1375,4850.0,III,B3,41-60,"Wg-Ch, Ch-Sh",Sandy Siltstone,700-1000 m,50,fine to medium grained,brown,Fresh,1.5m,FRIABLE,3.0,Dry,,,"Wg-Ch, Ch-Sh",Heading+Bench,1.5m,50,50,150,100,φ6/100x100,4m,SN bolt,SN-25,1.5m,1.5m,115/25/20,1.2m,,,"Pregrout crown, Forepoling 32mm dia SDA @ 350c/c, 9m long with 3m overlap",100,,100,400,-,300,49.0,55.0,55.0,7.0,8.0,9.0,2.0,3.0,4.0,2.0,6.0,17.0,15.0,
1386,4858.0,III,B3,41-60,"Wg-Ch, Ch-Sh",Siltstone,700-1000 m,50,fine to medium grained,"brown coloured, grey coloured, grey/brown coloured",Fresh,1.5m,FRIABLE,3.0,Dry,,,"Wg-Ch, Ch-Sh",Heading+Bench,1.5m,50,50,150,100,φ6/100x100,4m,SN bolt,SN-25,1.5m,1.5m,115/25/20,1.2m,,,"Pregrout crown, Forepoling 32mm dia SDA @ 350c/c, 9m long with 3m overlap",100,,100,400,-,300,48.0,55.0,,6.0,8.0,9.0,2.0,3.0,4.0,2.0,6.0,17.0,15.0,-7.0
1398,4866.0,III,B3,41-60,"Wg-Ch, Ch-Sh",Sandy Siltstone,700-1000 m,50,fine to medium grained,"grey-brown, brown",Fresh,1.5m,FRIABLE,3.0,Dry,,,"Wg-Ch, Ch-Sh",Heading+Bench,1.5m,50,50,150,100,φ6/100x100,4m,SN bolt,SN-25,1.5m,1.5m,115/25/20,1.2m,,,"Pregrout crown, Forepoling 32mm dia SDA @ 350c/c, 9m long with 3m overlap",100,,100,400,-,300,49.0,55.0,55.0,7.0,8.0,9.0,2.0,3.0,4.0,2.0,6.0,17.0,15.0,
1415,4873.5,III,B3,41-60,"Wg-Ch, Ch-Sh",Sandy Siltstone,700-1000 m,50,fine to medium grained,grey/brown,Fresh,1.5m,Friable,3.0,Dry,,,"Wg-Ch, Ch-Sh",Heading+Bench,1.5m,50,50,150,100,φ6/100x100,4m,SN bolt,SN-25,1.5m,1.5m,115/25/20,1.2m,,,"Pregrout crown, Forepoling 32mm dia SDA @ 350c/c, 9m long with 3m overlap",100,,100,400,-,300,49.0,55.0,55.0,7.0,8.0,9.0,2.0,3.0,4.0,2.0,6.0,17.0,15.0,-7.0
1510,4881.5,III,B3,41-60,"Wg-Ch, Ch-Sh",Sandy Siltstone,700-1000 m,50,fine to medium grained,grey/brown,Fresh,1.5m,FRIABLE,3.0,Dry,,,"Wg-Ch, Ch-Sh",Heading+Bench,1.5m,50,50,150,100,φ6/100x100,4m,SN bolt,SN-25,1.5m,1.5m,115/25/20,1.2m,,,"Pregrout crown, Forepoling 32mm dia SDA @ 350c/c, 9m long with 3m overlap",100,,100,400,-,300,48.0,55.0,55.0,7.0,8.0,8.0,2.0,3.0,4.0,2.0,6.0,17.0,15.0,-7.0
1525,4890.5,III,B3,41-60,"Wg-Ch, Ch-Sh",Sandy Siltstone,700-1000 m,50,fine to medium grained,grey & brown,Fresh,1.5m,Friable,3.0,Dry,,,"Wg-Ch, Ch-Sh",Heading+Bench,1.5m,50,50,150,100,φ6/100x100,4m,SN bolt,SN-25,1.5m,1.5m,115/25/20,1.2m,,,"Pregrout crown, Forepoling 32mm dia SDA @ 350c/c, 9m long with 3m overlap",100,,100,400,-,300,49.0,55.0,55.0,7.0,8.0,9.0,2.0,3.0,4.0,2.0,6.0,17.0,15.0,-7.0
1536,4899.0,III,B3,41-60,"Wg-Ch, Ch-Sh",Sandy Siltstone,700-1000 m,50,Fine to medium grained,Grey & brown,Fresh,1.5m,FRIABLE,3.0,Dry,,,"Wg-Ch, Ch-Sh",Heading+Bench,1.5m,50,50,150,100,φ6/100x100,4m,SN bolt,SN-25,1.5m,1.5m,115/25/20,1.2m,,,"Pregrout crown, Forepoling 32mm dia SDA @ 350c/c, 9m long with 3m overlap",100,,100,400,-,300,49.0,55.0,55.0,7.0,8.0,9.0,2.0,3.0,4.0,2.0,6.0,17.0,15.0,-7.0
1542,4906.5,III,B3,41-60,"Wg-Ch, Ch-Sh",Sandy Siltstone,700-1000 m,50,fine to medium grained,grey & brown,Fresh,1.5m,FRIABLE,3.0,Dry,,,"Wg-Ch, Ch-Sh",Heading+Bench,1.5m,50,50,150,100,φ6/100x100,4m,SN bolt,SN-25,1.5m,1.5m,115/25/20,1.2m,,,"Pregrout crown, Forepoling 32mm dia SDA @ 350c/c, 9m long with 3m overlap",100,,100,400,-,300,49.0,55.0,55.0,7.0,8.0,9.0,2.0,3.0,4.0,2.0,6.0,17.0,15.0,-7.0
1549,4914.5,III,B3,41-60,"Wg-Ch, Ch-Sh",Sandy Siltstone,700-1000 m,50,fine to medium grained,grey & brown,Fresh,1.5m,Friable,3.0,Dry,,,"Wg-Ch, Ch-Sh",Heading+Bench,1.5m,50,50,150,100,φ6/100x100,4m,SN bolt,SN-25,1.5m,1.5m,115/25/20,1.2m,,,"Pregrout crown, Forepoling 32mm dia SDA @ 350c/c, 9m long with 3m overlap",100,,100,400,-,300,49.0,55.0,,7.0,8.0,9.0,,3.0,4.0,2.0,6.0,,15.0,-7.0
1555,4922.5,III,B3,41-60,"Wg-Ch, Ch-Sh",Sandy Siltstone,700-1000 m,50,fine to medium grained,grey & brown,Fresh,1.5m,Friable,3.0,Dry,,,"Wg-Ch, Ch-Sh",Heading+Bench,1.5m,50,50,150,100,φ6/100x100,4m,SN bolt,SN-25,1.5m,1.5m,115/25/20,1.2m,,,"Pregrout crown, Forepoling 32mm dia SDA @ 350c/c, 9m long with 3m overlap",100,,100,400,-,300,50.0,55.0,,7.0,8.0,9.0,,3.0,5.0,2.0,6.0,,15.0,-7.0
1560,4931.0,III,B3,41-60,"Wg-Ch, Ch-Sh",Sandstone,700-1000 m,50,fine to medium grained,"grey, brown",Fresh,1.5m,FRIABLE,3.0,Dry,0.0,,"Wg-Ch, Ch-Sh",Heading+Bench,1.5m,50,50,150,100,φ6/100x100,4m,SN bolt,SN-25,1.5m,1.5m,115/25/20,1.2m,,,"Pregrout crown, Forepoling 32mm dia SDA @ 350c/c, 9m long with 3m overlap",100,,100,400,-,300,52.0,55.0,55.0,5.0,8.0,9.0,2.0,3.0,5.0,3.0,6.0,19.0,15.0,-7.0
1565,4938.5,III,B3,41-60,"Wg-Ch, Ch-Sh",Sandstones,700-1000 m,50,fine to medium grained,"grey coloured, brown coloured",Fresh,1.5m,Friable,3.0,Dry,,,"Wg-Ch, Ch-Sh",Heading+Bench,1.5m,50,50,150,100,φ6/100x100,4m,SN bolt,SN-25,1.5m,1.5m,115/25/20,1.2m,,,"Pregrout crown, Forepoling 32mm dia SDA @ 350c/c, 9m long with 3m overlap",100,,100,400,-,300,50.0,55.0,,5.0,8.0,9.0,,3.0,5.0,2.0,6.0,,15.0,
1571,4947.0,III,B3,41-60,"Wg-Ch, Ch-Sh",Sandstone,700-1000 m,50,fine to medium grained,"grey, brown",Fresh,1.5m,FRIABLE,3.0,Dry,,,"Wg-Ch, Ch-Sh",Heading+Bench,1.5m,50,50,150,100,φ6/100x100,4m,SN bolt,SN-25,1.5m,1.5m,115/25/20,1.2m,,,"Pregrout crown, Forepoling 32mm dia SDA @ 350c/c, 9m long with 3m overlap",100,,100,400,-,300,50.0,55.0,55.0,5.0,8.0,9.0,,3.0,4.0,2.0,6.0,,15.0,-7.0
1577,4955.0,III,B3,41-60,"Wg-Ch, Ch-Sh",Sandstones,700-1000 m,50,fine to medium grained,"grey, grey-brown",Fresh,1.5m,FRIABLE,3.0,Dry,,,"Wg-Ch, Ch-Sh",Heading+Bench,1.5m,50,50,150,100,φ6/100x100,4m,SN bolt,SN-25,1.5m,1.5m,115/25/20,1.2m,,,"Pregrout crown, Forepoling 32mm dia SDA @ 350c/c, 9m long with 3m overlap",100,,100,400,-,300,49.0,55.0,,7.0,8.0,9.0,2.0,3.0,4.0,2.0,6.0,17.0,15.0,
1582,4964.0,III,B3,41-60,"Wg-Ch, Ch-Sh",Sandstone,700-1000 m,50,fine to medium grained,"grey coloured, brown coloured",Fresh,1.5m,FRIABLE,3.0,Dry,,,"Wg-Ch, Ch-Sh",Heading+Bench,1.5m,50,50,150,100,φ6/100x100,4m,SN bolt,SN-25,1.5m,1.5m,115/25/20,1.2m,,,"Pregrout crown, Forepoling 32mm dia SDA @ 350c/c, 9m long with 3m overlap",100,,100,400,-,300,49.0,55.0,55.0,5.0,8.0,8.0,3.0,3.0,4.0,2.0,6.0,18.0,15.0,-7.0
1586,4971.5,III,B3,41-60,"Wg-Ch, Ch-Sh",Sandstones,700-1000 m,50,fine to medium grained,"grey coloured, brown coloured",Fresh,1.5m,FRIABLE,3.0,Dry,,,"Wg-Ch, Ch-Sh",Heading+Bench,1.5m,50,50,150,100,φ6/100x100,4m,SN bolt,SN-25,1.5m,1.5m,115/25/20,1.2m,,,"Pregrout crown, Forepoling 32mm dia SDA @ 350c/c, 9m long with 3m overlap",100,,100,400,-,300,49.0,50.0,55.0,5.0,8.0,8.0,3.0,3.0,4.0,2.0,6.0,18.0,15.0,-7.0
1590,4980.0,III,B3,41-60,"Wg-Ch, Ch-Sh",Sandstone,700-1000 m,50,fine to medium grained,"grey coloured, brown coloured",Fresh,1.5m,FRIABLE,3.0,Dry,,,"Wg-Ch, Ch-Sh",Heading+Bench,1.5m,50,50,150,100,φ6/100x100,4m,SN bolt,SN-25,1.5m,1.5m,115/25/20,1.2m,,,"Pregrout crown, Forepoling 32mm dia SDA @ 350c/c, 9m long with 3m overlap",100,,100,400,-,300,50.0,55.0,55.0,7.0,8.0,9.0,3.0,3.0,4.0,2.0,6.0,18.0,15.0,
1594,4989.0,III,B3,41-60,"Wg-Ch, Ch-Sh",Sandstones,700-1000 m,50,fine to medium grained,"grey coloured, grey/brown coloured",Fresh,1.5m,Friable,3.0,Dry,,,"Wg-Ch, Ch-Sh",Heading+Bench,1.5m,50,50,150,100,φ6/100x100,4m,SN bolt,SN-25,1.5m,1.5m,115/25/20,1.2m,,,"Pregrout crown, Forepoling 32mm dia SDA @ 350c/c, 9m long with 3m overlap",100,,100,400,-,300,49.0,55.0,,7.0,8.0,9.0,2.0,3.0,4.0,2.0,6.0,17.0,15.0,-7.0
01,4997.0,III,B3,41-60,"Wg-Ch, Ch-Sh",Sandstone,700-1000 m,50,fine to medium grained,"grey coloured, brown coloured",Fresh,1.5m,FRIABLE,3.0,Dry,,,"Wg-Ch, Ch-Sh",Heading+Bench,1.5m,50,50,150,100,φ6/100x100,4m,SN bolt,SN-25,1.5m,1.5m,115/25/20,1.2m,,,"Pregrout crown, Forepoling 32mm dia SDA @ 350c/c, 9m long with 3m overlap",100,,100,400,-,300,49.0,55.0,55.0,7.0,8.0,9.0,2.0,3.0,4.0,2.0,6.0,17.0,15.0,-7.0
1602,5005.5,III,B3,41-60,"Wg-Ch, Ch-Sh",Sandy Siltstone,700-1000 m,50,fine to medium grained,grey & brown,Fresh,1.5m,Friable,3.0,Dry,0.0,,"Wg-Ch, Ch-Sh",Heading+Bench,1.5m,50,50,150,100,φ6/100x100,4m,SN bolt,SN-25,1.5m,1.5m,115/25/20,1.2m,,,"Pregrout crown, Forepoling 32mm dia SDA @ 350c/c, 9m long with 3m overlap",100,,100,400,-,300,50.0,55.0,55.0,5.0,8.0,9.0,2.0,3.0,5.0,2.0,6.0,18.0,15.0,-7.0
1098,6923.0,III,B3,41-60,"Wg-Ch, Ch-Sh",SILTSTONE,720-500 m,50,fine grained,brown,Fresh,1.5m,FRIABLE,4.0,slightly damp,,,"Wg-Ch, Ch-Sh",Heading+Bench,1.5m,50,50,150,100,φ6/100x100,4m,SN bolt,SN-25,1.5m,1.5m,115/25/20,1.2m,,,"Pregrout crown, Forepoling 32mm dia SDA @ 350c/c, 9m long with 3m overlap",100,,100,400,-,300,51.0,55.0,,5.0,8.0,10.0,2.0,3.0,4.0,3.0,6.0,18.0,14.0,-5.0
1100,6917.5,III,B3,41-60,"Wg-Ch, Ch-Sh",Siltstone,720-500 m,50,fine grained,brown,Fresh,1.5m,,4.0,dry and slightly damp,,,"Wg-Ch, Ch-Sh",Heading+Bench,1.5m,50,50,150,100,φ6/100x100,4m,SN bolt,SN-25,1.5m,1.5m,115/25/20,1.2m,,,"Pregrout crown, Forepoling 32mm dia SDA @ 350c/c, 9m long with 3m overlap",100,,100,400,-,300,49.0,55.0,55.0,6.0,8.0,9.0,,3.0,3.0,3.0,,,14.0,-5.0
1102,6911.0,III,B3,41-60,"Wg-Ch, Ch-Sh",Sandstone,720-500 m,50,fine to medium grained,grey,Fresh,1.5m,FRIABLE,4.0,slightly damp,,,"Wg-Ch, Ch-Sh",Heading+Bench,1.5m,50,50,150,100,φ6/100x100,4m,SN bolt,SN-25,1.5m,1.5m,115/25/20,1.2m,,,"Pregrout crown, Forepoling 32mm dia SDA @ 350c/c, 9m long with 3m overlap",100,,100,400,-,300,47.0,50.0,55.0,5.0,8.0,9.0,2.0,3.0,3.0,2.0,6.0,16.0,14.0,-5.0
1104,6905.5,III,B3,41-60,"Wg-Ch, Ch-Sh",Siltstone,720-500 m,50,fine grained,brown,,1.5m,,4.0,Dry,,,"Wg-Ch, Ch-Sh",Heading+Bench,1.5m,50,50,150,100,φ6/100x100,4m,SN bolt,SN-25,1.5m,1.5m,115/25/20,1.2m,,,"Pregrout crown, Forepoling 32mm dia SDA @ 350c/c, 9m long with 3m overlap",100,,100,400,-,300,48.0,55.0,,5.0,8.0,9.0,,3.0,3.0,3.0,,,,-5.0
1106,6899.0,III,B3,41-60,"Wg-Ch, Ch-Sh",SILTSTONE,720-500 m,50,fine grained,"brown colour, fine grained and weak to strong rock. And Sandy siltstones are brownish grey colour, fine grained and medium strong to strong rock.",Fresh,1.5m,,4.0,dry and slightly damp,,slightly damp,"Wg-Ch, Ch-Sh",Heading+Bench,1.5m,50,50,150,100,φ6/100x100,4m,SN bolt,SN-25,1.5m,1.5m,115/25/20,1.2m,,,"Pregrout crown, Forepoling 32mm dia SDA @ 350c/c, 9m long with 3m overlap",100,,100,400,-,300,47.0,55.0,,5.0,8.0,9.0,2.0,3.0,3.0,2.0,6.0,16.0,14.0,-5.0
1108,6893.0,III,B3,41-60,"Wg-Ch, Ch-Sh",SILTSTONE,720-500 m,50,fine grained,brown,Fresh,1.5m,FRIABLE,4.0,dry,,,"Wg-Ch, Ch-Sh",Heading+Bench,1.5m,50,50,150,100,φ6/100x100,4m,SN bolt,SN-25,1.5m,1.5m,115/25/20,1.2m,,,"Pregrout crown, Forepoling 32mm dia SDA @ 350c/c, 9m long with 3m overlap",100,,100,400,-,300,47.0,55.0,55.0,5.0,8.0,9.0,,3.0,3.0,2.0,6.0,,14.0,-5.0
02,5050.5,III,B3,41-60,"Wg-Ch, Ch-Sh",Sandstones,700-1000 m,50,fine to medium grained,grey & greenish grey / grey/brown,Fresh,1.5m,Friable,3.0,Dry,,,"Wg-Ch, Ch-Sh",Heading+Bench,1.5m,50,50,150,100,φ6/100x100,4m,SN bolt,SN-25,1.5m,1.5m,115/25/20,1.2m,,,"Pregrout crown, Forepoling 32mm dia SDA @ 350c/c, 9m long with 3m overlap",100,,100,400,-,300,56.0,55.0,,7.0,13.0,10.0,2.0,3.0,5.0,2.0,6.0,18.0,15.0,-7.0
1110,6887.5,III,B3,41-60,"Wg-Ch, Ch-Sh",SILTSTONE,720-500 m,50,fine grained,brown,Fresh,1.5m,FRIABLE,4.0,Dry,,Slightly damp,"Wg-Ch, Ch-Sh",Heading+Bench,1.5m,50,50,150,100,φ6/100x100,4m,SN bolt,SN-25,1.5m,1.5m,115/25/20,1.2m,,,"Pregrout crown, Forepoling 32mm dia SDA @ 350c/c, 9m long with 3m overlap",100,,100,400,-,300,47.0,55.0,55.0,5.0,8.0,9.0,2.0,3.0,3.0,2.0,6.0,16.0,14.0,-5.0
1626,5058.5,III,B3,41-60,"Wg-Ch, Ch-Sh",Sandy Siltstone,700-1000 m,50,"fine to medium grained, medium strong to very strong","brown coloured, grey & greenish grey",Fresh,1.5m,FRIABLE,3.0,Dry,,,"Wg-Ch, Ch-Sh",Heading+Bench,1.5m,50,50,150,100,φ6/100x100,4m,SN bolt,SN-25,1.5m,1.5m,115/25/20,1.2m,,,"Pregrout crown, Forepoling 32mm dia SDA @ 350c/c, 9m long with 3m overlap",100,,100,400,-,300,50.0,55.0,55.0,7.0,8.0,9.0,,3.0,5.0,2.0,6.0,,15.0,-7.0
1112,6882.5,III,B3,41-60,"Wg-Ch, Ch-Sh",SILTSTONE,720-500 m,50,fine grained,brown,Fresh,1.5m,FRIABLE,4.0,Dry,,slightly damp at some location,"Wg-Ch, Ch-Sh",Heading+Bench,1.5m,50,50,150,100,φ6/100x100,4m,SN bolt,SN-25,1.5m,1.5m,115/25/20,1.2m,,,"Pregrout crown, Forepoling 32mm dia SDA @ 350c/c, 9m long with 3m overlap",100,,100,400,-,300,47.0,55.0,55.0,5.0,8.0,9.0,,3.0,3.0,2.0,6.0,,14.0,-5.0
1114,6876.5,III,B3,41-60,"Wg-Ch, Ch-Sh",Siltstone,800-720 m,50,fine grained,brown,Fresh,1.5m,FRIABLE,4.0,slightly damp,,,"Wg-Ch, Ch-Sh",Heading+Bench,1.5m,50,50,150,100,φ6/100x100,4m,SN bolt,SN-25,1.5m,1.5m,115/25/20,1.2m,,,"Pregrout crown, Forepoling 32mm dia SDA @ 350c/c, 9m long with 3m overlap",100,,100,400,-,300,47.0,55.0,55.0,5.0,8.0,9.0,2.0,3.0,3.0,2.0,6.0,16.0,14.0,-5.0
1116,6871.0,III,B3,41-60,"Wg-Ch, Ch-Sh",SILTSTONE,800-720 m,50,fine grained,brownish grey,Fresh,1.5m,,4.0,slightly damp,,,"Wg-Ch, Ch-Sh",Heading+Bench,1.5m,50,50,150,100,φ6/100x100,4m,SN bolt,SN-25,1.5m,1.5m,115/25/20,1.2m,,,"Pregrout crown, Forepoling 32mm dia SDA @ 350c/c, 9m long with 3m overlap",100,,100,400,-,300,48.0,55.0,55.0,5.0,8.0,9.0,2.0,3.0,3.0,3.0,6.0,17.0,14.0,-5.0
02,5075.5,III,B3,41-60,"Wg-Ch, Ch-Sh",Sandstone,700-1000 m,50,fine to medium grained,grey & greenish grey / grey/brown,Fresh,1.5m,Stable,3.0,Dry,,,"Wg-Ch, Ch-Sh",Heading+Bench,1.5m,50,50,150,100,φ6/100x100,4m,SN bolt,SN-25,1.5m,1.5m,115/25/20,1.2m,,,"Pregrout crown, Forepoling 32mm dia SDA @ 350c/c, 9m long with 3m overlap",100,,100,400,-,300,49.0,50.0,55.0,5.0,13.0,10.0,,3.0,4.0,2.0,6.0,,15.0,-5.0
1120,6860.0,III,B3,41-60,"Wg-Ch, Ch-Sh",SILTSTONE,800-720 m,50,fine grained,brown,,1.5m,,4.0,Dry,,slightly damp,"Wg-Ch, Ch-Sh",Heading+Bench,1.5m,50,50,150,100,φ6/100x100,4m,SN bolt,SN-25,1.5m,1.5m,115/25/20,1.2m,,,"Pregrout crown, Forepoling 32mm dia SDA @ 350c/c, 9m long with 3m overlap",100,,100,400,-,300,55.0,55.0,50.0,6.0,13.0,9.0,2.0,3.0,4.0,3.0,6.0,18.0,14.0,-5.0
1638,5084.5,III,B3,41-60,"Wg-Ch, Ch-Sh",Sandstone,700-1000 m,50,Fine to medium grained,"Grey & brown, brown",Fresh,1.5m,Friable,3.0,Dry,,,"Wg-Ch, Ch-Sh",Heading+Bench,1.5m,50,50,150,100,φ6/100x100,4m,SN bolt,SN-25,1.5m,1.5m,115/25/20,1.2m,,,"Pregrout crown, Forepoling 32mm dia SDA @ 350c/c, 9m long with 3m overlap",100,,100,400,-,300,49.0,55.0,55.0,7.0,8.0,9.0,2.0,3.0,4.0,2.0,6.0,17.0,15.0,-7.0
1122,6854.0,III,B3,41-60,"Wg-Ch, Ch-Sh","Siltstones, Sandy siltstones and sandstones",800-720 m,50,fine grained,"brown/greyish brown colour, brownish grey/grey colour",Fresh,1.5m,,4.0,Dry,,,"Wg-Ch, Ch-Sh",Heading+Bench,1.5m,50,50,150,100,φ6/100x100,4m,SN bolt,SN-25,1.5m,1.5m,115/25/20,1.2m,,,"Pregrout crown, Forepoling 32mm dia SDA @ 350c/c, 9m long with 3m overlap",100,,100,400,-,300,55.0,55.0,55.0,5.0,13.0,9.0,,3.0,4.0,3.0,6.0,,14.0,-5.0
1642,5092.0,III,B3,41-60,"Wg-Ch, Ch-Sh",Sandstone,700-1000 m,50,fine to medium grained,grey-brown,Fresh,1.5m,Friable,3.0,Dry,,,"Wg-Ch, Ch-Sh",Heading+Bench,1.5m,50,50,150,100,φ6/100x100,4m,SN bolt,SN-25,1.5m,1.5m,115/25/20,1.2m,,,"Pregrout crown, Forepoling 32mm dia SDA @ 350c/c, 9m long with 3m overlap",100,,100,400,-,300,49.0,55.0,55.0,7.0,8.0,9.0,2.0,3.0,4.0,2.0,6.0,17.0,15.0,-7.0
1124,6849.0,III,B3,41-60,"Wg-Ch, Ch-Sh",SANDSTONE,800-720 m,50,fine grained,grey/brown,Fresh,1.5m,FRIABLE,4.0,Dry,,slightly damp,"Wg-Ch, Ch-Sh",Heading+Bench,1.5m,50,50,150,100,φ6/100x100,4m,SN bolt,SN-25,1.5m,1.5m,115/25/20,1.2m,,,"Pregrout crown, Forepoling 32mm dia SDA @ 350c/c, 9m long with 3m overlap",100,,100,400,-,300,55.0,55.0,55.0,6.0,13.0,9.0,2.0,3.0,4.0,3.0,6.0,18.0,14.0,-5.0
1126,6844.0,III,B3,41-60,"Wg-Ch, Ch-Sh",SANDSTONE,800-720 m,50,fine grained,grey/brown,Fresh,1.5m,FRIABLE,4.0,Dry,,slightly damp,"Wg-Ch, Ch-Sh",Heading+Bench,1.5m,50,50,150,100,φ6/100x100,4m,SN bolt,SN-25,1.5m,1.5m,115/25/20,1.2m,,,"Pregrout crown, Forepoling 32mm dia SDA @ 350c/c, 9m long with 3m overlap",100,,100,400,-,300,56.0,55.0,55.0,6.0,13.0,10.0,,4.0,4.0,3.0,6.0,,13.0,-5.0
1646,5100.0,III,B3,41-60,"Wg-Ch, Ch-Sh",Sandstone,700-1000 m,50,fine to medium grained,"grey coloured, brown coloured",Fresh,1.5m,Friable,3.0,Dry,,,"Wg-Ch, Ch-Sh",Heading+Bench,1.5m,50,50,150,100,φ6/100x100,4m,SN bolt,SN-25,1.5m,1.5m,115/25/20,1.2m,,,"Pregrout crown, Forepoling 32mm dia SDA @ 350c/c, 9m long with 3m overlap",100,,100,400,-,300,51.0,55.0,55.0,7.0,8.0,10.0,2.0,3.0,5.0,2.0,6.0,18.0,15.0,-7.0
3623.0,6838.0,III,B3,41-60,"Wg-Ch, Ch-Sh",sandstone,800-720 m,50,fine to medium grained,"grey, brown",fresh,1.5m,FRIABLE,4.0,Dry / Damp,,,"Wg-Ch, Ch-Sh",Heading+Bench,1.5m,50,50,150,100,φ6/100x100,4m,SN bolt,SN-25,1.5m,1.5m,115/25/20,1.2m,,,"Pregrout crown, Forepoling 32mm dia SDA @ 350c/c, 9m long with 3m overlap",100,,100,400,-,300,57.0,50.5,55.0,6.0,13.0,10.0,4.0,4.0,4.0,3.0,6.0,21.0,14.0,-5.0
1130,6834.0,III,B3,41-60,"Wg-Ch, Ch-Sh",sandysiltstone,800-720 m,50,fine grained,grey/brown,Fresh,1.5m,FRIABLE,4.0,dry and slightly damp,,,"Wg-Ch, Ch-Sh",Heading+Bench,1.5m,50,50,150,100,φ6/100x100,4m,SN bolt,SN-25,1.5m,1.5m,115/25/20,1.2m,,,"Pregrout crown, Forepoling 32mm dia SDA @ 350c/c, 9m long with 3m overlap",100,,100,400,-,300,58.0,55.0,55.0,5.0,13.0,10.0,,4.0,4.0,3.0,6.0,,14.0,-5.0
1650,5110.0,III,B3,41-60,"Wg-Ch, Ch-Sh",Sandstones,1000-1030 m,50,fine to medium grained,"grey, brown",Fresh,1.5m,FRIABLE,4.0,Dry,,,"Wg-Ch, Ch-Sh",Heading+Bench,1.5m,50,50,150,100,φ6/100x100,4m,SN bolt,SN-25,1.5m,1.5m,115/25/20,1.2m,,,"Pregrout crown, Forepoling 32mm dia SDA @ 350c/c, 9m long with 3m overlap",100,,100,400,-,300,53.0,55.0,55.0,5.0,8.0,10.0,,3.0,5.0,3.0,6.0,,15.0,
1133,6829.0,III,B3,41-60,"Wg-Ch, Ch-Sh",sandstone,800-720 m,50,"fine grained, medium strong to strong sandy siltstone","grey, fine to medium grained, brown coloured",Fresh,1.5m,FRIABLE,4.0,Dry / Damp,,,"Wg-Ch, Ch-Sh",Heading+Bench,1.5m,50,50,150,100,φ6/100x100,4m,SN bolt,SN-25,1.5m,1.5m,115/25/20,1.2m,,,"Pregrout crown, Forepoling 32mm dia SDA @ 350c/c, 9m long with 3m overlap",100,,100,400,-,300,57.0,55.0,55.0,6.0,13.0,10.0,2.0,4.0,4.0,3.0,6.0,19.0,14.0,-5.0
1137,6824.5,III,B3,41-60,"Wg-Ch, Ch-Sh",sandstone,800-720 m,50,fine to medium grained,grey/brown,Fresh,1.5m,FRIABLE,4.0,Dry / Damp,,,"Wg-Ch, Ch-Sh",Heading+Bench,1.5m,50,50,150,100,φ6/100x100,4m,SN bolt,SN-25,1.5m,1.5m,115/25/20,1.2m,,,"Pregrout crown, Forepoling 32mm dia SDA @ 350c/c, 9m long with 3m overlap",100,,100,400,-,300,57.0,55.0,,6.0,13.0,10.0,2.0,4.0,4.0,3.0,6.0,19.0,14.0,-5.0
1654,5120.0,III,B3,41-60,"Wg-Ch, Ch-Sh",Sandstones,1000-1030 m,50,fine to medium grained,"grey coloured, brown coloured",Fresh,1.5m,FRIABLE,4.0,Dry,,,"Wg-Ch, Ch-Sh",Heading+Bench,1.5m,50,50,150,100,φ6/100x100,4m,SN bolt,SN-25,1.5m,1.5m,115/25/20,1.2m,,,"Pregrout crown, Forepoling 32mm dia SDA @ 350c/c, 9m long with 3m overlap",100,,100,400,-,300,57.0,55.0,55.0,13.0,13.0,10.0,,3.0,5.0,2.0,6.0,,15.0,-7.0
1140,6819.5,III,B3,41-60,"Wg-Ch, Ch-Sh",sandstone,800-720 m,50,fine to medium grained,grey/brown,Fresh,1.5m,Stable,4.0,Dry / Damp,,,"Wg-Ch, Ch-Sh",Heading+Bench,1.5m,50,50,150,100,φ6/100x100,4m,SN bolt,SN-25,1.5m,1.5m,115/25/20,1.2m,,,"Pregrout crown, Forepoling 32mm dia SDA @ 350c/c, 9m long with 3m overlap",100,,100,400,-,300,57.0,55.0,55.0,6.0,13.0,10.0,2.0,4.0,4.0,3.0,6.0,19.0,14.0,-5.0
1658,5130.5,III,B3,41-60,"Wg-Ch, Ch-Sh",Sandstones,1000-1030 m,50,fine to medium grained,"grey, brown",Fresh,1.5m,Friable,4.0,Dry,,,"Wg-Ch, Ch-Sh",Heading+Bench,1.5m,50,50,150,100,φ6/100x100,4m,SN bolt,SN-25,1.5m,1.5m,115/25/20,1.2m,,,"Pregrout crown, Forepoling 32mm dia SDA @ 350c/c, 9m long with 3m overlap",100,,100,400,-,300,57.0,55.0,55.0,5.0,13.0,10.0,,3.0,5.0,2.0,6.0,,15.0,-7.0
1662,5141.0,III,B3,41-60,"Wg-Ch, Ch-Sh",Sandstones,1000-1030 m,50,fine to medium grained,"grey coloured, brown coloured",Fresh,1.5m,Friable,4.0,Dry,,,"Wg-Ch, Ch-Sh",Heading+Bench,1.5m,50,50,150,100,φ6/100x100,4m,SN bolt,SN-25,1.5m,1.5m,115/25/20,1.2m,,,"Pregrout crown, Forepoling 32mm dia SDA @ 350c/c, 9m long with 3m overlap",100,,100,400,-,300,58.0,55.0,55.0,5.0,13.0,11.0,,3.0,5.0,2.0,6.0,,15.0,-7.0
1666,5151.5,III,B3,41-60,"Wg-Ch, Ch-Sh",Sandstones,1000-1030 m,50,fine to medium grained,grey & brownish grey,Fresh,1.5m,Friable,4.0,Dry,,,"Wg-Ch, Ch-Sh",Heading+Bench,1.5m,50,50,150,100,φ6/100x100,4m,SN bolt,SN-25,1.5m,1.5m,115/25/20,1.2m,,,"Pregrout crown, Forepoling 32mm dia SDA @ 350c/c, 9m long with 3m overlap",100,,100,400,-,300,58.0,55.0,60.0,8.0,13.0,10.0,2.0,3.0,5.0,3.0,6.0,19.0,15.0,-7.0
1670,5161.5,III,B3,41-60,"Wg-Ch, Ch-Sh",Sandstones,1000-1030 m,50,fine to medium grained,"grey coloured, brown coloured",Fresh,1.5m,FRIABLE,4.0,Dry,,,"Wg-Ch, Ch-Sh",Heading+Bench,1.5m,50,50,150,100,φ6/100x100,4m,SN bolt,SN-25,1.5m,1.5m,115/25/20,1.2m,,,"Pregrout crown, Forepoling 32mm dia SDA @ 350c/c, 9m long with 3m overlap",100,,100,400,-,300,59.0,50.0,,8.0,13.0,11.0,2.0,3.0,5.0,3.0,6.0,19.0,15.0,
196,441.3,III,B3,41-60,"Wg-Ch, Ch-Sh",Siltstone,35-100 m,50,fine grained,brown,slightly weathered to fresh,1.5m,Friable,3.0,Dry,,,"Wg-Ch, Ch-Sh",Heading+Bench,1.5m,50,50,150,100,φ6/100x100,4m,SN bolt,SN-25,1.5m,1.5m,115/25/20,1.2m,,,"Pregrout crown, Forepoling 32mm dia SDA @ 350c/c, 9m long with 3m overlap",100,,100,400,-,300,44.0,46.0,36.0,5.0,8.0,10.0,3.0,3.0,2.0,2.0,5.0,15.0,15.0,-7.0
260,,III,B3,41-60,"Wg-Ch, Ch-Sh",Siltstone,,50,Fine grained,Brown,Fresh,1.5m,Friable,3.0,Dry,,,"Wg-Ch, Ch-Sh",Heading+Bench,1.5m,50,50,150,100,φ6/100x100,4m,SN bolt,SN-25,1.5m,1.5m,115/25/20,1.2m,,,"Pregrout crown, Forepoling 32mm dia SDA @ 350c/c, 9m long with 3m overlap",100,,100,400,-,300,43.0,46.0,,4.0,8.0,9.0,,3.0,2.0,1.0,5.0,,15.0,-7.0
210,473.8,III,B3,41-60,"Wg-Ch, Ch-Sh",Siltstones,35-100 m,50,fine grained,brown,slightly weathered to fresh,1.5m,FRIABLE,3.0,dry,,,"Wg-Ch, Ch-Sh",Heading+Bench,1.5m,50,50,150,100,φ6/100x100,4m,SN bolt,SN-25,1.5m,1.5m,115/25/20,1.2m,,,"Pregrout crown, Forepoling 32mm dia SDA @ 350c/c, 9m long with 3m overlap",100,,100,400,-,300,46.0,46.0,35.0,4.0,8.0,10.0,,3.0,2.0,,5.0,,15.0,
264,2081.5,III,B3,41-60,"Wg-Ch, Ch-Sh",Siltstone,540-700 m,50,"Siltstones are fine grained, Claystones are fine grained, Sandstones are medium to very strong","Siltstones are brown, Claystones are brown, Sandstones are grey",Slightly weathered to fresh,1.5m,,3.0,Dry,,,"Wg-Ch, Ch-Sh",Heading+Bench,1.5m,50,50,150,100,φ6/100x100,4m,SN bolt,SN-25,1.5m,1.5m,115/25/20,1.2m,,,"Pregrout crown, Forepoling 32mm dia SDA @ 350c/c, 9m long with 3m overlap",100,,100,400,-,300,52.0,52.0,35.0,5.0,13.0,10.0,3.0,3.0,2.0,,5.0,,15.0,-7.0
269,2086.0,III,B3,41-60,"Wg-Ch, Ch-Sh",Siltstone,540-700 m,50,"Siltstones are fine grained, Claystones are fine grained, Sandstones are medium grained","Siltstones are brown, Claystones are grey, Sandstones are grey",Slightly weathered to fresh,1.5m,Friable,3.0,Dry,,,"Wg-Ch, Ch-Sh",Heading+Bench,1.5m,50,50,150,100,φ6/100x100,4m,SN bolt,SN-25,1.5m,1.5m,115/25/20,1.2m,,,"Pregrout crown, Forepoling 32mm dia SDA @ 350c/c, 9m long with 3m overlap",100,,100,400,-,300,51.0,52.0,,5.0,13.0,10.0,,3.0,3.0,,5.0,,15.0,-7.0
271,2090.5,III,B3,41-60,"Wg-Ch, Ch-Sh",Siltstone,540-700 m,50,fine to medium grained,brown to grey,slight,1.5m,Friable,3.0,dampness with oozing water,,oozing,"Wg-Ch, Ch-Sh",Heading+Bench,1.5m,50,50,150,100,φ6/100x100,4m,SN bolt,SN-25,1.5m,1.5m,115/25/20,1.2m,,,"Pregrout crown, Forepoling 32mm dia SDA @ 350c/c, 9m long with 3m overlap",100,,100,400,-,300,51.0,52.0,37.0,5.0,13.0,11.0,3.0,3.0,3.0,2.0,5.0,16.0,13.0,-7.0
273,2095.5,III,B3,41-60,"Wg-Ch, Ch-Sh",Sandstone,540-700 m,50,Fine to medium grained,Brown to grey,Fresh,1.5m,Friable,3.0,Dry,,Minor oozing water,"Wg-Ch, Ch-Sh",Heading+Bench,1.5m,50,50,150,100,φ6/100x100,4m,SN bolt,SN-25,1.5m,1.5m,115/25/20,1.2m,,,"Pregrout crown, Forepoling 32mm dia SDA @ 350c/c, 9m long with 3m overlap",100,,100,400,-,300,51.0,52.0,35.0,5.0,13.0,11.0,3.0,3.0,3.0,2.0,5.0,16.0,13.0,-7.0
,2101.3,III,B3,41-60,"Wg-Ch, Ch-Sh",Siltstone,540-700 m,50,fine to medium grained,brown to grey,slight,1.5m,FRIABLE,3.0,dry,,slight dampness,"Wg-Ch, Ch-Sh",Heading+Bench,1.5m,50,50,150,100,φ6/100x100,4m,SN bolt,SN-25,1.5m,1.5m,115/25/20,1.2m,,,"Pregrout crown, Forepoling 32mm dia SDA @ 350c/c, 9m long with 3m overlap",100,,100,400,-,300,55.0,58.0,35.0,5.0,13.0,13.0,3.0,4.0,3.0,2.0,5.0,17.0,14.0,-7.0
277,2106.0,III,B3,41-60,"Wg-Ch, Ch-Sh",Sandstone,540-700 m,50,Fine to medium grained,Brown to grey,Slight,1.5m,FRIABLE,3.0,Dry,,,"Wg-Ch, Ch-Sh",Heading+Bench,1.5m,50,50,150,100,φ6/100x100,4m,SN bolt,SN-25,1.5m,1.5m,115/25/20,1.2m,,,"Pregrout crown, Forepoling 32mm dia SDA @ 350c/c, 9m long with 3m overlap",100,,100,400,-,300,53.0,52.0,35.0,5.0,13.0,12.0,3.0,3.0,3.0,2.0,5.0,16.0,14.0,-7.0
279,2111.0,III,B3,41-60,"Wg-Ch, Ch-Sh",Siltstone,540-700 m,50,fine to medium grained,brown to grey,slight,1.5m,FRIABLE,3.0,Dry,,,"Wg-Ch, Ch-Sh",Heading+Bench,1.5m,50,50,150,100,φ6/100x100,4m,SN bolt,SN-25,1.5m,1.5m,115/25/20,1.2m,,,"Pregrout crown, Forepoling 32mm dia SDA @ 350c/c, 9m long with 3m overlap",100,,100,400,-,300,58.0,58.0,,6.0,13.0,13.0,3.0,4.0,3.0,2.0,5.0,17.0,15.0,
281,215.5,III,B3,41-60,"Wg-Ch, Ch-Sh",Siltstone,,50,Fine grained to coarse grained,Brown to grey,Fresh,1.5m,FRIABLE,3.0,Dry,,,"Wg-Ch, Ch-Sh",Heading+Bench,1.5m,50,50,150,100,φ6/100x100,4m,SN bolt,SN-25,1.5m,1.5m,115/25/20,1.2m,,,"Pregrout crown, Forepoling 32mm dia SDA @ 350c/c, 9m long with 3m overlap",100,,100,400,-,300,49.0,48.0,35.0,5.0,8.0,12.0,3.0,3.0,3.0,2.0,5.0,16.0,15.0,
283,2121.0,III,B3,41-60,"Wg-Ch, Ch-Sh",Siltstone,540-700 m,50,fine grained,brown,slight,1.5m,Friable,3.0,Dry,,,"Wg-Ch, Ch-Sh",Heading+Bench,1.5m,50,50,150,100,φ6/100x100,4m,SN bolt,SN-25,1.5m,1.5m,115/25/20,1.2m,,,"Pregrout crown, Forepoling 32mm dia SDA @ 350c/c, 9m long with 3m overlap",100,,100,400,-,300,47.0,45.0,35.0,4.0,8.0,11.0,3.0,3.0,3.0,2.0,5.0,16.0,15.0,-7.0
285,2125.7,III,B3,41-60,"Wg-Ch, Ch-Sh",Siltstones,540-700 m,50,,,slightly weathered to fresh,1.5m,FRIABLE,3.0,dry,,,"Wg-Ch, Ch-Sh",Heading+Bench,1.5m,50,50,150,100,φ6/100x100,4m,SN bolt,SN-25,1.5m,1.5m,115/25/20,1.2m,,,"Pregrout crown, Forepoling 32mm dia SDA @ 350c/c, 9m long with 3m overlap",100,,100,400,-,300,46.0,44.0,,4.0,8.0,9.0,,4.0,2.0,,5.0,,15.0,-7.0
287,2131.0,III,B3,41-60,"Wg-Ch, Ch-Sh",SILTSTONE,540-700 m,50,closely to widely spaced bedding joints,brown,slightly weathered,1.5m,Friable,3.0,dry,,,"Wg-Ch, Ch-Sh",Heading+Bench,1.5m,50,50,150,100,φ6/100x100,4m,SN bolt,SN-25,1.5m,1.5m,115/25/20,1.2m,,,"Pregrout crown, Forepoling 32mm dia SDA @ 350c/c, 9m long with 3m overlap",100,,100,400,-,300,47.0,44.0,35.0,4.0,8.0,10.0,3.0,4.0,3.0,2.0,5.0,17.0,15.0,-7.0
08,1136.2,III,B3,41-60,"Wg-Ch, Ch-Sh",Siltstone,320-370 m,50,Bedding joints,Brown,Slightly weathered to fresh,1.5m,Friable,3.0,Dry,,,"Wg-Ch, Ch-Sh",Heading+Bench,1.5m,50,50,150,100,φ6/100x100,4m,SN bolt,SN-25,1.5m,1.5m,115/25/20,1.2m,,,"Pregrout crown, Forepoling 32mm dia SDA @ 350c/c, 9m long with 3m overlap",100,,100,400,-,300,47.0,42.0,35.0,4.0,8.0,10.0,,4.0,3.0,2.0,5.0,,15.0,-7.0
291,2141.5,III,B3,41-60,"Wg-Ch, Ch-Sh",Siltstone,540-700 m,50,fine to medium grained,brown,slightly weathered to fresh,1.5m,FRIABLE,3.0,Dry,,,"Wg-Ch, Ch-Sh",Heading+Bench,1.5m,50,50,150,100,φ6/100x100,4m,SN bolt,SN-25,1.5m,1.5m,115/25/20,1.2m,,,"Pregrout crown, Forepoling 32mm dia SDA @ 350c/c, 9m long with 3m overlap",100,,100,400,-,300,47.0,44.0,35.0,4.0,8.0,10.0,3.0,4.0,3.0,2.0,5.0,17.0,15.0,
293,2146.0,III,B3,41-60,"Wg-Ch, Ch-Sh",Siltstone,540-700 m,50,fine to medium grained,brown,slightly weathered to fresh,1.5m,FRIABLE,3.0,Dry,,,"Wg-Ch, Ch-Sh",Heading+Bench,1.5m,50,50,150,100,φ6/100x100,4m,SN bolt,SN-25,1.5m,1.5m,115/25/20,1.2m,,,"Pregrout crown, Forepoling 32mm dia SDA @ 350c/c, 9m long with 3m overlap",100,,100,400,-,300,47.0,46.0,35.0,4.0,8.0,10.0,3.0,4.0,3.0,2.0,5.0,17.0,15.0,-7.0
295,2151.0,III,B3,41-60,"Wg-Ch, Ch-Sh",SANDSTONE,540-700 m,50,coarse grained and medium grained,grey to brown,Fresh,1.5m,FRIABLE,3.0,Dry,,,"Wg-Ch, Ch-Sh",Heading+Bench,1.5m,50,50,150,100,φ6/100x100,4m,SN bolt,SN-25,1.5m,1.5m,115/25/20,1.2m,,,"Pregrout crown, Forepoling 32mm dia SDA @ 350c/c, 9m long with 3m overlap",100,,100,400,-,300,46.0,42.0,35.0,4.0,8.0,11.0,3.0,3.0,3.0,2.0,5.0,16.0,15.0,-8.0