Chainage,J1_Dip_deg,J1_DipDir_deg,J1_Strike_deg,J1_Spacing_cm,J1_Persistence_m,J1_Roughness_ord,J1_Roughness_label,J1_Aperture_mm,J1_Infill_label,J1_Infill_present,J1_Weathering_ord,J1_Weathering_label,J2_Dip_deg,J2_DipDir_deg,J2_Strike_deg,J2_Spacing_cm,J2_Persistence_m,J2_Roughness_ord,J2_Roughness_label,J2_Aperture_mm,J2_Infill_label,J2_Infill_present,J2_Weathering_ord,J2_Weathering_label,J3_Dip_deg,J3_DipDir_deg,J3_Strike_deg,J3_Spacing_cm,J3_Persistence_m,J3_Roughness_ord,J3_Roughness_label,J3_Aperture_mm,J3_Infill_label,J3_Infill_present,J3_Weathering_ord,J3_Weathering_label,J1_Dip_deg_roll5_std,J1_Dip_deg_delta,J1_DipDir_deg_roll5_std,J1_DipDir_deg_delta,J1_Spacing_cm_roll5_std,J1_Spacing_cm_delta,J1_Persistence_m_roll5_std,J1_Persistence_m_delta,J1_Roughness_ord_roll5_std,J1_Roughness_ord_delta,J1_Weathering_ord_roll5_std,J1_Weathering_ord_delta,J2_Dip_deg_roll5_std,J2_Dip_deg_delta,J2_DipDir_deg_roll5_std,J2_DipDir_deg_delta,J2_Spacing_cm_roll5_std,J2_Spacing_cm_delta,J2_Persistence_m_roll5_std,J2_Persistence_m_delta,J2_Roughness_ord_roll5_std,J2_Roughness_ord_delta,J2_Weathering_ord_roll5_std,J2_Weathering_ord_delta,J3_Dip_deg_roll5_std,J3_Dip_deg_delta,J3_DipDir_deg_roll5_std,J3_DipDir_deg_delta,J3_Spacing_cm_roll5_std,J3_Spacing_cm_delta,J3_Persistence_m_roll5_std,J3_Persistence_m_delta,J3_Roughness_ord_roll5_std,J3_Roughness_ord_delta,J3_Weathering_ord_roll5_std,J3_Weathering_ord_delta,Avg_Weathering,Avg_Spacing,Avg_Roughness,Spacing_Trend5,Weathering_Trend5,In_Fault_Zone,Precursor_Zone,Fault_Ahead_Label,Predicted_Fault_Probability,Predicted_Fault_Ahead,CV_Probability_RandomForest,CV_Probability_ExtraTrees,CV_Probability_GradientBoosting,CV_Probability_LogisticRegression,CV_Probability_SVM_RBF,CV_Probability_KNN,CV_Probability_XGBoost
215.5,65.0,75.0,355.0,60.0,100.0,3.0,Rough to slightly rough,0.1,Silty clay and clay,1,1.5,Fresh to slightly weathered,70.0,200.0,355.0,60.0,100.0,3.0,Rough to slightly rough,0.1,Silty clay and clay,1,1.5,Fresh to slightly weathered,70.0,200.0,355.0,200.0,100.0,3.0,Rough to slightly rough,0,None,0,0,0,,,,,,,,,,,,,,,,,,,,,,,,,,,,,,,,,,,,,1.0,106.66666666666667,3.0,,,0,0,0,0.3807755729795112,0,0.3345237205626592,0.4065516789619497,0.7717616247853877,0.7256601759826861,0.31997757381183434,0.14285714285714285,0.09696688
441.3,60.0,250.0,355.0,80.0,100.0,2.5,Rough to smooth,0.1,silty clay materials,1,1.5,Fresh to Slightly weathered,75.0,200.0,355.0,80.0,100.0,2.5,Rough to smooth,0.1,silty clay materials,1,1.5,Fresh to Slightly weathered,40.0,45.0,355.0,60.0,100.0,2.5,Rough to smooth,0,None,0,0,0,3.5355339059327378,-5.0,123.74368670764582,175.0,14.142135623730951,20.0,0.0,0.0,0.3535533905932738,-0.5,0.0,0.0,3.5355339059327378,5.0,0.0,0.0,14.142135623730951,20.0,0.0,0.0,0.3535533905932738,-0.5,0.0,0.0,21.213203435596427,-30.0,109.60155108391487,-155.0,98.99494936611666,-140.0,0.0,0.0,0.3535533905932738,-0.5,0.0,0.0,1.0,73.33333333333333,2.5,,,0,0,0,0.24213021710698343,0,0.1599090078867568,0.24387808973819938,0.0034890552853518567,0.30732083355060696,0.07072471086175337,0.0,0.029554166
473.8,60.0,250.0,355.0,200.0,80.0,2.5,smooth to rough,0.1,Hard (crushed rock) & soft (clay & silty clay) fillings,1,2.0,Slightly weathered to fresh,65.0,200.0,355.0,210.0,80.0,2.5,smooth to rough,0.1,Hard (crushed rock) & soft (clay & silty clay) fillings,1,2.0,Slightly weathered to fresh,30.0,80.0,355.0,95.0,150.0,2.5,Smooth to rough,0,None,0,0,0,2.886751345948128,0.0,101.03629710818451,0.0,75.71877794400365,120.0,11.547005383792513,-20.0,0.28867513459481287,0.0,0.28867513459481287,0.5,5.0,-10.0,0.0,0.0,81.44527815247078,130.0,11.547005383792513,-20.0,0.28867513459481287,0.0,0.28867513459481287,0.5,20.816659994661325,-10.0,81.29165598838132,35.0,72.85830998131465,35.0,28.867513459481287,50.0,0.28867513459481287,0.0,0.0,0.0,1.3333333333333333,168.33333333333334,2.5,30.833333333333336,0.16666666666666663,0,0,0,0.3066401265838848,0,0.15192009022387096,0.3225259156937202,0.0014467816754908558,0.24335672680838305,0.02648849240457739,0.0,0.003944369
529.0,50.5,250.0,355.0,200.0,60.0,4.0,Rough,0.1,None,0,1.0,Fresh,60.5,355.0,355.0,200.0,60.0,3.0,Rough to Slightly rough,0.1,None,0,1.5,Fresh to Slightly Weathered,55.5,60.0,355.0,130.0,200.0,3.0,Rough to Slightly rough,0,None,0,0,0,6.060459278525569,-9.5,87.5,0.0,75.49834435270749,0.0,19.14854215512676,-20.0,0.7071067811865476,1.5,0.408248290463863,-1.0,6.263319141371184,-4.5,77.5,155.0,78.47504911329035,-10.0,19.14854215512676,-20.0,0.28867513459481287,0.5,0.24999999999999997,-0.5,17.561202502486363,25.5,70.63698275926947,-20.0,59.773879468097654,35.0,47.871355387816905,50.0,0.28867513459481287,0.5,0.0,0.0,0.8333333333333334,176.66666666666666,3.3333333333333335,23.33333333333333,-0.055555555555555546,0,0,0,0.3039029628133645,0,0.1755812235180463,0.3100829265811549,0.03935455342592184,0.06833849897860234,0.04017536206627878,0.14285714285714285,0.007682259
714.0,55.0,250.0,355.0,200.0,180.0,4.0,Not Recorded,0.1,None,0,1.0,Not Recorded,65.0,350.0,355.0,130.0,380.0,3.0,Not Recorded,0.1,None,0,1.5,Not Recorded,70.0,75.0,355.0,165.0,250.0,3.5,Not Recorded,0,None,0,0,0,5.527205442174191,4.5,78.26237921249263,0.0,71.55417527999327,0.0,45.60701700396552,120.0,0.758287544405155,0.0,0.4183300132670378,0.0,5.5497747702046425,4.5,83.54639429682169,-5.0,68.044103344816,-70.0,132.9661611087573,320.0,0.2738612787525831,0.0,0.22360679774997896,0.0,17.903910187442296,14.5,61.90718859712497,15.0,55.339859052946636,35.0,65.19202405202648,50.0,0.4183300132670378,0.5,0.0,0.0,0.8333333333333334,165.0,3.5,14.583333333333332,-0.04166666666666666,1,0,1,0.48419179040900456,0,0.13778939246581431,0.30989128035797536,0.011394836017531149,0.10245391554869754,0.05480518154555756,0.14285714285714285,0.006056397
718.0,65.0,290.0,355.0,200.0,300.0,4.0,Rough,0.1,None,0,1.0,Fresh,70.0,355.0,355.0,60.0,700.0,3.0,Rough to Slightly Rough,0.1,Silty Clay,1,1.5,Fresh to Slightly Weathered,65.0,50.0,355.0,200.0,300.0,4.0,Rough,0,None,0,0,0,5.527205442174191,10.0,17.88854381999832,40.0,53.665631459994955,0.0,98.38699100999075,120.0,0.8215838362577492,0.0,0.4472135954999579,0.0,5.5497747702046425,5.0,84.00892809695884,5.0,68.044103344816,-70.0,276.5501762790977,320.0,0.2738612787525831,0.0,0.22360679774997896,0.0,16.831518053936787,-5.0,15.247950681976906,-25.0,55.339859052946636,35.0,79.05694150420949,50.0,0.6519202405202649,0.5,0.0,0.0,0.8333333333333334,153.33333333333334,3.6666666666666665,9.333333333333334,-0.033333333333333326,1,0,1,0.5541985095614465,1,0.3553344721200308,0.4637568412351834,0.7279167366939998,0.6984195663382843,0.5,0.2857142857142857,0.11801999
724.5,65.0,270.0,353.3333333333333,150.0,200.0,4.0,Rough,0.1,None,0,1.0,Fresh,60.0,330.0,353.3333333333333,60.0,400.0,3.0,Rough to Slightly rough,0.1,None,0,1.5,Fresh to Slightly Weathered,60.0,65.0,292.5,150.0,200.0,3.0,Rough to Slightly rough,0,None,0,0,0,6.348228099241551,0.0,17.88854381999832,-20.0,22.360679774997898,-50.0,97.36529155710468,-100.0,0.6708203932499369,0.0,0.4472135954999579,0.0,4.068169121361596,-10.0,66.76451153120196,-25.0,72.59476565152615,0.0,264.3482551483932,-300.0,0.22360679774997905,0.0,0.22360679774997896,0.0,15.565988564816564,-5.0,11.937336386313323,15.0,39.147158262126766,-50.0,57.0087712549569,-100.0,0.570087712549569,-1.0,0.0,0.0,0.8333333333333334,120.0,3.3333333333333335,9.333333333333334,-0.033333333333333326,1,0,1,0.56742536227238,1,0.29902858155249995,0.421710732741793,0.30460337241333657,0.06281009050006471,0.055706724469800475,0.2857142857142857,0.13088052
725.0,55.0,250.0,351.6666666666667,100.0,100.0,4.0,Rough,0.1,None,0,1.0,Fresh,65.0,350.0,351.6666666666667,60.0,100.0,4.0,Rough,0.3,Silty Clay,1,1.5,Fresh to Slightly Weathered,60.0,60.0,230.0,100.0,100.0,4.0,Rough,0,None,0,0,0,6.5612498809297,-10.0,17.88854381999832,-20.0,44.721359549995796,-50.0,93.38094023943002,-100.0,0.0,0.0,0.0,0.0,4.068169121361596,5.0,10.36822067666386,20.0,62.609903369994115,0.0,259.8461083025874,-300.0,0.4472135954999579,1.0,0.0,0.0,5.549774770204643,0.0,9.082951062292475,-5.0,37.48332962798263,-50.0,74.16198487095663,-100.0,0.49999999999999994,1.0,0.0,0.0,0.8333333333333334,86.66666666666667,4.0,-16.333333333333336,-0.09999999999999998,1,0,1,0.5765864008772804,1,0.4879008105808189,0.49312378990065187,0.5349170244084347,0.9217766486405379,0.4505160839912317,0.42857142857142855,0.7413729
775.5,65.0,300.0,350.0,200.0,50.4,4.0,rough,0.1,up to 1mm thick silty clay,1,1.0,Fresh,60.0,70.0,350.0,200.0,50.4,4.0,rough,0.1,up to 1mm thick silty clay,1,1.0,Fresh,60.0,90.0,167.5,180.0,50.4,4.0,rough,0,None,0,0,0,5.47722557505166,10.0,22.80350850198276,50.0,44.721359549995796,100.0,96.21243162918189,-49.6,0.0,0.0,0.0,0.0,4.183300132670376,-5.0,123.91529364852427,-280.0,62.609903369994115,140.0,262.34487225787353,-49.6,0.5477225575051662,0.0,0.22360679774997896,-0.5,4.47213595499958,0.0,15.247950681976906,30.0,37.815340802378074,80.0,103.55690223254074,-49.6,0.44721359549995787,0.0,0.0,0.0,0.6666666666666666,193.33333333333334,4.0,3.333333333333337,-0.03333333333333335,1,0,1,0.5143288955544597,1,0.1900699843617344,0.35363816917056196,0.01012729749022079,0.4522248864475495,0.14646110985474256,0.0,0.018652549
879.5,75.0,270.0,105.0,260.0,0.8,2.5,Moderate,0.0,None,0,1.0,Not Recorded,85.0,270.0,105.0,260.0,0.8,2.5,Moderate,0.0,None,0,1.125,Not Recorded,75.0,270.0,105.0,260.0,0.8,2.5,Moderate,0,None,0,0,0,7.071067811865475,10.0,19.493588689617926,-30.0,60.166435825965294,60.0,120.13379208199498,-49.6,0.6708203932499369,-1.5,0.0,0.0,10.36822067666386,25.0,119.4780314534852,200.0,95.49869109050658,60.0,295.5674677632841,-49.6,0.6708203932499369,-1.5,0.24366985862022408,0.125,6.519202405202649,15.0,92.30384607371461,180.0,59.329587896765304,80.0,120.13379208199495,-49.6,0.7071067811865475,-1.5,0.0,0.0,0.7083333333333334,260.0,2.5,19.0,-0.025,0,0,0,0.2575195431898788,0,0.12349793855185406,0.2893662029653147,0.004100760862490809,0.004199841701827882,0.005654474856442576,0.0,0.002376943
970.0,70.0,280.0,186.66666666666669,200.0,33.86666666666667,3.0,Not Recorded,0.03333333333333333,None,0,1.0,Not Recorded,45.0,330.0,70.0,200.0,33.86666666666667,2.6666666666666665,Not Recorded,0.03333333333333333,None,0,1.25,Not Recorded,65.0,70.0,165.0,200.0,33.86666666666667,3.0,Not Recorded,0,None,0,0,0,7.416198487095662,-5.0,18.16590212458495,10.0,60.166435825965294,-60.0,77.51206931110077,33.06666666666667,0.7071067811865476,0.5,0.0,0.0,14.404860290887934,-40.0,115.75836902790225,60.0,90.9945053286186,-60.0,162.1936729825043,33.06666666666667,0.7226494462892933,0.16666666666666652,0.22360679774997894,0.125,6.519202405202649,-10.0,89.61026726887941,-200.0,59.329587896765304,-60.0,77.5120693111007,33.06666666666667,0.6708203932499369,0.5,0.0,0.0,0.75,200.0,2.888888888888889,9.333333333333332,-0.016666666666666673,0,0,0,0.22382255218544467,0,0.07893936825847309,0.2378026173403756,0.007663479315718319,0.00024328342489587598,0.005548171695632777,0.0,0.004844994
975.5,65.0,270.0,268.33333333333337,150.0,66.93333333333334,3.5,Not Recorded,0.06666666666666667,None,0,1.0,Not Recorded,45.0,320.0,35.0,130.0,66.93333333333334,2.8333333333333335,Not Recorded,0.06666666666666667,None,0,1.375,Not Recorded,40.0,75.0,225.0,150.0,66.93333333333334,3.5,Not Recorded,0,None,0,0,0,7.416198487095662,-5.0,18.16590212458495,-10.0,60.166435825965294,-50.0,36.969657227996564,33.06666666666667,0.651920240520265,0.5,0.0,0.0,16.583123951777,0.0,114.54256850621083,-10.0,76.81145747868608,-70.0,36.969657227996414,33.06666666666667,0.7397447007057383,0.16666666666666696,0.19764235376052366,0.125,12.747548783981962,-25.0,88.43076387773658,5.0,59.329587896765304,-50.0,36.969657227996365,33.06666666666667,0.6519202405202649,0.5,0.0,0.0,0.7916666666666666,143.33333333333334,3.277777777777778,4.666666666666669,-0.008333333333333349,0,0,0,0.20598026211539586,0,0.13439202457216198,0.27229633831474614,0.005516299244804255,6.1282659709393e-05,0.0006178500058835904,0.0,0.004910648
981.0,75.0,260.0,350.0,100.0,100.0,4.0,Rough,0.1,Silty Clay,1,1.0,Fresh,70.0,350.0,0.0,60.0,100.0,3.0,Rough to slightly rough,0.1,Silty Clay,1,1.5,Fresh to Slightly Weathered,70.0,80.0,0.0,100.0,100.0,4.0,Rough,0,None,0,0,0,4.999999999999999,10.0,15.165750888103101,-10.0,60.166435825965294,-50.0,36.969657227996564,33.06666666666666,0.651920240520265,0.5,0.0,0.0,17.10263137648707,25.0,114.54256850621083,30.0,76.81145747868608,-70.0,36.969657227996414,33.06666666666666,0.5892556509887897,0.16666666666666652,0.19764235376052366,0.125,13.509256086106296,30.0,85.84870412533901,5.0,59.329587896765304,-50.0,36.969657227996365,33.06666666666666,0.6519202405202649,0.5,0.0,0.0,0.8333333333333334,86.66666666666667,3.6666666666666665,0.0,0.0,0,0,0,0.22949129710466604,0,0.08985622368055847,0.23233727302198423,0.006355557955478974,0.0001965552622443962,0.005196932689014196,0.0,0.0022452616
993.0,60.5,295.0,290.0,1100.0,100.0,3.0,Rough to Slightly Rough,0.55,Silty Clay,1,1.5,Fresh to Slightly Weathered,65.5,335.0,330.0,1000.0,100.0,3.0,Rough to Slightly Rough,0.55,Silty Clay,1,1.5,Fresh to Slightly Weathered,70.0,0.5,0.0,1000.0,100.0,3.0,Rough to Slightly Rough,0,None,0,0,0,6.34822809924155,-14.5,13.228756555322953,35.0,416.79731285122267,1000.0,43.11365857307354,0.0,0.5700877125495691,-1.0,0.22360679774997894,0.5,17.198837169994952,-4.5,30.495901363953813,-15.0,381.96858509568557,940.0,43.11365857307342,0.0,0.21730674684008855,0.0,0.16298006013006616,0.0,13.874436925511608,0.0,100.89747271364135,-79.5,372.5855606434581,900.0,43.113658573073394,0.0,0.570087712549569,-1.0,0.0,0.0,1.0,1033.3333333333333,3.0,168.0,0.06666666666666668,0,0,0,0.30706492790583645,0,0.23955743521498443,0.4033145006372063,0.00728528304243304,0.00010497207709461323,0.07817308213233198,0.2857142857142857,0.008966808
1007.0,65.0,320.0,240.0,200.0,100.0,2.0,slightly rough,0.1,None,0,1.5,Fresh to Slightly Weathered,65.0,100.0,320.0,200.0,100.0,2.0,slightly rough,0.1,None,0,1.5,Fresh to Slightly Weathered,45.0,170.0,100.0,200.0,100.0,2.0,slightly rough,0,None,0,0,0,5.54977477020464,4.5,23.45207879911715,25.0,421.30748865881793,-900.0,29.57572578239724,0.0,0.7416198487095664,-1.0,0.27386127875258304,0.0,12.116104984688768,-0.5,105.09519494249011,-235.0,385.64232132897445,-800.0,29.575725782397082,0.0,0.41499665326629126,-1.0,0.11180339887498937,0.0,14.404860290887934,-25.0,60.29344906372498,169.5,376.82887362833543,-800.0,29.57572578239706,0.0,0.7416198487095663,-1.0,0.0,0.0,1.0,200.0,2.0,-11.999999999999977,0.05833333333333333,0,0,0,0.24661088185200644,0,0.14716576938317766,0.3194451241448075,0.0016271385818576434,4.708452739297224e-07,0.061814752594302184,0.14285714285714285,0.0035733604
1045.0,30.0,175.0,219.0,200.0,300.0,3.0,Rough to Slightly rough,0.1,Silt & clay,1,1.5,Fresh to Slightly weathered,75.0,270.0,283.0,600.0,100.0,3.0,Rough to Slightly rough,0.1,Silt & clay,1,1.0,Fresh,75.0,355.0,110.0,200.0,100.0,3.0,Rough to Slightly rough,0,None,0,0,0,17.111399708965948,-35.0,54.93177586788907,-145.0,421.30748865881793,0.0,94.23382737755175,200.0,0.7416198487095664,1.0,0.27386127875258304,0.0,11.414902540100814,10.0,102.34744745229361,170.0,396.3836525387998,400.0,14.787862891198339,0.0,0.43461349368017677,1.0,0.2165063509461096,-0.5,16.20185174601965,30.0,136.32149500353933,185.0,376.82887362833543,0.0,14.787862891198333,0.0,0.7416198487095663,1.0,0.0,0.0,0.8333333333333334,333.3333333333333,3.0,26.66666666666668,0.016666666666666673,0,0,0,0.3447782390708576,0,0.2330206160935606,0.4097331009831955,0.18170956524649842,0.013861044167194213,0.16748495034061994,0.2857142857142857,0.07834072
1136.2,60.0,250.0,198.0,156.25,225.5,2.5,Smooth to rough,0.23333333333333334,Hard (crushed rock) & soft (clay & silty clay),1,2.0,Slightly weathered to fresh,65.0,200.0,246.0,456.25,75.5,2.5,Smooth to rough,0.23333333333333334,Hard (crushed rock) & soft (clay & silty clay),1,2.0,Slightly weathered to fresh,30.0,40.0,116.25,156.25,75.5,2.5,Smooth to rough,0,None,0,0,0,16.824089871371942,30.0,55.113519212621505,75.0,420.57438402736796,-43.75,92.9518692657657,-74.5,0.7416198487095664,-0.5,0.35355339059327373,0.5,4.393176527297763,-10.0,103.22305943925514,-70.0,367.00178814278274,-143.75,10.956733089748605,-24.5,0.44721359549995815,-0.5,0.35355339059327373,1.0,19.557607215607945,-45.0,141.0595618878777,-315.0,376.0921595832596,-43.75,10.956733089748607,-24.5,0.7416198487095663,-0.5,0.0,0.0,1.3333333333333333,256.25,2.5,22.58333333333335,0.10833333333333332,0,0,0,0.42974280123097447,0,0.3682929484185395,0.5194384375209116,0.475490602086822,0.8433567076944055,0.10031604482995311,0.2857142857142857,0.23600763
1386.0,35.0,80.0,177.0,112.5,151.0,2.5,smooth to slightly rough,0.3666666666666667,Hard (crushed rock) & soft (clay & silty clay),1,2.0,Not Recorded,65.0,250.0,209.0,312.5,51.0,2.5,smooth to slightly rough,0.3666666666666667,Hard (crushed rock) & soft (clay & silty clay),1,2.0,Not Recorded,70.0,190.0,122.5,112.5,51.0,2.5,smooth to slightly rough,0,None,0,0,0,16.280356261458163,-25.0,97.5576752490546,-170.0,418.7406715378863,-43.75,86.60369507128432,-74.5,0.418330013267038,0.0,0.27386127875258304,0.0,4.421538193886832,0.0,87.77812939451375,50.0,310.69478592342034,-143.75,21.913466179497757,-24.5,0.418330013267038,0.0,0.4183300132670377,0.0,19.557607215607945,40.0,140.0617720864619,150.0,374.2074959163699,-43.75,21.913466179497732,-24.5,0.4183300132670378,0.0,0.0,0.0,1.3333333333333333,179.16666666666666,2.5,18.500000000000018,0.09999999999999998,1,0,1,0.7547591451012879,1,0.248340695273358,0.41354619008087407,0.04354594363764984,0.6186724854570949,0.08175981840570366,0.2857142857142857,0.14807816
1484.0,30.0,75.0,156.0,68.75,76.5,2.0,slightly rough,0.5,hard (crushed rock) & soft fillings (Clay to silty clay),1,2.0,Slightly weathered,55.0,260.0,172.0,168.75,26.5,2.0,slightly rough,0.5,hard (crushed rock) & soft fillings (Clay to silty clay),1,2.0,Slightly weathered,55.0,210.0,128.75,68.75,26.5,2.0,slightly rough,0,None,0,0,0,17.102631376487068,-5.0,106.71222985206522,-5.0,57.043021045523176,-43.75,92.17062981232142,-74.5,0.418330013267038,-0.5,0.27386127875258304,0.0,7.071067811865477,-10.0,70.21395872616783,10.0,180.63473157175505,-143.75,31.94409178549285,-24.5,0.418330013267038,-0.5,0.44721359549995787,0.0,18.371173070873837,-15.0,112.33877335986894,20.0,57.043021045523176,-43.75,31.944091785492812,-24.5,0.4183300132670378,-0.5,0.0,0.0,1.3333333333333333,102.08333333333333,2.0,-186.24999999999997,0.06666666666666665,1,1,1,0.7139888611120407,1,0.3834351298906709,0.4923830785925211,0.9094197817702939,0.0031458851383682185,0.341334402932109,0.42857142857142855,0.18764408
1546.8,35.0,80.0,135.0,25.0,2.0,2.5,Moderate,2.0,Silt & clay,1,1.5,Fresh to Slightly weathered,60.0,255.0,135.0,25.0,2.0,2.5,Moderate,2.0,Silt & clay,1,2.0,Slightly weathered,65.0,215.0,135.0,25.0,2.0,2.5,Moderate,0,None,0,0,0,12.54990039801113,5.0,78.1504958397578,5.0,69.17482381618329,-43.75,117.79484284127211,-74.5,0.35355339059327406,0.5,0.27386127875258304,-0.5,7.416198487095665,5.0,27.294688127912362,-5.0,227.28870682460226,-143.75,38.73790133706254,-24.5,0.35355339059327406,0.5,0.44721359549995787,0.0,17.81852968120546,10.0,111.83693486500782,5.0,69.17482381618329,-43.75,38.73790133706248,-24.5,0.3535533905932738,0.5,0.0,0.0,1.1666666666666667,25.0,2.5,-34.999999999999986,0.03333333333333335,1,0,1,0.686837518312642,1,0.30705158695972484,0.501528475996448,0.006391209491677794,0.09788918360037113,0.48325479856594433,0.42857142857142855,0.05312541
1581.0,35.0,80.0,270.0,100.0,1.0,2.5,Moderate,0.0,Silt & clay,1,1.5,Fresh to Slightly weathered,60.0,260.0,60.0,100.0,1.0,2.5,Moderate,0.0,Silt & clay,1,1.5,Fresh to Slightly weathered,70.0,215.0,60.0,100.0,1.0,2.5,Moderate,0,None,0,0,0,11.93733638631332,0.0,76.61592523751182,0.0,49.0933422166387,75.0,97.36696051536167,-1.0,0.22360679774997946,0.0,0.27386127875258304,0.0,4.183300132670381,0.0,25.495097567963924,5.0,172.58376589355095,75.0,32.176466555543215,-1.0,0.22360679774997946,0.0,0.22360679774997883,-0.5,16.80773631397161,5.0,75.61415211453475,0.0,49.0933422166387,75.0,32.176466555543115,-1.0,0.22360679774997896,0.0,0.0,0.0,1.0,100.0,2.5,-46.66666666666665,0.033333333333333326,1,0,1,0.5781722980602532,1,0.29960778930415016,0.4544461343385543,0.008329346981278215,0.7934251681948262,0.48170723213292344,0.14285714285714285,0.055206947
1589.0,35.0,85.0,253.33333333333334,600.0,300.0,3.0,Slightly rough to rough,0.1,Silt & clay,1,1.5,Fresh to Slightly weathered,60.0,265.0,120.0,800.0,100.0,2.0,Slightly rough,0.1,Silt & clay,1,1.5,Fresh to Slightly weathered,70.0,200.0,113.33333333333334,600.0,100.0,2.0,Slightly rough,0,None,0,0,0,2.236067977499777,0.0,3.5355339059327378,5.0,236.51109910530627,500.0,124.87213460175973,299.0,0.35355339059327406,0.5,0.27386127875258304,0.0,3.5355339059327417,0.0,5.70087712549569,5.0,308.7272258807117,700.0,41.20740224765438,99.0,0.2738612787525834,-0.5,0.2738612787525829,0.0,6.519202405202649,0.0,10.8397416943394,-15.0,236.51109910530627,500.0,41.20740224765431,99.0,0.27386127875258304,-0.5,0.0,0.0,1.0,666.6666666666666,2.3333333333333335,82.08333333333334,-0.06666666666666665,1,0,1,0.7154635008014179,1,0.5299091545231613,0.5846806132579561,0.7428810707996893,0.0033483574016342043,0.03754379508209438,0.0,0.5505432
1591.5,35.0,80.0,236.66666666666666,400.0,151.0,2.0,undulated and smooth to slightly rough,0.1,Hard (crushed rock) & soft (clay & silty clay) fillings,1,2.0,Slightly weathered to fresh,55.0,250.0,180.0,0.1,0.3,2.5,Smooth to Slightly rough,0.1,Crushed rock & silty clay,1,2.0,Slightly weathered to fresh,65.0,200.0,166.66666666666669,0.1,0.3,2.5,Smooth to Slightly rough,0,None,0,0,0,2.236067977499777,0.0,3.5355339059327378,-5.0,250.17181595855277,-200.0,124.87213460175973,-149.0,0.418330013267038,-1.0,0.27386127875258304,0.5,2.738612787525836,-5.0,5.70087712549569,-15.0,331.58709564758396,-799.9,42.83028134392758,-99.7,0.2738612787525834,0.5,0.2738612787525829,0.5,6.123724356957945,-5.0,7.582875444051551,0.0,249.65576700729346,-599.9,42.8302813439275,-99.7,0.27386127875258304,0.5,0.0,0.0,1.3333333333333333,133.4,2.3333333333333335,-9.153333333333308,0.0,1,0,1,0.7965872385158469,1,0.5751248703569584,0.6293725182096671,0.969053844701613,0.010235818971832546,0.12709678571949942,0.2857142857142857,0.47241005
1596.5,35.0,70.0,220.0,200.0,2.0,2.5,Moderate,2.0,Silt & clay,1,1.5,Fresh to Slightly weathered,65.0,260.0,240.0,7.55,0.55,2.0,Slightly rough,0.1,Silt & clay,1,2.0,Slightly weathered,60.0,190.0,220.0,200.0,2.0,2.5,Moderate,0,None,0,0,0,0.0,0.0,5.477225575051661,-10.0,234.25413550244957,-200.0,133.43800058454113,-149.0,0.35355339059327406,0.5,0.22360679774997894,-0.5,3.5355339059327417,10.0,5.70087712549569,10.0,345.2226846544126,7.45,44.295676989972634,0.25000000000000006,0.2738612787525834,-0.5,0.2738612787525829,0.0,4.183300132670378,-5.0,10.8397416943394,-10.0,244.67478823940974,199.9,44.13465758335487,1.7,0.22360679774997896,0.0,0.0,0.0,1.1666666666666667,135.85,2.3333333333333335,6.75333333333335,-0.033333333333333305,1,0,1,0.7944528072265735,1,0.576704637339562,0.6662540249617666,0.5355242915554929,0.8604810903399176,0.41823611366208424,0.2857142857142857,0.7556653
1598.0,35.0,80.0,140.0,10.0,0.5,2.0,undulated and smooth to slightly rough,2.0,Hard (crushed rock) & soft (clay & silty clay),1,2.0,Slightly weathered to fresh,55.0,250.0,300.0,15.0,0.8,2.0,undulated and smooth to slightly rough,0.1,Hard (crushed rock) & soft (clay & silty clay),1,2.0,Slightly weathered to fresh,70.0,220.0,330.0,20.0,1.0,2.0,undulated and smooth to slightly rough,0,None,0,0,0,0.0,0.0,5.477225575051661,10.0,238.15961034566715,-190.0,133.69012678578773,-1.5,0.418330013267038,-0.5,0.27386127875258304,0.5,4.183300132670381,-10.0,6.708203932499369,-10.0,346.41932971472596,7.45,44.4258595865065,0.25,0.2738612787525834,0.0,0.2738612787525829,0.0,4.47213595499958,10.0,12.24744871391589,30.0,245.5011242336784,-180.0,44.24475110111914,-1.0,0.27386127875258304,-0.5,0.0,0.0,1.3333333333333333,15.0,2.0,-1.999999999999983,0.033333333333333305,1,0,1,0.8257576335572994,1,0.5579179739429976,0.7143410465917154,0.8367330918977953,0.726862054693742,0.640941780572534,0.42857142857142855,0.94503254
1600.0,30.0,80.0,195.0,15.0,0.5,2.0,slightly rough,0.1,Hard (crushed rock) & soft (clay & silty clay),1,2.0,Slightly weathered to fresh,55.0,250.0,275.0,17.5,0.65,2.0,slightly rough,0.1,Hard (crushed rock) & soft (clay & silty clay),1,2.0,Slightly weathered to fresh,75.0,200.0,290.0,20.0,0.75,2.0,slightly rough,0,None,0,0,0,2.236067977499777,-5.0,5.477225575051661,0.0,255.04901489713697,5.0,133.77434357902862,0.0,0.44721359549995815,0.0,0.27386127875258304,0.0,4.472135954999582,0.0,7.0710678118654755,0.0,353.34751237273485,2.5,44.4645842216026,-0.15000000000000002,0.22360679774997946,0.0,0.2236067977499788,0.0,5.70087712549569,5.0,10.954451150103322,-20.0,254.7775539563876,0.0,44.2729375578353,-0.25,0.27386127875258304,0.0,0.0,0.0,1.3333333333333333,17.5,2.0,-16.499999999999982,0.06666666666666665,1,0,1,0.8250897396947494,1,0.6273880188685421,0.7912866083585998,0.8334663480945019,0.9908339555214052,0.911758488488597,0.7142857142857143,0.6975178
1604.5,35.0,80.0,250.0,20.0,0.5,2.0,slightly rough,2.0,Hard (crushed rock) & soft (clay & silty clay) fillings,1,2.0,Slightly weathered to fresh,65.0,250.0,250.0,20.0,0.5,2.0,slightly rough,2.0,Hard (crushed rock) & soft (clay & silty clay) fillings,1,2.0,Slightly weathered to fresh,70.0,200.0,250.0,20.0,0.5,2.0,slightly rough,0,None,0,0,0,2.236067977499777,5.0,4.47213595499958,0.0,171.40595088852663,5.0,67.14108280330306,0.0,0.22360679774997935,0.0,0.22360679774997894,0.0,5.477225575051664,10.0,4.47213595499958,0.0,8.13415637912164,2.5,0.18506755520844825,-0.15000000000000002,0.22360679774997946,0.0,0.0,0.0,5.70087712549569,-5.0,10.954451150103322,0.0,83.17092039889896,0.0,0.6637017402272559,-0.25,0.27386127875258304,0.0,0.0,0.0,1.3333333333333333,20.0,2.0,-129.33333333333331,0.06666666666666665,1,0,1,0.734240811852027,1,0.4015279470477871,0.5485965888494804,0.9706190979355265,0.9898203541734373,0.44106347863833234,0.5714285714285714,0.733069
1606.0,35.0,85.0,175.0,60.0,50.25,3.0,slightly rough to rough,0.1,Hard (crushed rock) & soft (clay & silty clay) fillings,1,2.0,Slightly weathered to fresh,55.0,250.0,175.0,60.0,50.25,3.0,slightly rough to rough,0.1,Hard (crushed rock) & soft (clay & silty clay) fillings,1,2.0,Slightly weathered to fresh,65.0,200.0,175.0,60.0,50.25,3.0,slightly rough to rough,0,None,0,0,0,2.236067977499777,0.0,5.477225575051661,5.0,80.18728078691782,40.0,22.09072203437448,49.75,0.44721359549995815,1.0,0.22360679774997894,0.0,5.477225575051664,-10.0,4.47213595499958,0.0,20.650980606257068,40.0,22.193270376399937,49.75,0.44721359549995815,1.0,0.0,0.0,5.70087712549569,-5.0,10.954451150103322,0.0,77.97435475847163,40.0,22.00468700072741,49.75,0.447213595499958,1.0,0.0,0.0,1.3333333333333333,60.0,3.0,-14.679999999999973,0.0,1,0,1,0.6375051481701277,1,0.3529566860435344,0.5482901738924886,0.30111792918387,0.8596131500078624,0.46530003793310687,0.42857142857142855,0.33357903
1607.3,35.0,80.0,100.0,100.0,100.0,3.0,Slightly rough to rough,0.1,Silt & clay,1,1.5,Fresh to Slightly weathered,55.0,250.0,100.0,100.0,100.0,2.0,Slightly rough,0.1,Silt & clay,1,2.0,Slightly weathered,70.0,200.0,100.0,100.0,100.0,1.5,Slightly rough to smooth,0,None,0,0,0,2.236067977499777,0.0,2.23606797749979,-5.0,38.47076812334269,40.0,44.497752752245795,49.75,0.5477225575051663,0.0,0.22360679774997894,-0.5,4.472135954999582,0.0,0.0,0.0,37.08099243547839,40.0,44.42242395457492,49.75,0.44721359549995815,-1.0,0.0,0.0,3.5355339059327378,5.0,8.94427190999916,0.0,35.77708763999646,40.0,44.37235907634374,49.75,0.5477225575051662,-1.5,0.0,0.0,1.1666666666666667,100.0,2.1666666666666665,-7.169999999999971,0.0,1,0,1,0.6724843507890036,1,0.6476206923347969,0.6348729437070114,0.9881721816161437,0.7992082515984728,0.4784246446854139,0.42857142857142855,0.8484083
1615.5,37.0,75.0,160.0,55.0,50.25,3.0,Slightly rough to rough,0.1,Silt & clay,1,1.5,Fresh to Slightly weathered,57.0,255.0,215.0,57.5,50.4,2.0,Slightly rough,0.1,Silt & clay,1,2.0,Slightly weathered,65.0,200.0,160.0,60.0,50.5,1.5,Slightly rough to smooth,0,None,0,0,0,2.607680962081049,2.0,3.5355339059327378,-5.0,34.46012188022556,-45.0,41.62383632007024,-49.75,0.5477225575051663,0.0,0.27386127875258304,0.0,4.3358966777357635,2.0,2.23606797749979,5.0,33.9392840230905,-42.5,41.59701611894766,-49.6,0.44721359549995815,0.0,0.0,0.0,4.183300132670378,-5.0,0.0,0.0,33.46640106136284,-40.0,41.579216563085765,-49.5,0.6123724356957946,0.0,0.0,0.0,1.1666666666666667,57.5,2.1666666666666665,8.500000000000028,-0.033333333333333305,1,0,1,0.687205842281432,1,0.7710235370310683,0.6327611209884543,0.919038637117843,0.8372469711292598,0.7876483882684693,0.7142857142857143,0.9453948
1617.7,35.0,80.0,300.0,10.0,0.5,3.0,slightly rough to rough,2.0,Hard (crushed rock) & soft (clay & silty clay) fillings,1,1.0,Fresh,60.0,250.0,330.0,15.0,0.8,3.0,slightly rough to rough,3.0,Hard (crushed rock) & soft (clay & silty clay) fillings,1,2.0,Slightly weathered to fresh,70.0,190.0,30.0,20.0,1.0,3.0,slightly rough to rough,0,None,0,0,0,0.8944271909998855,-2.0,3.5355339059327378,5.0,35.77708763999664,-45.0,41.62383632007024,-49.75,0.44721359549995815,0.0,0.4183300132670378,-0.5,4.219004621945801,3.0,2.23606797749979,-5.0,34.568772034887296,-42.5,41.561255996420414,-49.6,0.5477225575051663,1.0,0.0,0.0,2.7386127875258306,5.0,4.47213595499958,-10.0,33.46640106136284,-40.0,41.519724228371096,-49.5,0.758287544405155,1.5,0.0,0.0,1.0,15.0,3.0,-0.4999999999999716,-0.06666666666666665,1,0,1,0.6486293302274366,1,0.7232488468455431,0.5618574944684358,0.939063876097096,0.8620304156794542,0.8155389681564423,0.5714285714285714,0.9478064
1620.7,45.0,80.0,100.0,35.0,150.25,3.0,Slightly rough to rough,0.1,Silt & clay,1,1.5,Fresh to Slightly weathered,65.0,255.0,290.0,47.5,50.4,2.0,Slightly rough,0.1,Silt & clay,1,2.0,Slightly weathered,70.0,215.0,115.0,50.0,50.5,1.5,Slightly rough to smooth,0,None,0,0,0,4.335896677735755,10.0,3.5355339059327378,0.0,33.279122584587476,25.0,56.89930799227701,149.75,0.0,0.0,0.3535533905932738,0.5,4.219004621945801,5.0,2.7386127875258306,5.0,30.44462185674189,32.5,35.07256049962694,49.6,0.5477225575051663,-1.0,0.0,0.0,2.7386127875258306,0.0,8.94427190999916,25.0,28.635642126552497,30.0,35.00196423059693,49.5,0.8215838362577492,-1.5,0.0,0.0,1.1666666666666667,44.166666666666664,2.1666666666666665,4.8333333333333615,-0.033333333333333305,1,0,1,0.7055023317443386,1,0.7237921798894216,0.5772716386482611,0.9745494056701051,0.9292329289631891,0.8298068644209442,0.5714285714285714,0.97125375
1626.0,35.0,85.0,225.0,60.0,300.0,3.0,Slightly rough to rough,0.1,Silt & clay,1,1.5,Fresh to Slightly weathered,60.0,250.0,250.0,80.0,100.0,1.5,Slightly rough to smooth,0.1,Silt & clay,1,1.5,Fresh to Slightly weathered,75.0,200.0,200.0,80.0,100.0,3.0,Slightly rough to rough,0,None,0,0,0,4.335896677735754,-10.0,3.5355339059327378,5.0,33.279122584587476,25.0,114.95670380625916,149.75,0.0,0.0,0.22360679774997896,0.0,3.7815340802378117,-5.0,2.7386127875258306,-5.0,32.35544776386206,32.5,41.49833731609005,49.6,0.5477225575051663,-0.5,0.2236067977499788,-0.5,3.5355339059327378,5.0,8.94427190999916,-15.0,30.33150177620601,30.0,41.41467131343661,49.5,0.8215838362577492,1.5,0.0,0.0,1.0,73.33333333333333,2.5,2.666666666666694,-0.06666666666666665,1,0,1,0.643623964833386,1,0.6264763755932851,0.53904054898645,0.914727825053764,0.6007331941482161,0.6535526728708047,0.5714285714285714,0.88304204
1630.0,35.0,75.0,155.0,60.0,200.0,3.0,Slightly rough to rough,0.1,Silt & clay,1,1.5,Fresh to Slightly weathered,55.0,255.0,255.0,140.0,75.0,3.0,Slightly rough to rough,0.1,Silt & clay,1,1.5,Fresh to Slightly weathered,55.0,205.0,212.5,90.0,75.0,3.0,Slightly rough to rough,0,None,0,0,0,4.335896677735754,0.0,4.183300132670378,-10.0,21.621748310439653,0.0,119.18491410409288,-100.0,0.0,0.0,0.22360679774997896,0.0,3.7815340802378112,-5.0,2.7386127875258306,5.0,46.549704617752475,60.0,36.757475430175994,-25.0,0.670820393249937,1.5,0.2738612787525829,0.0,7.582875444051551,-20.0,9.082951062292475,5.0,27.38612787525809,10.0,36.67662743492084,-25.0,0.8215838362577492,0.0,0.0,0.0,1.0,96.66666666666667,3.0,-0.6666666666666373,-0.03333333333333335,1,0,1,0.6101554297032616,1,0.555830855736755,0.5357077697114593,0.9617308115969044,0.6188547915215186,0.843895193003448,0.8571428571428571,0.6326759
1636.0,35.0,85.0,85.0,60.0,100.0,3.0,Slightly rough to rough,0.1,Silt & clay,1,1.5,Fresh to Slightly weathered,55.0,260.0,260.0,200.0,50.0,3.0,Slightly rough to rough,0.1,Silt & clay,1,1.5,Fresh to Slightly weathered,55.0,225.0,225.0,100.0,50.0,3.0,Slightly rough to rough,0,None,0,0,0,4.472135954999573,0.0,4.183300132670378,10.0,22.360679774997898,0.0,111.63579175157042,-100.0,0.0,0.0,0.22360679774997896,0.0,4.183300132670381,0.0,4.183300132670378,5.0,74.02702209328703,60.0,36.77129315104368,-25.0,0.7071067811865477,0.0,0.2738612787525829,0.0,9.354143466934854,0.0,13.509256086106296,20.0,32.71085446759208,10.0,36.694004959938454,-25.0,0.6708203932499369,0.0,0.0,0.0,1.0,120.0,3.0,12.500000000000028,-0.03333333333333335,1,0,1,0.58326401340824,1,0.4929945416405865,0.5499007951142929,0.6566189873781912,0.5040377199258179,0.8326424734285903,0.5714285714285714,0.3818066
1640.0,50.0,177.5,82.85714285714286,130.0,100.0,3.5,Not Recorded,0.1,None,0,1.25,Not Recorded,57.85,305.0,268.57142857142856,200.0,62.5,3.0,Not Recorded,0.1,None,0,1.5,Not Recorded,52.85,152.5,203.33333333333334,150.0,62.5,3.0,Not Recorded,0,None,0,0,0,7.071067811865471,15.0,43.243496620879306,92.5,35.77708763999664,70.0,83.65113567669,0.0,0.2236067977499795,0.5,0.11180339887498954,-0.25,4.165273100290067,2.8500000000000014,22.638462845343543,45.0,69.18272905863142,0.0,20.833434666420032,12.5,0.7071067811865477,0.0,0.2236067977499788,0.0,10.171012732270077,-2.1499999999999986,27.97320146139873,-72.5,36.469165057620806,50.0,20.81285660355132,12.5,0.6708203932499369,0.0,0.0,0.0,0.9166666666666666,160.0,3.1666666666666665,29.00000000000003,-0.016666666666666673,1,0,1,0.51051894337203,1,0.2748068903873522,0.41671808969323143,0.008663703729658953,0.5969558961054316,0.598708617008119,0.2857142857142857,0.1393223
1756.5,65.0,270.0,80.71428571428571,200.0,100.0,4.0,Rough,0.1,Silty Clay,1,1.0,Fresh,60.7,350.0,277.14285714285717,200.0,75.0,3.0,Rough to Slightly rough,0.1,Silty Clay,1,1.5,Fresh to Slightly Weathered,50.7,80.0,181.66666666666666,200.0,75.0,3.0,Rough to Slightly rough,0,None,0,0,0,13.416407864998735,15.0,84.5133125608031,92.5,62.609903369994115,70.0,89.44271909999158,0.0,0.44721359549995826,0.5,0.22360679774997902,-0.25,2.687563952727457,2.8500000000000014,42.924352062669506,45.0,53.665631459995005,0.0,18.540496217738944,12.5,0.670820393249937,0.0,0.0,0.0,9.828428155101912,-2.1499999999999986,58.148516748065035,-72.5,50.29910535983709,50.0,18.5404962177389,12.5,0.0,0.0,0.0,0.0,0.8333333333333334,200.0,3.3333333333333335,31.166666666666696,-0.06666666666666668,1,0,1,0.523197009239951,1,0.16265214930408659,0.3524118308546128,0.006328231786584323,0.863920557467568,0.37198996617900815,0.14285714285714285,0.071454324
2081.5,65.0,250.0,78.57142857142857,200.0,100.0,4.0,undulated and smooth to rough,0.1,Hard (crushed rock) & soft (clay & silty clay) fillings,1,1.5,Not Recorded,65.0,210.0,285.7142857142857,200.0,87.5,4.0,undulated and smooth to rough,0.1,Hard (crushed rock) & soft (clay & silty clay) fillings,1,1.75,Not Recorded,30.0,80.0,160.0,130.0,87.5,4.0,undulated and smooth to rough,0,None,0,0,0,14.999999999999998,0.0,90.4087938200704,-20.0,70.0,0.0,44.72135954999578,0.0,0.5000000000000003,0.0,0.22360679774997902,0.5,4.236507995979712,4.299999999999997,53.3151010502653,-140.0,26.832815729997577,0.0,14.252192813738946,12.5,0.44721359549995804,1.0,0.11180339887498919,0.25,10.610042412733327,-20.700000000000003,67.906185285289,0.0,43.931765272977515,-70.0,14.252192813738878,12.5,0.44721359549995787,1.0,0.0,0.0,1.0833333333333333,176.66666666666666,4.0,20.666666666666693,0.016666666666666653,0,0,0,0.3299618038008126,0,0.16688417825931454,0.3562027446698806,0.020736750449443717,0.07347545808218213,0.06967472846052311,0.0,0.023818888
2086.0,60.0,250.0,76.42857142857143,60.0,100.0,2.5,smooth to rough,0.1,Hard (crushed rock) & soft (clay & silty clay) fillings,1,2.0,Slightly weathered to fresh,65.0,210.0,294.2857142857143,60.0,100.0,4.0,undulated and smooth to rough,0.1,Hard (crushed rock) & soft (clay & silty clay) fillings,1,2.0,Slightly weathered to fresh,30.0,80.0,130.0,60.0,100.0,2.5,Smooth to rough,0,None,0,0,0,12.74754878398196,-5.0,76.51797174520506,0.0,70.0,-140.0,0.0,0.0,0.6519202405202651,-1.5,0.3708099243547832,0.5,4.404316064952653,0.0,60.991802727907626,0.0,62.60990336999416,-140.0,19.76423537605217,12.5,0.5477225575051662,0.0,0.22360679774997885,0.25,12.607458110182243,0.0,64.8459713474939,0.0,52.630789467763,-70.0,19.764235376052145,12.5,0.5477225575051661,-1.5,0.0,0.0,1.3333333333333333,60.0,3.0,-7.3333333333333055,0.06666666666666665,0,0,0,0.34693134030979056,0,0.16366131726932157,0.37837662746628986,0.006255888289117475,0.5470267818254212,0.06901631522308839,0.0,0.011072818
2090.5,50.0,65.0,74.28571428571429,60.0,100.0,3.0,rough to slightly rough,0.1,silty clay,1,1.5,Fresh to slightly weathered,70.0,75.0,302.85714285714283,60.0,200.0,3.0,rough to slightly rough,0.1,silty clay,1,1.5,Fresh to slightly weathered,65.0,270.0,116.25,60.0,100.0,3.0,Rough to slightly rough,0,None,0,0,0,7.582875444051547,-10.0,84.55767262643882,-185.0,70.0,0.0,0.0,0.0,0.6519202405202651,0.5,0.3708099243547832,-0.5,4.644674369640999,5.0,105.88909292273685,-135.0,76.6811580507233,0.0,54.914706591221915,100.0,0.5477225575051662,-1.0,0.22360679774997885,-0.5,15.342685553709298,35.0,83.02860952707807,190.0,60.4152298679728,0.0,16.298006013006397,0.0,0.5477225575051661,0.5,0.0,0.0,1.0,60.0,3.0,-11.999999999999972,0.0,0,0,0,0.26932966005977393,0,0.07290380252386944,0.25404345128113304,0.0010441321282467187,0.40401378986399605,0.08039650087984927,0.2857142857142857,0.0008051671
2095.5,65.0,250.0,72.14285714285714,60.0,100.0,3.0,Rough to slightly rough,0.8,Silty clay and clay,1,1.5,Fresh to slightly weathered,70.0,200.0,311.42857142857144,60.0,100.0,3.0,Rough to slightly rough,1.0,Silty clay and clay,1,1.5,Fresh to slightly weathered,75.0,310.0,102.5,200.0,100.0,3.0,Rough to slightly rough,0,None,0,0,0,6.519202405202645,15.0,85.4107721543366,185.0,76.68115805072325,0.0,0.0,0.0,0.6708203932499371,0.0,0.35355339059327384,0.0,3.936749928557822,0.0,97.36529155710468,125.0,76.6811580507233,0.0,49.999999999999915,-100.0,0.5477225575051662,0.0,0.22360679774997885,0.0,20.3125084615367,10.0,115.88787684654508,40.0,69.99999999999994,140.0,11.18033988749868,0.0,0.5477225575051661,0.0,0.0,0.0,1.0,106.66666666666667,3.0,-10.666666666666638,0.016666666666666673,0,0,0,0.27949864306985517,0,0.06725956404208075,0.2614234808956809,0.0021108328811840394,0.547513885957409,0.3279256739378261,0.42857142857142855,0.002658962
2101.3,50.0,65.0,70.0,60.0,100.0,4.0,rough,1.0,Silty clay,1,1.5,Fresh to slightly weathered,70.0,320.0,320.0,100.0,60.0,2.0,slightly rough,1.0,silty clay,1,1.5,Fresh to slightly weathered,70.0,320.0,88.75,200.0,300.0,3.0,Rough to slightly rough,0,None,0,0,0,7.582875444051547,-15.0,101.32867313845573,-185.0,62.609903369994115,0.0,0.0,0.0,0.6708203932499371,1.0,0.2236067977499791,0.0,2.7386127875258346,0.0,86.86195945291587,120.0,60.66300355241245,40.0,53.16248677404013,-40.0,0.8366600265340757,-1.0,0.22360679774997885,0.0,22.192341021172147,-5.0,121.94260945215171,10.0,69.99999999999994,0.0,91.00137361600648,200.0,0.5477225575051661,0.0,0.0,0.0,1.0,120.0,3.0,-15.999999999999972,0.033333333333333326,0,0,0,0.24505053979983019,0,0.10534867544626189,0.26518639676329603,0.00289281872243918,0.3022350099325197,0.03689627515842181,0.0,0.00085335015
2106.0,55.0,65.0,260.0,60.0,100.0,3.0,Rough to slightly rough,0.1,Silty clay,1,1.5,Fresh to slightly weathered,70.0,210.0,210.0,60.0,100.0,3.0,Rough to slightly rough,0.1,Silty clay,1,1.5,Fresh to slightly weathered,80.0,0.0,75.0,200.0,100.0,3.0,Rough to slightly rough,0,None,0,0,0,6.519202405202645,5.0,101.32867313845573,0.0,0.0,0.0,0.0,0.0,0.5477225575051663,-1.0,0.2236067977499791,0.0,2.2360679774997947,0.0,86.86195945291587,-110.0,17.88854381999847,-40.0,52.15361924162111,40.0,0.7071067811865477,1.0,0.22360679774997885,0.0,19.81161275615895,10.0,146.38989036132241,-320.0,76.68115805072321,0.0,89.44271909999159,-200.0,0.22360679774997885,0.0,0.0,0.0,1.0,106.66666666666667,3.0,-13.999999999999968,-0.016666666666666653,0,0,0,0.2518423298151197,0,0.10427284514182707,0.22856091715118698,0.002171900032621876,0.23709140457539654,0.0521079685292103,0.0,0.0019135908
2111.0,60.0,70.0,250.0,60.0,100.0,3.0,rough to slightly rough,0.1,silty clay,1,1.5,Fresh to slightly weathered,70.0,80.0,205.0,100.0,100.0,3.0,Rough to slightly rough,0.1,Silty clay,1,1.5,Fresh to slightly weathered,80.0,320.0,75.0,200.0,100.0,3.0,Rough to slightly rough,0,None,0,0,0,6.519202405202645,5.0,82.20401450050964,5.0,0.0,0.0,0.0,0.0,0.44721359549995815,0.0,0.0,0.0,0.0,0.0,102.32301793829187,-130.0,21.90890230020677,40.0,52.15361924162111,0.0,0.4472135954999582,0.0,0.0,0.0,6.519202405202653,0.0,137.94926603646718,320.0,62.60990336999407,0.0,89.44271909999159,0.0,0.0,0.0,0.0,0.0,1.0,120.0,3.0,12.000000000000028,-0.06666666666666665,0,0,0,0.256085778877279,0,0.08554489197671047,0.2268941896548608,0.009915339224029053,0.22961483532599092,0.041932883249256,0.0,0.0016471964
2121.0,50.0,65.0,250.0,60.0,100.0,3.0,rough to slightly rough,0.1,silty clay,1,1.5,Fresh to slightly weathered,70.0,75.0,200.0,60.0,100.0,3.0,rough to slightly rough,0.1,silty clay,1,1.5,Fresh to slightly weathered,70.0,75.0,320.0,200.0,100.0,3.0,Rough to slightly rough,0,None,0,0,0,6.519202405202645,-10.0,82.20401450050964,-5.0,0.0,0.0,0.0,0.0,0.44721359549995815,0.0,0.0,0.0,0.0,0.0,102.32301793829187,-5.0,21.90890230020677,-40.0,17.888543819998088,0.0,0.4472135954999582,0.0,0.0,0.0,5.000000000000005,-10.0,155.24174696260025,-245.0,0.0,0.0,89.44271909999159,0.0,0.0,0.0,0.0,0.0,1.0,106.66666666666667,3.0,9.333333333333362,0.0,0,0,0,0.2269439627597633,0,0.1238203827251896,0.23584168974503683,0.004703581412908436,0.18036143262528467,0.02787230471029059,0.0,0.0017282927
2125.7,50.0,250.0,176.66666666666669,60.0,100.0,2.5,Smooth to rough,0.1,Crushed rock & silty clay,1,2.0,Slightly weathered to fresh,65.0,210.0,156.66666666666666,60.0,100.0,2.5,Smooth to rough,0.1,Crushed rock & silty clay,1,2.0,Slightly weathered to fresh,30.0,80.0,269.0,60.0,100.0,2.5,Smooth to rough,0,None,0,0,0,4.472135954999573,0.0,82.20401450050964,185.0,0.0,0.0,0.0,0.0,0.5477225575051663,-0.5,0.2236067977499791,0.5,2.2360679774997947,-5.0,102.9805806936434,135.0,21.90890230020677,0.0,17.888543819998088,0.0,0.4472135954999582,-0.5,0.22360679774997885,0.5,20.736441353327724,-40.0,150.34959261667456,5.0,62.60990336999407,-140.0,89.44271909999159,0.0,0.22360679774997885,-0.5,0.0,0.0,1.3333333333333333,60.0,2.5,-9.333333333333306,0.06666666666666665,0,0,0,0.2250363169151015,0,0.10209822295665824,0.20561478717242604,0.0028177660115803575,0.016817767867477244,0.008371751335440525,0.0,0.0022492432
2131.0,60.0,250.0,103.33333333333334,106.66666666666666,86.66666666666667,2.5,smooth to rough,0.1,Hard (crushed rock) & soft (clay & silty clay) fillings,1,2.0,Slightly weathered to fresh,60.0,210.0,113.33333333333333,106.66666666666666,86.66666666666667,2.5,smooth to rough,0.1,Hard (crushed rock) & soft (clay & silty clay) fillings,1,2.0,Slightly weathered to fresh,70.0,40.0,218.0,95.0,100.0,2.5,Smooth to rough,0,None,0,0,0,4.999999999999995,10.0,100.43654713300333,0.0,20.869967789998036,46.66666666666666,5.962847939999359,-13.333333333333329,0.2738612787525834,0.0,0.2738612787525832,0.0,4.472135954999581,-5.0,72.59476565152615,0.0,23.85139175999787,46.66666666666666,5.962847939998749,-13.333333333333329,0.27386127875258337,0.0,0.273861278752583,0.0,20.736441353327724,40.0,125.47908192204787,-40.0,68.2275604136627,35.0,0.0,0.0,0.2738612787525829,0.0,0.0,0.0,1.3333333333333333,102.77777777777777,2.5,-3.444444444444417,0.06666666666666665,0,0,0,0.3672458346028333,0,0.10730555711269645,0.3045147598253281,0.004612582598970874,0.15173138828824626,0.12582606221203765,0.2857142857142857,0.010217046
2141.5,55.0,250.0,30.0,153.33333333333331,73.33333333333333,3.0,rough to slightly rough,0.1,silty clay,1,1.5,Fresh to slightly weathered,65.0,210.0,70.0,153.33333333333331,73.33333333333333,3.0,rough to slightly rough,0.1,silty clay,1,1.5,Fresh to slightly weathered,30.0,40.0,167.0,130.0,100.0,2.5,Rough to Smooth,0,None,0,0,0,4.999999999999995,-5.0,99.9749968742185,0.0,41.73993557999607,46.66666666666666,11.925695879998834,-13.333333333333343,0.2738612787525834,0.5,0.2738612787525832,-0.5,4.1833001326703805,5.0,72.59476565152615,0.0,38.75851160999642,46.66666666666666,11.92569587999853,-13.333333333333343,0.27386127875258337,0.5,0.273861278752583,-0.5,24.08318915758459,-40.0,118.3427226321923,0.0,62.60990336999406,35.0,0.0,0.0,0.2738612787525829,0.0,0.0,0.0,1.0,145.55555555555554,2.8333333333333335,7.7777777777778025,0.0,0,0,0,0.24319927512936151,0,0.0688356376653894,0.2330890276050159,0.0030406435551001074,0.05895525153590963,0.049703522778458784,0.14285714285714285,0.0034737429
2146.0,65.0,260.0,30.0,200.0,60.0,3.0,rough to slightly rough,0.1,silty clay,1,1.5,Fresh to slightly weathered,65.0,190.0,30.0,200.0,60.0,3.0,rough to slightly rough,0.1,silty clay,1,1.5,Fresh to slightly weathered,60.0,30.0,116.0,165.0,100.0,4.0,rough surfaces,0,None,0,0,0,6.519202405202645,10.0,83.96427811873333,10.0,60.84588911522472,46.666666666666686,17.384539747207025,-13.333333333333329,0.2738612787525834,0.0,0.2738612787525832,0.0,3.5355339059327404,0.0,58.77924803874238,-20.0,60.84588911522477,46.666666666666686,17.384539747206816,-13.333333333333329,0.27386127875258337,0.0,0.273861278752583,0.0,20.493901531919196,30.0,22.80350850198276,-10.0,55.33985905294658,35.0,0.0,0.0,0.6519202405202649,1.5,0.0,0.0,1.0,188.33333333333334,3.3333333333333335,13.666666666666696,0.0,0,0,0,0.35114525631545473,0,0.09395021330525775,0.35786870918567226,0.011440538077450095,0.6657081642720839,0.42855624646938956,0.2857142857142857,0.0031981133
2151.0,50.0,70.0,250.0,60.0,100.0,3.0,rough to slightly rough,0.1,silty clay and clay,1,2.0,slight weathering,70.0,200.0,75.0,60.0,100.0,3.0,rough to slightly rough,0.1,silty clay and clay,1,2.0,slight weathering,75.0,340.0,65.0,200.0,100.0,3.0,Rough to slightly rough,0,None,0,0,0,6.519202405202645,-15.0,81.7312669668102,-190.0,60.84588911522472,-140.0,17.384539747207025,40.0,0.2738612787525834,0.0,0.2738612787525832,0.5,3.5355339059327404,5.0,8.94427190999916,10.0,60.84588911522477,-140.0,17.384539747206816,40.0,0.27386127875258337,0.0,0.273861278752583,0.5,21.6794833886788,15.0,132.21195104830727,310.0,55.33985905294658,35.0,0.0,0.0,0.6519202405202649,-1.0,0.0,0.0,1.3333333333333333,106.66666666666667,3.0,2.842170943040401e-14,0.06666666666666665,0,0,0,0.28986966928080854,0,0.08769058102883315,0.27894129784543964,0.0014210851968591398,0.010285605824496875,0.02723074591848614,0.0,0.0014685175
2353.0,70.0,260.0,174.0,100.0,700.0,4.5,V. Rough to Rough,0.1,Silty Clay,1,1.0,Fresh,65.0,340.0,174.0,100.0,800.0,4.0,Rough to S. Rough,0.1,Silty Clay,1,1.0,Fresh,75.0,80.0,174.0,100.0,300.0,4.0,Rough,0,None,0,0,0,7.905694150420945,20.0,82.8854631404084,190.0,53.87227693556513,40.0,277.67286907838553,600.0,0.7582875444051552,1.5,0.4183300132670379,-1.0,3.5355339059327404,-5.0,62.048368229954285,140.0,53.87227693556518,40.0,322.33867627422904,700.0,0.5477225575051663,1.0,0.4183300132670378,-1.0,18.907670401189037,0.0,132.21195104830727,-260.0,44.5252737217863,-100.0,89.44271909999159,200.0,0.758287544405155,1.0,0.0,0.0,0.6666666666666666,100.0,4.166666666666667,8.000000000000028,-0.13333333333333333,0,0,0,0.21308159764247486,0,0.22473442692075318,0.22320076107627582,0.017857514685436348,0.7460511053958875,0.08882923536020187,0.14285714285714285,0.014541918
2487.0,65.0,250.0,212.0,80.0,500.0,2.5,rough & slightly rough,1.0,clay & silty clay,1,1.5,Fresh to Slightly Weathered,70.0,210.0,192.66666666666666,60.0,700.0,2.5,rough & slightly rough,1.0,clay & silty clay,1,1.5,Fresh to Slightly Weathered,30.0,95.0,127.0,60.0,700.0,2.5,"undulated, rough & slightly rough",0,None,0,0,0,8.215838362577488,-5.0,82.8854631404084,-10.0,57.232469416892684,-20.0,294.99529186450116,-200.0,0.7582875444051552,-2.0,0.3535533905932739,0.5,2.7386127875258346,5.0,62.048368229954285,-130.0,61.173705317090516,-40.0,370.16512831737975,-100.0,0.5477225575051663,-1.5,0.3535533905932738,0.5,22.74862633215465,-45.0,127.55391017134677,15.0,54.58937625582466,-40.0,260.768096208106,400.0,0.758287544405155,-1.5,0.0,0.0,1.0,66.66666666666667,2.5,-7.222222222222191,-0.06666666666666665,0,0,0,0.21038997578258103,0,0.1960037279515309,0.2588734936834139,0.006252840412246822,0.6132180351716453,0.040609233746787515,0.14285714285714285,0.004340593
2497.3,60.0,70.0,250.0,140.0,280.0,3.0,Rough to slightly rough,0.1,Silty/clay,1,1.5,Fresh to slightly weathered,70.0,80.0,211.33333333333334,130.0,380.0,3.0,Rough to slightly rough,0.1,Silty/clay,1,1.5,Fresh to slightly weathered,75.0,170.0,80.0,205.0,566.6666666666666,3.0,Rough to slightly rough,0,None,0,0,0,7.582875444051547,-5.0,102.32301793829187,-180.0,55.497747702046446,60.0,271.1457172813172,-220.0,0.7582875444051552,0.5,0.3535533905932739,0.0,2.7386127875258346,0.0,92.35799911215054,-130.0,58.30951894845306,70.0,337.5203697556638,-320.0,0.5477225575051663,0.5,0.3535533905932738,0.0,19.557607215607945,45.0,121.01652779682617,75.0,63.776955085673336,145.0,272.43755655603405,-133.33333333333337,0.6708203932499368,0.5,0.0,0.0,1.0,158.33333333333334,3.0,2.555555555555588,0.0,0,0,0,0.2508037067210294,0,0.10323426576246049,0.23076069003196717,0.00745967107617824,0.4033702833698046,0.015293533869107378,0.0,0.0012632982
2506.0,65.0,250.0,110.0,200.0,60.0,4.0,"Undulated, rough & smooth",0.1,Silty clay,1,1.5,Not Recorded,70.0,200.0,230.0,200.0,60.0,4.0,"Undulated, rough & smooth",0.1,Silty clay,1,1.5,Not Recorded,30.0,90.0,75.0,350.0,433.3333333333333,4.0,rough,0,None,0,0,0,7.582875444051547,5.0,100.4987562112089,180.0,55.497747702046446,60.0,271.1457172813172,-220.0,0.8215838362577493,1.0,0.3535533905932739,0.0,2.2360679774997942,0.0,92.0869154657707,120.0,58.30951894845306,70.0,337.5203697556638,-320.0,0.670820393249937,1.0,0.3535533905932738,0.0,24.647515087732476,-45.0,109.43034314119645,-80.0,112.56109452204166,145.0,232.8566559543065,-133.33333333333331,0.6708203932499368,1.0,0.0,0.0,1.0,250.0,4.0,12.33333333333336,0.0,0,0,0,0.22072463303939258,0,0.13078817007302318,0.21023387939078705,0.03659772025495821,0.10140305725759406,0.020443056866043245,0.14285714285714285,0.022014461
2513.8,70.0,260.0,156.66666666666666,80.0,100.0,4.0,"undulated, rough & smooth",0.1,silty clay,1,1.5,Fresh to Slightly Weathered,65.0,210.0,224.0,60.0,100.0,4.0,"undulated, rough & smooth",0.1,silty clay,1,1.5,Fresh to Slightly Weathered,35.0,95.0,91.0,60.0,300.0,2.5,Rough to smooth,0,None,0,0,0,4.183300132670371,5.0,82.8854631404084,10.0,50.99019513592786,-120.0,271.1457172813172,40.0,0.8215838362577493,0.0,0.2236067977499792,0.0,2.7386127875258346,-5.0,92.03260291874831,10.0,58.30951894845306,-140.0,337.5203697556638,40.0,0.7071067811865477,0.0,0.22360679774997896,0.0,23.822258499143192,5.0,36.29738282576307,5.0,124.09673645990854,-290.0,173.84539747207074,-133.33333333333331,0.758287544405155,-1.5,0.0,0.0,1.0,66.66666666666667,3.5,-7.999999999999966,-0.06666666666666665,0,0,0,0.3647005068648934,0,0.2511578762548493,0.3970956524753959,0.02096523528412171,0.9001366233995953,0.4264448978642333,0.42857142857142855,0.0086902
2521.8,60.0,70.0,203.33333333333331,100.0,700.0,3.0,Rough to slightly rough,1.0,silty clay and clay,1,1.5,Fresh to slightly weathered,70.0,80.0,218.0,800.0,100.0,3.0,Rough to slightly rough,1.0,silty clay and clay,1,1.5,Fresh to slightly weathered,80.0,180.0,107.0,600.0,300.0,3.0,Rough to slightly rough,0,None,0,0,0,4.183300132670371,-10.0,100.4987562112089,-190.0,50.99019513592786,20.0,271.1457172813172,600.0,0.6708203932499371,-1.0,0.0,0.0,2.2360679774997942,5.0,69.49820141557622,-130.0,312.8897569432403,740.0,273.34959301231817,0.0,0.670820393249937,-1.0,0.0,0.0,25.248762345905195,45.0,44.91658936295141,85.0,227.26636354727023,540.0,173.84539747207074,0.0,0.6123724356957945,0.5,0.0,0.0,1.0,500.0,3.0,80.00000000000003,0.06666666666666668,0,0,0,0.3072125380437369,0,0.25497384746631263,0.33798195607707016,0.06879586720698579,0.06276093302082607,0.06909200680942668,0.14285714285714285,0.006836395
2529.5,65.0,70.0,250.0,60.0,100.0,3.0,rough to slightly rough,0.1,silty clay and clay,1,1.5,Fresh to slightly weathered,80.0,200.0,212.0,60.0,100.0,3.0,rough to slightly rough,0.1,silty clay and clay,1,1.5,Fresh to slightly weathered,70.0,160.0,123.0,100.0,300.0,3.0,Rough to slightly rough,0,None,0,0,0,4.183300132670371,5.0,101.39033484509261,0.0,55.497747702046446,-40.0,266.68333281253257,-600.0,0.5477225575051664,0.0,0.0,0.0,5.477225575051663,10.0,67.67569726275453,120.0,312.8897569432403,-740.0,130.84341787036894,0.0,0.5477225575051663,0.0,0.0,0.0,23.61143790623519,-10.0,43.069710934716056,-20.0,219.24871721403525,-500.0,119.25695879998892,0.0,0.5477225575051661,0.0,0.0,0.0,1.0,73.33333333333333,3.0,1.33333333333336,0.0,0,0,0,0.2968568598820278,0,0.24579716797050782,0.32048272859454563,0.007148693528473281,0.7564064681560527,0.08992873994898738,0.42857142857142855,0.0028516839
2537.5,65.0,250.0,250.0,60.0,100.0,3.0,rough to slightly rough,0.1,silty clay and clay,1,1.5,Fresh to slightly weathered,75.0,160.0,206.0,60.0,100.0,3.0,rough to slightly rough,0.1,silty clay and clay,1,1.5,Fresh to slightly weathered,75.0,160.0,139.0,100.0,100.0,3.0,Rough to slightly rough,0,None,0,0,0,3.5355339059327298,0.0,100.4987562112089,180.0,58.30951894845302,0.0,273.3495930123182,0.0,0.5477225575051664,0.0,0.0,0.0,5.700877125495691,-5.0,53.85164807134504,-40.0,321.0607419165414,0.0,17.888543819997512,0.0,0.5477225575051663,0.0,0.0,0.0,23.61143790623519,5.0,41.47288270665544,0.0,230.91123835794565,0.0,119.25695879998888,-200.0,0.5477225575051661,0.0,0.0,0.0,1.0,73.33333333333333,3.0,-16.99999999999997,0.0,0,0,0,0.308745183137241,0,0.23109750716970628,0.38507559910109196,0.006346775547620909,0.2080251155102845,0.09342679866156363,0.14285714285714285,0.0018368564
2546.3,70.0,250.0,250.0,80.0,100.0,4.0,rough,0.1,silty clay,1,1.5,Fresh to Slightly Weathered,65.0,200.0,200.0,60.0,100.0,2.0,slightly rough,0.1,silty clay,1,1.5,Fresh to Slightly Weathered,30.0,95.0,155.0,60.0,300.0,3.0,Rough to slightly rough,0,None,0,0,0,4.183300132670371,5.0,100.4987562112089,0.0,16.73320053068155,20.0,268.32815729997475,0.0,0.5477225575051664,1.0,0.0,0.0,6.51920240520265,-10.0,53.85164807134504,40.0,330.9380606699689,0.0,0.0,0.0,0.7071067811865477,-1.0,0.0,0.0,23.61143790623519,-45.0,40.09364039345891,-65.0,233.4095113743225,-40.0,89.4427190999917,200.0,0.22360679774997896,0.0,0.0,0.0,1.0,66.66666666666667,3.0,-36.666666666666636,0.0,0,0,0,0.2510751289391296,0,0.19646280500336635,0.2790402986862184,0.007456311212701954,0.09642648385685224,0.04341770316837971,0.14285714285714285,0.011012189
4727.5,65.0,75.0,190.0,140.0,90.0,5.0,very rough,0.1,silty clay up to 4mm,1,1.0,Fresh,65.0,75.0,190.0,60.0,90.0,5.0,very rough,0.1,silty clay up to 4mm,1,1.0,Fresh,65.0,100.0,201.25,65.0,240.0,3.0,Rough to slightly rough,0,None,0,0,0,3.5355339059327298,-5.0,97.69851585361981,-175.0,33.466401061363044,60.0,269.480982631428,-10.0,0.8944271909999161,1.0,0.2236067977499792,-0.5,6.51920240520265,0.0,62.00806399170998,-125.0,330.9380606699689,0.0,4.472135954996452,-10.0,1.0954451150103324,3.0,0.22360679774997896,-0.5,19.81161275615895,35.0,38.79432948254165,5.0,232.7552362461476,5.0,86.71793355471532,-60.0,0.0,0.0,0.0,0.0,0.6666666666666666,88.33333333333333,4.333333333333333,4.33333333333336,-0.06666666666666668,0,0,0,0.3100676937703758,0,0.1881185273530529,0.27383968653331825,0.010785522449554804,0.1494276202708755,0.028868933404008857,0.0,0.017627668
4736.0,60.0,250.0,210.0,200.0,80.0,2.0,slightly rough,0.12,silty/clay,1,1.0,Fresh,65.0,180.0,183.33333333333334,60.0,80.0,2.0,slightly rough,0.12,silty/clay,1,1.0,Fresh,30.0,110.0,247.5,70.0,180.0,5.0,very rough,0,None,0,0,0,3.5355339059327298,-5.0,97.23682430026189,175.0,60.99180272790763,60.0,8.94427190999916,-10.0,1.140175425099138,-3.0,0.27386127875258326,0.0,7.071067811865476,0.0,51.91338940966964,105.0,0.0,0.0,8.944271909997564,-10.0,1.2247448713915892,-3.0,0.2738612787525831,0.0,22.192341021172147,-35.0,32.4037034920393,10.0,19.493588689616985,5.0,85.32291603080627,-60.0,0.8944271909999159,2.0,0.0,0.0,0.6666666666666666,110.0,3.0,-77.99999999999997,-0.06666666666666668,0,0,0,0.2673669461241857,0,0.17226378523425037,0.30346874011618125,0.018279759681872558,0.1287527567311899,0.08060155566785872,0.14285714285714285,0.0036272046
4743.0,60.0,270.0,230.0,200.0,70.0,4.0,Very Rough to Slightly Rough,0.1,silty/clay,1,1.0,Fresh,70.0,180.0,176.66666666666666,130.0,70.0,4.0,Very Rough to Slightly Rough,0.1,Silty Clay,1,1.0,Fresh,65.0,80.0,293.75,135.0,120.0,5.0,very rough,0,None,0,0,0,4.183300132670371,0.0,80.96295449154508,20.0,65.42170893518451,0.0,13.038404810405298,-10.0,1.140175425099138,2.0,0.27386127875258326,0.0,4.472135954999581,5.0,49.040799340956916,0.0,31.304951684997057,70.0,13.03840481040417,-10.0,1.3038404810405297,2.0,0.2738612787525831,0.0,21.38924963620744,35.0,30.495901363953813,-30.0,31.50396800404616,65.0,83.18653737234175,-60.0,1.0954451150103324,0.0,0.0,0.0,0.6666666666666666,155.0,4.333333333333333,16.333333333333368,-0.06666666666666668,0,0,0,0.289936149453371,0,0.17614151641605996,0.2916196034860617,0.006093043674109714,0.7419838126888001,0.08358470018581295,0.2857142857142857,0.006451583
4751.0,65.0,170.0,250.0,200.0,60.0,3.0,Rough to Slightly rough,0.1,Silty Clay,1,1.0,Fresh,65.0,75.0,170.0,200.0,60.0,3.0,Rough to Slightly rough,0.1,Silty Clay,1,1.0,Fresh,60.0,75.0,340.0,200.0,60.0,5.0,undulated & very rough to slightly rough,0,None,0,0,0,4.183300132670371,5.0,81.20960534321048,-100.0,53.66563145999497,0.0,15.811388300841896,-10.0,1.140175425099138,-1.0,0.22360679774997924,0.0,2.2360679774997942,-5.0,61.70494307589952,-105.0,62.609903369994115,70.0,15.811388300840932,-10.0,1.3038404810405297,-1.0,0.223606797749979,0.0,18.371173070873837,-5.0,14.404860290887934,-5.0,60.7659444096771,65.0,94.86832980505143,-60.0,1.0954451150103324,0.0,0.0,0.0,0.6666666666666666,200.0,3.6666666666666665,25.333333333333368,-0.06666666666666668,0,0,0,0.3122991541499556,0,0.19392983135954053,0.31225109355578484,0.007850552020514288,0.7025770316296255,0.18589945031044622,0.0,0.00810946
4759.0,60.5,260.0,250.0,200.0,600.0,5.0,Very rough,0.1,Clay & silty clay,1,1.0,Fresh,65.0,210.0,180.0,200.0,600.0,5.0,Very rough,0.1,Clay & silty clay,1,1.0,Fresh,70.0,300.0,310.0,200.0,600.0,3.0,Rough to Slightly rough,0,None,0,0,0,2.65518360947034,-4.5,82.76472678623425,90.0,26.83281572999751,0.0,235.05318547086316,540.0,1.3038404810405297,2.0,0.0,0.0,2.2360679774997942,0.0,64.16774890862231,135.0,70.0,0.0,235.05318547086316,540.0,1.3038404810405297,2.0,0.0,0.0,16.046806535881213,10.0,94.44575162494075,225.0,66.27593831851776,0.0,212.13203435596432,540.0,1.0954451150103324,-2.0,0.0,0.0,0.6666666666666666,200.0,4.333333333333333,26.666666666666696,-0.06666666666666668,0,0,0,0.28629685149107276,0,0.2253096656193241,0.28585370500107643,0.043345935731404994,0.3476864696882277,0.16577542325376676,0.2857142857142857,0.013214904
4767.0,60.0,250.0,250.0,200.0,330.0,2.5,slightly rough and smooth,0.1,clay & silty clay material,1,1.0,Fresh,70.0,200.0,190.0,200.0,330.0,2.5,slightly rough and smooth,0.1,clay & silty clay material,1,1.0,Fresh,70.0,160.0,280.0,155.0,335.0,3.0,Rough to Slightly rough,0,None,0,0,0,2.190890230020652,-0.5,40.0,-10.0,0.0,0.0,236.57979626333267,-270.0,1.2041594578792296,-2.5,0.0,0.0,2.7386127875258346,5.0,54.12947441089743,-10.0,62.609903369994115,0.0,236.57979626333267,-270.0,1.2041594578792296,-2.5,0.0,0.0,16.73320053068151,0.0,93.00537618869137,-140.0,53.9212388581714,-45.0,216.3446324732833,-265.0,1.0954451150103324,0.0,0.0,0.0,0.6666666666666666,185.0,2.6666666666666665,19.333333333333368,0.0,0,0,0,0.2808946338535423,0,0.14740906009771018,0.3094028092575689,0.004495688121470795,0.039659464700017,0.07024787296341575,0.14285714285714285,0.004163954
4787.0,65.0,250.0,250.0,200.0,60.0,2.0,slightly rough,0.1,silty/clay,1,1.0,Not Recorded,70.0,200.0,200.0,220.0,60.0,2.0,slightly rough,0.1,None,0,1.0,Not Recorded,65.0,70.0,250.0,110.0,70.0,4.0,Rough Surfaces,0,None,0,0,0,2.65518360947034,5.0,40.0,0.0,0.0,0.0,239.85412233272123,-270.0,1.2041594578792296,-0.5,0.0,0.0,2.7386127875258346,0.0,55.85696017507576,0.0,34.64101615137755,20.0,239.8541223327212,-270.0,1.2041594578792296,-0.5,0.0,0.0,4.183300132670378,-5.0,98.33615815151617,-90.0,39.843443626272744,-45.0,231.4519388555646,-265.0,1.0,1.0,0.0,0.0,0.6666666666666666,176.66666666666666,2.6666666666666665,13.333333333333366,0.0,0,0,0,0.3743183154134014,0,0.21861055365439527,0.4217223010428853,0.004761830563174926,0.06946850975659194,0.15713383391542748,0.42857142857142855,0.014284251
4795.0,65.0,75.0,200.0,200.0,230.0,2.0,slightly rough,0.1,silty clay up to 4mm,1,1.0,Fresh,70.0,75.0,220.0,200.0,280.0,2.0,slightly rough,0.1,silty clay up to 4mm,1,1.0,Fresh,30.0,110.0,205.0,155.0,65.0,5.0,Very rough to smooth,0,None,0,0,0,2.6076809620810484,0.0,79.2464510246358,-175.0,0.0,0.0,224.34348664492134,170.0,1.2449899597988732,0.0,0.0,0.0,2.7386127875258346,0.0,70.40951640225914,-125.0,8.94427190999916,-20.0,224.0089283934906,220.0,1.2449899597988732,0.0,0.0,0.0,16.73320053068151,-35.0,94.84197383015602,40.0,37.649701194033064,45.0,239.56731830531479,-5.0,1.0,1.0,0.0,0.0,0.6666666666666666,185.0,3.0,6.000000000000034,0.0,0,0,0,0.30531701049301624,0,0.27407896516977065,0.3662033923513591,0.006001838392317562,0.21388796420919692,0.09408027082336284,0.2857142857142857,0.034798607
4802.0,50.75,250.0,200.0,100.0,400.0,4.0,very rough to slightly rough,0.1,clay & silty clay material,1,1.0,Fresh,65.75,180.0,170.0,80.0,500.0,4.0,very rough to slightly rough,0.1,clay & silty clay material,1,1.0,Fresh,65.0,75.0,160.0,200.0,60.0,5.0,Very rough surfaces,0,None,0,0,0,5.820223363411403,-14.25,79.49842765740716,175.0,44.72135954999582,-100.0,200.32473636573192,170.0,1.3416407864998738,2.0,0.0,0.0,2.547057125390011,-4.25,55.85696017507576,105.0,56.568542494923804,-120.0,208.75823337056676,220.0,1.3416407864998738,2.0,0.0,0.0,16.95582495781317,35.0,94.84197383015602,-35.0,37.649701194033064,45.0,239.56731830531479,-5.0,1.0,0.0,0.0,0.0,0.6666666666666666,126.66666666666667,4.333333333333333,-14.666666666666632,0.0,0,0,0,0.30994554439928307,0,0.21539548956470866,0.35711411451344444,0.008839187145201259,0.7004504767788222,0.0489446579880107,0.14285714285714285,0.015290113
4810.0,50.0,250.0,200.0,200.0,60.0,4.0,very rough to slightly rough,0.1,silty clay upto 5mm,1,1.0,Fresh,60.0,190.0,120.0,200.0,60.0,4.0,very rough to slightly rough,0.1,silty clay upto 5mm,1,1.0,Fresh,65.0,330.0,115.0,200.0,60.0,4.0,very rough to slightly rough,0,None,0,0,0,7.390027063549899,-0.75,78.26237921249263,0.0,44.72135954999582,100.0,154.69324484281788,-340.0,1.02469507659596,0.0,0.0,0.0,4.400284081738364,-5.75,53.19774431308154,10.0,56.568542494923804,120.0,188.36135484753765,-440.0,1.02469507659596,0.0,0.0,0.0,16.355427233796124,0.0,107.37783756436893,255.0,37.649701194033064,0.0,121.37751027270245,0.0,0.8366600265340757,-1.0,0.0,0.0,0.6666666666666666,200.0,4.0,3.410605131648481e-14,0.0,0,0,0,0.28982404159458663,0,0.12885291172958618,0.3149415834428137,0.0012453968072288887,0.11461025814587156,0.060991832082428185,0.2857142857142857,0.0006513654
4818.0,65.0,75.0,200.0,200.0,60.0,2.0,slightly rough,0.1,clay & silty clay material,1,1.0,Fresh,65.0,340.0,70.0,200.0,60.0,2.0,slightly rough,0.1,clay & silty clay material,1,1.0,Fresh,65.0,340.0,70.0,200.0,60.0,2.0,slightly rough,0,None,0,0,0,8.014830004435524,15.0,95.85144756340407,-175.0,44.72135954999582,0.0,152.0526224699857,0.0,1.0954451150103321,-2.0,0.0,0.0,4.151806835583761,5.0,94.44575162494075,150.0,56.568542494923804,0.0,196.77398201998147,0.0,1.0954451150103321,-2.0,0.0,0.0,15.652475842498529,0.0,137.84048752090223,10.0,40.24922359499592,0.0,4.47213595499774,0.0,1.224744871391589,-2.0,0.0,0.0,0.6666666666666666,200.0,2.0,3.000000000000034,0.0,0,0,0,0.2585904313230992,0,0.11445169695103258,0.28976780356699944,0.003885744392567232,0.07263189646504661,0.024796172720641618,0.0,0.0058057513
4826.5,60.0,75.0,190.0,200.0,60.0,4.0,very rough to slightly rough,0.1,Silty Clay,1,1.0,Fresh,60.0,75.0,190.0,200.0,60.0,4.0,very rough to slightly rough,0.1,Silty Clay,1,1.0,Fresh,60.0,75.0,190.0,200.0,60.0,5.0,very rough,0,None,0,0,0,7.390027063549899,-5.0,95.85144756340407,0.0,44.72135954999582,0.0,152.0526224699857,0.0,1.0954451150103321,2.0,0.0,0.0,4.241167292149657,-5.0,108.89214847728921,-265.0,53.665631459994955,0.0,196.77398201998147,0.0,1.0954451150103321,2.0,0.0,0.0,15.247950681976906,-5.0,136.81191468581966,-265.0,20.124611797497565,0.0,2.2360679774960612,0.0,1.3038404810405297,3.0,0.0,0.0,0.6666666666666666,200.0,4.333333333333333,4.6666666666667025,0.0,0,0,0,0.24731887088811622,0,0.09904792045055305,0.24534583745769944,0.005817023579727623,0.018302998016326743,0.030896928823541676,0.14285714285714285,0.0005285449
4834.5,50.0,250.0,250.0,60.0,60.0,4.0,Very Rough to Slightly Rough,0.1,Silty Clay,1,1.0,Fresh,70.0,200.0,340.0,60.0,200.0,4.0,Very Rough to Slightly Rough,0.1,Silty Clay,1,1.0,Fresh,75.0,110.0,270.0,60.0,70.0,4.0,Very Rough to Slightly Rough,0,None,0,0,0,6.945322166753673,-10.0,95.85144756340407,175.0,67.23094525588645,-140.0,152.0526224699857,0.0,0.8944271909999157,0.0,0.0,0.0,4.241167292149657,10.0,94.44575162494075,125.0,71.55417527999327,-140.0,190.99738218101314,140.0,0.8944271909999157,0.0,0.0,0.0,5.477225575051661,15.0,136.81191468581966,35.0,62.609903369993916,-140.0,4.472135954997728,10.0,1.224744871391589,-1.0,0.0,0.0,0.6666666666666666,60.0,4.0,-24.999999999999964,0.0,0,0,0,0.308566381356535,0,0.1497512701789483,0.34126243056231026,0.0027865255730204104,0.05227715340122669,0.06150139095575746,0.0,0.005331692
4842.0,50.0,250.0,250.0,200.0,60.0,3.0,Rough to Slightly Rough,0.1,silty/clay,1,1.0,Fresh,65.0,190.0,300.0,200.0,130.0,4.0,Rough to Slightly Smooth,0.1,Silty Clay,1,1.0,Fresh,60.0,75.0,167.5,130.0,65.0,4.0,Very Rough to Slightly Rough,0,None,0,0,0,7.071067811865471,0.0,95.85144756340407,0.0,62.60990336999413,140.0,0.0,0.0,0.8944271909999157,-1.0,0.0,0.0,4.183300132670385,-5.0,94.10100955887773,-10.0,62.609903369994115,140.0,62.609903369994,-70.0,0.8944271909999157,0.0,0.0,0.0,6.123724356957945,-15.0,136.81191468581966,-35.0,62.6099033699939,70.0,4.47213595499774,-5.0,1.0954451150103321,0.0,0.0,0.0,0.6666666666666666,176.66666666666666,3.6666666666666665,10.000000000000032,0.0,0,0,0,0.2415804017019814,0,0.04130058054161463,0.2472778784046325,0.001047866099288249,0.05883596548029412,0.01871391985066422,0.0,0.0007601974
4850.0,50.0,250.0,250.0,200.0,60.0,4.0,very rough to slightly rough,0.13,silty/clay,1,1.0,Fresh,60.0,180.0,260.0,200.0,60.0,4.0,very rough to slightly rough,0.13,silty/clay,1,1.0,Fresh,70.0,80.0,65.0,200.0,60.0,4.0,very rough to slightly rough,0,None,0,0,0,7.071067811865471,0.0,95.85144756340407,0.0,62.60990336999413,0.0,0.0,0.0,0.8944271909999157,1.0,0.0,0.0,4.183300132670385,-5.0,94.44575162494075,-10.0,62.609903369994115,0.0,62.609903369994,-70.0,0.8944271909999157,0.0,0.0,0.0,6.519202405202649,10.0,114.96738667987543,5.0,62.6099033699939,70.0,4.47213595499774,-5.0,1.0954451150103321,0.0,0.0,0.0,0.6666666666666666,200.0,4.0,3.410605131648481e-14,0.0,0,0,0,0.2348905915467146,0,0.027889959651624753,0.2509701431079481,0.0009250241732555039,0.019182475852315268,0.014853794306797669,0.0,0.00046767472
4858.0,60.0,250.0,250.0,200.0,60.0,2.0,slightly rough,0.1,clay & silty clay material,1,1.0,Fresh,70.0,210.0,220.0,200.0,60.0,2.0,slightly rough,0.1,clay & silty clay material,1,1.0,Fresh,65.0,110.0,32.5,200.0,60.0,4.0,Very Rough to Slightly rough,0,None,0,0,0,5.477225575051655,10.0,78.26237921249263,0.0,62.60990336999413,0.0,0.0,0.0,0.8944271909999157,-2.0,0.0,0.0,5.000000000000005,10.0,54.817880294662984,30.0,62.609903369994115,0.0,62.609903369994,0.0,0.8944271909999157,-2.0,0.0,0.0,6.519202405202649,-5.0,18.371173070873837,30.0,62.6099033699939,0.0,4.47213595499774,0.0,0.4472135954999579,0.0,0.0,0.0,0.6666666666666666,200.0,2.6666666666666665,3.410605131648481e-14,0.0,0,0,0,0.3461961606005396,0,0.0721291351433294,0.365024601180974,0.0014525060894456337,0.5570319237453502,0.10446723011680574,0.0,0.00073134445
4866.0,60.0,250.0,250.0,200.0,60.0,5.0,very rough,0.13,silty/clay,1,1.0,Fresh,65.0,180.0,180.0,200.0,60.0,5.0,very rough,0.13,silty/clay,1,1.0,Fresh,70.0,350.0,0.0,200.0,60.0,5.0,very rough,0,None,0,0,0,5.477225575051655,0.0,0.0,0.0,62.60990336999413,0.0,0.0,0.0,1.1401754250991378,3.0,0.0,0.0,4.183300132670385,-5.0,13.038404810405298,-30.0,62.609903369994115,0.0,62.609903369994,0.0,1.0954451150103321,3.0,0.0,0.0,5.70087712549569,5.0,115.75836902790225,240.0,62.6099033699939,0.0,4.47213595499774,0.0,0.4472135954999579,1.0,0.0,0.0,0.6666666666666666,200.0,5.0,3.410605131648481e-14,0.0,0,0,0,0.22433199070721585,0,0.07111194522978334,0.20718381172955727,0.001261897269441513,0.03936358428782697,0.006390382495259516,0.0,0.0006756609
4873.5,65.0,180.0,0.0,0.0,0.0,4.0,very rough to slightly rough,0.0,silty clay upto 3mm,1,1.0,Fresh,70.0,180.0,0.0,0.0,0.0,4.0,very rough to slightly rough,0.0,silty clay upto 3mm,1,1.0,Fresh,0.0,0.0,0.0,0.0,0.0,3.0,undulated,0,None,0,0,0,6.708203932499364,5.0,31.304951684997057,-70.0,89.44271909999159,-200.0,26.832815729997478,-60.0,1.1401754250991378,-1.0,0.0,0.0,4.183300132670385,5.0,13.038404810405298,0.0,89.44271909999159,-200.0,46.04345773288514,-60.0,1.0954451150103321,-1.0,0.0,0.0,29.916550603303182,-70.0,133.2103599574748,-350.0,87.06319543871551,-200.0,27.477263328067846,-60.0,0.7071067811865476,-2.0,0.0,0.0,0.6666666666666666,0.0,3.6666666666666665,-11.999999999999966,0.0,0,0,0,0.21370955972274663,0,0.15013972407627346,0.2133350391975819,0.0036123393884425915,0.010537256253570047,0.022261682106982962,0.0,0.0066763773
4881.5,60.0,250.0,130.0,200.0,20.0,5.0,very rough,0.1,silty clay upto 4mm,1,1.0,Fresh,65.0,190.0,110.0,60.0,20.0,2.0,slightly rough,0.1,silty clay upto 4mm,1,1.0,Fresh,70.0,100.0,36.666666666666664,60.0,20.0,3.0,undulated,0,None,0,0,0,5.477225575051655,-5.0,31.304951684997057,70.0,89.44271909999159,200.0,28.284271247461902,20.0,1.224744871391589,1.0,0.0,0.0,4.183300132670385,-5.0,13.038404810405298,10.0,95.49869109050658,60.0,28.2842712474615,20.0,1.3416407864998738,-2.0,0.0,0.0,30.822070014844883,70.0,131.41537200799607,100.0,95.49869109050643,60.0,28.284271247461565,20.0,0.8366600265340756,0.0,0.0,0.0,0.6666666666666666,106.66666666666667,3.3333333333333335,-13.999999999999963,0.0,0,0,0,0.24366884138935668,0,0.12412607172664988,0.23105144360015786,0.004007391073231412,0.9375700939795146,0.02308152901638062,0.0,0.0057793832
4890.5,65.0,260.0,260.0,200.0,40.0,5.0,very rough,0.1,silty clay,1,1.0,Fresh,65.0,180.0,220.0,130.0,40.0,5.0,very rough,0.1,silty clay,1,1.0,Fresh,55.0,80.0,73.33333333333333,130.0,40.0,3.5,Not Recorded,0,None,0,0,0,2.738612787525819,5.0,32.71085446759225,10.0,89.44271909999159,0.0,26.076809620810597,20.0,1.3038404810405297,0.0,0.0,0.0,2.738612787525841,0.0,13.038404810405298,-10.0,87.86353054595519,70.0,26.07680962081015,20.0,1.51657508881031,3.0,0.0,0.0,29.706901555025897,-15.0,131.41537200799607,-20.0,87.863530545955,70.0,26.076809620810224,20.0,0.8366600265340756,0.5,0.0,0.0,0.6666666666666666,153.33333333333334,4.5,-9.333333333333297,0.0,0,0,0,0.21462582327724752,0,0.07580267208931996,0.2369926327988108,0.002159211121251744,0.3784196767397156,0.012261531227813472,0.0,0.007475481
4899.0,60.0,250.0,110.0,200.0,60.0,4.0,rough,0.1,silty clay,1,1.0,Fresh,60.0,180.0,230.0,200.0,60.0,4.0,rough,0.1,silty clay,1,1.0,Fresh,70.0,75.0,110.0,200.0,60.0,4.0,rough,0,None,0,0,0,2.738612787525819,-5.0,32.71085446759225,-10.0,89.44271909999159,0.0,26.076809620810597,20.0,0.5477225575051656,-1.0,0.0,0.0,3.5355339059327457,-5.0,4.47213595499958,0.0,87.86353054595519,70.0,26.07680962081015,20.0,1.224744871391589,-1.0,0.0,0.0,30.331501776206203,15.0,133.52902306240392,-5.0,87.863530545955,70.0,26.076809620810224,20.0,0.8366600265340756,0.5,0.0,0.0,0.6666666666666666,200.0,4.0,3.410605131648481e-14,0.0,0,0,0,0.2208734452176985,0,0.045721840516889,0.2125850788468215,0.001305828623969138,0.05810918118515787,0.004548600812261651,0.0,0.00037374307
4906.5,65.0,260.0,133.33333333333334,200.0,60.0,5.0,very rough,0.1,silty clay,1,1.0,Fresh,70.0,190.0,213.33333333333334,200.0,60.0,2.0,slightly rough,0.1,silty clay,1,1.0,Fresh,30.0,110.0,133.33333333333334,200.0,60.0,3.0,undulated,0,None,0,0,0,2.738612787525819,5.0,33.91164991562634,10.0,89.44271909999159,0.0,26.076809620810597,0.0,0.5477225575051656,1.0,0.0,0.0,4.183300132670385,10.0,5.477225575051661,10.0,87.86353054595519,0.0,26.07680962081015,0.0,1.3416407864998738,-2.0,0.0,0.0,30.0,-40.0,43.243496620879306,35.0,87.863530545955,0.0,26.076809620810224,0.0,0.4472135954999579,-1.0,0.0,0.0,0.6666666666666666,200.0,3.3333333333333335,3.410605131648481e-14,0.0,0,0,0,0.2633422185400665,0,0.09077051047338863,0.3009987615504706,0.004703063410359233,0.8033851316229097,0.034209989050728605,0.0,0.005939571
4914.5,60.0,250.0,156.66666666666666,200.0,60.0,5.0,very rough,0.1,silty clay,1,1.0,Fresh,65.0,180.0,196.66666666666666,200.0,60.0,5.0,very rough,0.1,silty clay,1,1.0,Fresh,65.0,70.0,156.66666666666666,200.0,60.0,5.0,very rough,0,None,0,0,0,2.738612787525819,-5.0,5.477225575051661,-10.0,0.0,0.0,17.88854381999832,0.0,0.44721359549995743,0.0,0.0,0.0,3.5355339059327457,-5.0,5.477225575051661,-10.0,62.609903369994115,0.0,17.888543819997714,0.0,1.51657508881031,3.0,0.0,0.0,16.80773631397161,35.0,17.175564037317667,-40.0,62.609903369993894,0.0,17.88854381999781,0.0,0.8366600265340756,2.0,0.0,0.0,0.6666666666666666,200.0,5.0,40.000000000000036,0.0,0,0,0,0.30809526516060126,0,0.14788047790709136,0.32302104233190043,0.007087198956152133,0.26734359218823206,0.03775147004087955,0.0,0.0044900617
4922.5,60.0,180.0,180.0,200.0,60.0,4.0,very rough to slightly rough,0.1,silty clay,1,1.0,Fresh,60.0,110.0,180.0,200.0,60.0,4.0,very rough to slightly rough,0.1,silty clay,1,1.0,Fresh,60.0,75.0,180.0,200.0,60.0,4.0,Very rough to slightly rough,0,None,0,0,0,2.738612787525819,0.0,33.91164991562634,-70.0,0.0,0.0,8.94427190999916,0.0,0.5477225575051656,-1.0,0.0,0.0,4.183300132670385,-5.0,32.71085446759225,-70.0,31.304951684997057,0.0,8.944271909998015,0.0,1.224744871391589,-1.0,0.0,0.0,15.572411502397436,-5.0,16.046806535881213,5.0,31.304951684996684,0.0,8.944271909998195,0.0,0.7416198487095662,-1.0,0.0,0.0,0.6666666666666666,200.0,4.0,18.6666666666667,0.0,0,0,0,0.3169550928390028,0,0.06919650636326813,0.30618498119938603,0.004098994848770067,0.12452106754672972,0.0523060352537638,0.0,0.0014460428
4931.0,65.0,250.0,250.0,60.0,800.0,4.0,Very Rough to Slightly Rough,0.1,silty/clay,1,1.0,Fresh,70.0,190.0,210.0,60.0,800.0,4.0,Very Rough to Slightly Rough,0.1,Silty Clay,1,1.0,Fresh,65.0,70.0,110.0,60.0,800.0,4.0,Very Rough to Slightly Rough,0,None,0,0,0,2.738612787525819,5.0,32.71085446759225,70.0,62.60990336999413,-140.0,330.9380606699689,740.0,0.5477225575051656,0.0,0.0,0.0,5.000000000000005,10.0,33.91164991562634,80.0,62.609903369994115,-140.0,330.9380606699689,740.0,1.0954451150103321,0.0,0.0,0.0,16.046806535881213,5.0,16.95582495781317,-5.0,62.60990336999391,-140.0,330.9380606699689,740.0,0.7071067811865475,0.0,0.0,0.0,0.6666666666666666,60.0,4.0,-18.666666666666636,0.0,0,0,0,0.44698451818296386,0,0.25363771698162063,0.46899262060231706,0.019514337388051185,0.7797543149382037,0.1237927967335812,0.14285714285714285,0.022092449
4938.5,50.0,250.0,250.0,200.0,430.0,4.0,Very Rough to Slightly Rough,0.1,silty/clay,1,1.0,Fresh,65.0,180.0,206.66666666666666,200.0,430.0,4.0,Very Rough to Slightly Rough,0.1,Silty Clay,1,1.0,Fresh,65.0,100.0,146.66666666666666,130.0,430.0,4.0,Very Rough to Slightly Rough,0,None,0,0,0,6.12372435695794,-15.0,32.71085446759225,0.0,62.60990336999413,140.0,330.9380606699689,-370.0,0.5477225575051656,0.0,0.0,0.0,4.183300132670385,-5.0,33.91164991562634,-10.0,62.609903369994115,140.0,330.9380606699689,-370.0,1.0954451150103321,0.0,0.0,0.0,15.247950681976906,0.0,18.708286933869708,30.0,62.609903369993894,70.0,330.9380606699689,-370.0,0.7071067811865475,0.0,0.0,0.0,0.6666666666666666,176.66666666666666,4.0,-4.666666666666634,0.0,0,0,0,0.4315626978472912,0,0.2738568837760227,0.5222844335152568,0.04558444194317705,0.8739077452718439,0.26496577946186267,0.2857142857142857,0.013018682
4947.0,60.0,260.0,250.0,200.0,60.0,4.0,Very Rough to Slightly Rough,0.1,silty/clay,1,1.0,Fresh,65.0,190.0,203.33333333333334,200.0,60.0,4.0,Very Rough to Slightly Rough,0.1,Silty Clay,1,1.0,Fresh,65.0,340.0,183.33333333333331,200.0,60.0,5.0,Very Rough to Smooth,0,None,0,0,0,5.477225575051655,10.0,32.71085446759225,10.0,62.60990336999413,0.0,330.9380606699689,-370.0,0.44721359549995743,0.0,0.0,0.0,3.5355339059327457,0.0,33.91164991562634,10.0,62.609903369994115,0.0,330.9380606699689,-370.0,0.4472135954999577,0.0,0.0,0.0,2.23606797749979,0.0,117.49468073066116,240.0,62.609903369993894,70.0,330.9380606699689,-370.0,0.547722557505166,1.0,0.0,0.0,0.6666666666666666,200.0,4.333333333333333,3.410605131648481e-14,0.0,0,0,0,0.31940207404737897,0,0.16076531244057285,0.30890638683267224,0.00492545315081913,0.047846488393768885,0.06086520119779214,0.0,0.0021861815
4955.0,70.0,260.0,250.0,200.0,195.0,5.0,very rough,0.1,silty/clay,1,1.0,Fresh,70.0,190.0,200.0,200.0,195.0,5.0,very rough,0.1,silty/clay,1,1.0,Fresh,30.5,110.0,220.0,200.0,195.0,4.0,Very Rough to Slightly Rough,0,None,0,0,0,7.4161984870956585,10.0,33.91164991562634,0.0,62.60990336999413,0.0,313.3368794125581,135.0,0.44721359549995743,1.0,0.0,0.0,4.183300132670385,5.0,34.92849839314596,0.0,62.609903369994115,0.0,313.3368794125581,135.0,0.4472135954999577,1.0,0.0,0.0,15.026643005009468,-34.5,113.6001760562016,-230.0,62.609903369993894,0.0,313.3368794125581,135.0,0.44721359549995787,-1.0,0.0,0.0,0.6666666666666666,200.0,4.666666666666667,3.410605131648481e-14,0.0,0,0,0,0.2454149623861737,0,0.13961442243002367,0.3359539347967604,0.0034822090915901127,0.027982215847470203,0.049127584235942275,0.0,0.0010420504
4964.0,65.0,250.0,250.0,200.0,330.0,4.0,Very Rough to Slightly Rough,0.1,silty/clay,1,1.0,Fresh,65.0,180.0,196.66666666666666,200.0,330.0,2.5,Rough to Smooth,0.1,Silty Clay,1,1.0,Fresh,30.0,110.0,256.66666666666663,200.0,330.0,5.0,Very Rough to Smooth,0,None,0,0,0,7.582875444051546,-5.0,5.477225575051661,-10.0,62.60990336999413,0.0,281.32721162376026,135.0,0.44721359549995743,-1.0,0.0,0.0,2.738612787525841,-5.0,5.477225575051661,-10.0,62.609903369994115,0.0,281.32721162376026,135.0,0.8944271909999157,-2.5,0.0,0.0,19.03417978269618,-0.5,109.6813566655701,0.0,62.609903369993894,0.0,281.32721162376026,135.0,0.547722557505166,1.0,0.0,0.0,0.6666666666666666,200.0,3.8333333333333335,3.410605131648481e-14,0.0,0,0,0,0.2928259381747839,0,0.14937861186420123,0.3611145513688815,0.004241224020645801,0.11857893508886826,0.03846283236420024,0.0,0.00177411
4971.5,55.0,250.0,250.0,200.0,465.0,3.0,Rough to Slightly Rough,0.1,silty/clay,1,1.0,Fresh,65.0,190.0,193.33333333333334,200.0,465.0,3.0,Rough to Slightly Rough,0.1,Silty Clay,1,1.0,Fresh,65.0,330.0,293.3333333333333,200.0,465.0,5.0,Very rough surfaces,0,None,0,0,0,7.905694150420945,-10.0,5.477225575051661,0.0,0.0,0.0,168.5007418381296,135.0,0.7071067811865472,-1.0,0.0,0.0,2.2360679774998022,0.0,5.477225575051661,10.0,0.0,0.0,168.5007418381296,135.0,0.9746794344808962,0.5,0.0,0.0,19.03417978269618,35.0,125.17987058628876,220.0,31.304951684996684,0.0,168.5007418381296,135.0,0.547722557505166,0.0,0.0,0.0,0.6666666666666666,200.0,3.6666666666666665,28.000000000000036,0.0,0,0,0,0.26626857984078417,0,0.2216051056054401,0.3022701126933993,0.02181924092918705,0.06985694922239286,0.03677945461728493,0.0,0.011064759
4980.0,60.0,250.0,250.0,200.0,600.0,3.0,Rough to Slightly Rough,1.0,silty/clay,1,1.0,Fresh,65.0,190.0,190.0,200.0,600.0,3.0,Rough to Slightly Rough,1.0,Silty Clay,1,1.0,Fresh,60.0,70.0,330.0,200.0,600.0,5.0,very rough surfaces,0,None,0,0,0,5.700877125495684,5.0,5.477225575051661,0.0,0.0,0.0,213.4537420613656,135.0,0.8366600265340752,0.0,0.0,0.0,2.2360679774998022,0.0,4.47213595499958,0.0,0.0,0.0,213.4537420613656,135.0,0.9999999999999999,0.0,0.0,0.0,18.23595349851496,-5.0,131.60547101089682,-260.0,0.0,0.0,213.4537420613656,135.0,0.44721359549995787,0.0,0.0,0.0,0.6666666666666666,200.0,3.6666666666666665,4.6666666666667025,0.0,0,0,0,0.2769084125440898,0,0.17215948887683294,0.2791696065592978,0.009302317541477917,0.062283722554556775,0.04865246071066582,0.0,0.008629251
4989.0,65.0,190.0,90.0,200.0,60.0,5.0,very rough to smooth,0.1,silty clay up to 10mm,1,1.0,Fresh,65.0,90.0,190.0,200.0,60.0,5.0,very rough to smooth,0.1,silty clay up to 10mm,1,1.0,Fresh,65.0,75.0,110.0,200.0,60.0,2.0,slightly rough,0,None,0,0,0,5.700877125495684,5.0,28.284271247461902,-60.0,0.0,0.0,213.4537420613656,-540.0,0.9999999999999998,2.0,0.0,0.0,2.2360679774998022,0.0,43.81780460041329,-100.0,0.0,0.0,213.4537420613656,-540.0,1.2041594578792294,2.0,0.0,0.0,18.23595349851496,5.0,108.42047777057617,5.0,0.0,0.0,213.4537420613656,-540.0,1.3038404810405297,-3.0,0.0,0.0,0.6666666666666666,200.0,4.0,0.0,0.0,0,0,0,0.3103694710851905,0,0.20682717041032514,0.34069193973094564,0.0037111758607327574,0.19894965470214704,0.07094477774045271,0.42857142857142855,0.00069693197
4997.0,65.0,250.0,110.0,60.0,100.0,4.0,Very Rough to Slightly Rough,0.1,silty/clay,1,1.0,Fresh,65.0,190.0,70.0,60.0,100.0,4.0,Very Rough to Slightly Rough,0.1,Silty Clay,1,1.0,Fresh,70.0,75.0,110.0,60.0,100.0,3.0,Rough to Slightly Rough,0,None,0,0,0,4.4721359549995725,0.0,26.832815729997478,60.0,62.60990336999413,-140.0,231.9051530259731,40.0,0.8366600265340752,-1.0,0.0,0.0,0.0,0.0,43.81780460041329,100.0,62.609903369994115,-140.0,231.9051530259731,40.0,0.9999999999999999,-1.0,0.0,0.0,16.046806535881213,5.0,111.83693486500782,0.0,62.60990336999391,-140.0,231.9051530259731,40.0,1.4142135623730951,1.0,0.0,0.0,0.6666666666666666,60.0,3.6666666666666665,-27.999999999999964,0.0,0,0,0,0.359066867882104,0,0.20706578685131877,0.3595465872148895,0.014732926513809239,0.5059618066146986,0.080264479199671,0.0,0.0044783712
5005.5,60.0,260.0,180.0,100.0,600.0,4.0,very rough to slightly rough,0.1,silty clay material upto 10 mm,1,1.0,Fresh,60.0,180.0,125.0,100.0,400.0,4.0,very rough to slightly rough,0.1,silty clay material upto 10 mm,1,1.0,Fresh,70.0,90.0,230.0,80.0,500.0,4.0,very rough to slightly rough,0,None,0,0,0,4.18330013267037,-5.0,28.284271247461902,10.0,67.23094525588645,40.0,266.3174797117155,500.0,0.8366600265340752,0.0,0.0,0.0,2.2360679774998022,-5.0,43.81780460041329,-10.0,67.23094525588644,40.0,235.42514733987107,300.0,0.8366600265340753,0.0,0.0,0.0,4.183300132670378,0.0,113.17022576632071,15.0,71.55417527999307,20.0,247.33580412063273,400.0,1.3038404810405297,1.0,0.0,0.0,0.6666666666666666,93.33333333333333,4.0,-21.3333333333333,0.0,0,0,0,0.37689221596031214,0,0.27119860843749144,0.4037383486574912,0.00887992511674641,0.03980274185922908,0.10237011972860152,0.2857142857142857,0.024197249
5050.5,60.0,75.0,250.0,200.0,600.0,4.0,very rough to slightly rough,0.1,silty clay upto 3mm,1,1.0,Fresh,70.0,70.0,180.0,200.0,600.0,4.0,very rough to slightly rough,0.1,silty clay upto 3mm,1,1.0,Fresh,70.0,100.0,350.0,200.0,600.0,4.0,Very rough to slightly rough,0,None,0,0,0,2.738612787525819,0.0,77.78174593052023,-185.0,67.23094525588645,100.0,285.1666179622012,0.0,0.7071067811865472,0.0,0.0,0.0,3.5355339059327457,10.0,58.9915248150105,-110.0,67.23094525588644,100.0,261.7632518135424,200.0,0.7071067811865474,0.0,0.0,0.0,4.47213595499958,0.0,12.549900398011133,10.0,71.55417527999307,120.0,270.03703449712225,100.0,1.140175425099138,0.0,0.0,0.0,0.6666666666666666,200.0,4.0,3.410605131648481e-14,0.0,0,0,0,0.48139554602231915,0,0.43943055064406206,0.5636178399515461,0.08768322742968872,0.5021716921390582,0.3108592865968963,0.14285714285714285,0.307045
5058.5,50.0,250.0,270.0,200.0,300.25,5.0,very rough & rough to slightly rough,0.1,silty clay material,1,1.0,Fresh,65.0,180.0,235.0,60.0,300.25,5.0,very rough & rough to slightly rough,0.1,silty clay material,1,1.0,Fresh,70.0,90.0,320.0,105.0,300.25,5.0,very rough & rough to slightly rough,0,None,0,0,0,6.12372435695794,-10.0,77.78174593052023,175.0,67.23094525588645,0.0,260.9904452274067,-299.75,0.5477225575051656,1.0,0.0,0.0,3.5355339059327457,-5.0,57.18391382198319,110.0,71.27411872482185,-140.0,222.08334584115033,-299.75,0.5477225575051659,1.0,0.0,0.0,2.23606797749979,0.0,10.8397416943394,-10.0,66.74578638386073,-95.0,238.1564874195116,-299.75,1.140175425099138,1.0,0.0,0.0,0.6666666666666666,121.66666666666667,5.0,-15.666666666666632,0.0,0,0,0,0.4494959822291135,0,0.36495350731409054,0.5219630013307495,0.005377017173641783,0.3108150585382911,0.1265245781384156,0.14285714285714285,0.004817764
5075.5,65.0,250.0,290.0,10.0,0.5,5.0,very rough & mostly rough to slightly rough,2.0,silty clay upto 4mm,1,1.0,Fresh,70.0,190.0,290.0,10.0,0.5,5.0,very rough & mostly rough to slightly rough,2.0,silty clay upto 4mm,1,1.0,Fresh,70.0,110.0,290.0,10.0,0.5,5.0,very rough & mostly rough to slightly rough,0,None,0,0,0,6.12372435695794,15.0,79.49842765740716,0.0,84.73488065725945,-190.0,277.34013413135864,-299.75,0.5477225575051656,0.0,0.0,0.0,4.183300132670385,5.0,51.67204273105525,10.0,71.27411872482185,-50.0,238.60542743198442,-299.75,0.5477225575051659,0.0,0.0,0.0,0.0,0.0,13.038404810405298,20.0,70.21395872616758,-95.0,254.80394423948775,-299.75,0.8366600265340756,0.0,0.0,0.0,0.6666666666666666,10.0,5.0,-37.999999999999964,0.0,0,0,0,0.4897789572774561,0,0.4600599154390696,0.5231953126789123,0.012248872784494765,0.5548498772715202,0.341430909223108,0.14285714285714285,0.016661836
5084.5,65.0,260.0,190.0,200.0,60.0,5.0,very rough & rough to slightly rough,0.1,silty clay,1,1.0,Fresh,65.0,190.0,190.0,200.0,60.0,5.0,very rough & rough to slightly rough,0.1,silty clay,1,1.0,Fresh,70.0,90.0,110.0,200.0,60.0,3.0,Rough to slightly rough,0,None,0,0,0,6.12372435695794,0.0,80.65358020571685,10.0,85.55699854482977,190.0,285.7281050229396,59.5,0.5477225575051656,0.0,0.0,0.0,4.183300132670385,-5.0,51.67204273105525,0.0,84.73488065725944,190.0,246.68917690081173,59.5,0.5477225575051659,0.0,0.0,0.0,0.0,0.0,8.94427190999916,-20.0,81.73126696681,190.0,263.1502422571562,59.5,0.8366600265340756,-2.0,0.0,0.0,0.6666666666666666,200.0,4.333333333333333,28.000000000000036,0.0,0,0,0,0.4424201602933126,0,0.2344093878982099,0.45155223668363514,0.002869266481017548,0.7729954053294863,0.18634487319721715,0.14285714285714285,0.006942161
5092.0,60.0,260.0,210.0,100.0,500.0,4.0,Very Rough to Slightly Rough,1.0,silty/clay,1,1.0,Fresh,65.0,190.0,240.0,80.0,400.0,3.0,Rough to Slightly Rough,1.0,Silty Clay,1,1.0,Fresh,65.0,340.0,103.33333333333333,60.0,500.0,3.0,Rough to Slightly Rough,0,None,0,0,0,6.12372435695794,-5.0,80.65358020571685,0.0,85.55699854482977,-100.0,263.1502422571562,440.0,0.5477225575051656,-1.0,0.0,0.0,2.738612787525841,0.0,52.72570530585627,0.0,86.02325267042627,-120.0,246.68917690081173,340.0,0.8944271909999159,-2.0,0.0,0.0,2.23606797749979,-5.0,108.76580344942982,250.0,84.55767262643862,-140.0,263.1502422571562,440.0,1.0,0.0,0.0,0.0,0.6666666666666666,80.0,3.3333333333333335,-2.6666666666666314,0.0,0,0,0,0.34275525362881204,0,0.19997545699421906,0.38661800100330057,0.0027546248645891253,0.06133763199598471,0.070356936670448,0.0,0.004722108
5100.0,50.0,250.0,230.0,200.0,60.0,4.0,very rough to slightly rough,0.1,silty/clay,1,1.0,Fresh,65.0,190.0,290.0,200.0,60.0,4.0,very rough to slightly rough,0.1,silty/clay,1,1.0,Fresh,70.0,350.0,96.66666666666667,200.0,60.0,5.0,very rough,0,None,0,0,0,7.582875444051546,-10.0,5.477225575051661,-10.0,85.55699854482977,100.0,210.82824763299627,-440.0,0.5477225575051656,0.0,0.0,0.0,2.2360679774998022,0.0,4.47213595499958,0.0,86.02325267042627,120.0,175.08869181075053,-340.0,0.8944271909999159,1.0,0.0,0.0,2.23606797749979,5.0,136.3084736911099,10.0,84.55767262643862,140.0,210.82824763299624,-440.0,1.0954451150103321,2.0,0.0,0.0,0.6666666666666666,200.0,4.333333333333333,3.410605131648481e-14,0.0,0,0,0,0.2893027192979672,0,0.17090082049711205,0.32211492575479145,0.04138103257353789,0.18813280714392405,0.07433329678828962,0.2857142857142857,0.003854979
5110.0,65.0,190.0,250.0,200.0,60.0,4.0,very rough to slightly rough,0.1,silty/clay,1,1.0,Fresh,55.0,250.0,340.0,200.0,60.0,4.0,very rough to slightly rough,0.1,silty/clay,1,1.0,Fresh,65.0,340.0,90.0,200.0,60.0,4.0,very rough to slightly rough,0,None,0,0,0,6.519202405202644,15.0,29.49576240750525,-60.0,85.55699854482977,0.0,205.051335035888,0.0,0.5477225575051656,0.0,0.0,0.0,5.4772255750516665,-10.0,26.832815729997478,60.0,88.43076387773658,0.0,160.78261721964842,0.0,0.8366600265340756,0.0,0.0,0.0,2.7386127875258306,-5.0,133.52902306240392,-10.0,92.08691546577053,0.0,205.05133503588797,0.0,1.0,-1.0,0.0,0.0,0.6666666666666666,200.0,4.0,15.6666666666667,0.0,0,0,0,0.2893244104993023,0,0.0793261342496801,0.289610140844926,0.0006697175966145718,0.009937168273968199,0.018898768826707196,0.14285714285714285,0.00023384023
5120.0,60.0,180.0,250.0,100.0,100.0,4.5,Very Rough to Rough,0.1,silty/clay,1,1.0,Fresh,60.0,250.0,270.0,100.0,100.0,4.5,Very Rough to Rough,0.1,silty/clay,1,1.0,Fresh,70.0,350.0,110.0,100.0,100.0,4.0,Very Rough to Slightly Rough,0,None,0,0,0,6.12372435695794,-5.0,39.6232255123179,-10.0,54.77225575051663,-100.0,193.0802941783547,40.0,0.44721359549995743,0.5,0.0,0.0,4.472135954999586,5.0,32.863353450309965,0.0,60.663003552412405,-100.0,148.59340496805362,40.0,0.7416198487095663,0.5,0.0,0.0,2.7386127875258306,5.0,114.14902540100813,10.0,67.23094525588621,-100.0,193.08029417835468,40.0,0.8366600265340756,0.0,0.0,0.0,0.6666666666666666,100.0,4.333333333333333,18.000000000000036,0.0,0,0,0,0.3266999332356049,0,0.1363457388021212,0.3717293454477184,0.0016861105925778598,0.011847466391963313,0.0422631515445083,0.0,0.00033521076
5130.5,65.0,200.0,232.5,100.0,100.0,4.0,Very Rough to Slightly Rough,0.1,silty/clay,1,1.0,Fresh,65.0,260.0,251.11111111111111,100.0,100.0,4.0,Very Rough to Slightly Rough,0.1,silty/clay,1,1.0,Fresh,70.0,350.0,108.88888888888889,80.0,100.0,4.0,Very Rough to Slightly Rough,0,None,0,0,0,6.12372435695794,5.0,36.46916505762094,20.0,54.77225575051663,0.0,188.8915032498815,0.0,0.22360679774997788,-0.5,0.0,0.0,4.472135954999586,5.0,34.92849839314596,10.0,58.9915248150105,0.0,144.49913494550748,0.0,0.547722557505166,-0.5,0.0,0.0,2.7386127875258306,0.0,5.477225575051661,0.0,67.23094525588618,-20.0,188.89150324988145,0.0,0.7071067811865476,0.0,0.0,0.0,0.6666666666666666,93.33333333333333,4.0,-21.3333333333333,0.0,0,0,0,0.4738999949984987,0,0.37221183041896366,0.47939044004002984,0.011584768407272258,0.3480784075714061,0.33024025458147344,0.0,0.0032180273
5141.0,65.0,250.0,215.0,90.0,100.0,4.0,very rough to slightly rough,0.1,silty/clay,1,1.0,Fresh,65.0,340.0,232.22222222222223,100.0,100.0,4.0,very rough to slightly rough,0.1,silty/clay,1,1.0,Fresh,65.0,190.0,107.77777777777777,70.0,100.0,4.0,very rough to slightly rough,0,None,0,0,0,6.519202405202644,0.0,33.61547262794322,50.0,56.745043836444445,-10.0,21.908902300206325,0.0,0.22360679774997788,0.0,0.0,0.0,4.472135954999586,0.0,53.5723809439155,80.0,54.772255750516614,0.0,21.908902300206236,0.0,0.2236067977499794,0.0,0.0,0.0,2.7386127875258306,-5.0,70.5691150575094,-160.0,64.80740698407834,-10.0,21.908902300205995,0.0,0.4472135954999579,0.0,0.0,0.0,0.6666666666666666,86.66666666666667,4.0,1.3333333333333683,0.0,0,0,0,0.32422236888291095,0,0.1398124950202015,0.32782436753863,0.0022780010221631676,0.13141872936834553,0.04573403609288548,0.0,0.006869169
5151.5,70.0,190.0,197.5,80.0,100.0,5.0,very rough to rough & slightly rough,0.1,silty clay material,1,1.0,Fresh,60.0,250.0,213.33333333333331,100.0,100.0,5.0,very rough to rough & slightly rough,0.1,silty clay material,1,1.0,Fresh,70.0,350.0,106.66666666666667,60.0,100.0,4.0,Very rough to slightly rough,0,None,0,0,0,3.5355339059327284,5.0,27.748873851023216,-60.0,48.78524367060189,-10.0,17.88854381999796,0.0,0.44721359549995743,1.0,0.0,0.0,4.183300132670385,-5.0,39.370039370059054,-90.0,44.721359549995796,0.0,17.888543819997828,0.0,0.4472135954999582,1.0,0.0,0.0,2.7386127875258306,5.0,70.5691150575094,160.0,56.74504383644409,-10.0,17.88854381999755,0.0,0.0,0.0,0.0,0.0,0.6666666666666666,80.0,4.666666666666667,-23.999999999999964,0.0,0,0,0,0.33344614185205496,0,0.07917119222839458,0.29574953319477076,0.003965892476594687,0.13854571567059312,0.0037410562303735687,0.0,0.0025069343
5161.5,65.0,180.0,180.0,100.0,400.0,4.0,very rough to slightly rough,0.1,silty/clay,1,1.0,Fresh,60.0,260.0,194.44444444444446,110.0,500.0,4.0,very rough to slightly rough,0.12,silty/clay,1,1.0,Fresh,70.0,350.0,105.55555555555556,100.0,500.0,4.0,very rough to slightly rough,0,None,0,0,0,3.5355339059327284,-5.0,29.154759474226502,-10.0,8.94427190999926,20.0,134.16407864998737,300.0,0.44721359549995743,-1.0,0.0,0.0,2.738612787525841,0.0,38.34057902536163,10.0,4.47213595499958,10.0,178.88543819998313,400.0,0.4472135954999582,-1.0,0.0,0.0,2.23606797749979,0.0,71.55417527999327,0.0,17.888543819997153,40.0,178.88543819998313,400.0,0.0,0.0,0.0,0.0,0.6666666666666666,103.33333333333333,4.0,-19.3333333333333,0.0,0,0,0,0.4017417604169537,0,0.30466582111637697,0.4479160144431829,0.0160621424456856,0.1416064387035645,0.07466385130633243,0.0,0.0090502985
6819.5,65.0,300.0,162.5,100.0,100.0,4.0,rough,0.1,silty clay,1,1.0,Fresh,70.0,350.0,175.55555555555554,80.0,100.0,4.0,rough,0.1,silty clay,1,1.0,Fresh,65.0,70.0,104.44444444444444,100.0,100.0,4.0,Rough,0,None,0,0,0,2.2360679774997756,0.0,50.299105359837164,120.0,8.94427190999926,0.0,134.16407864998737,-300.0,0.44721359549995743,0.0,0.0,0.0,4.183300132670385,10.0,48.68264577855234,90.0,10.954451150103322,-30.0,178.88543819998313,-400.0,0.4472135954999582,0.0,0.0,0.0,2.7386127875258306,-5.0,127.74975538137049,-280.0,17.888543819997153,0.0,178.88543819998313,-400.0,0.0,0.0,0.0,0.0,0.6666666666666666,93.33333333333333,4.0,-1.3333333333333002,0.0,0,0,0,0.31000467135681903,0,0.2797708259176168,0.3150780778417072,0.005392482432901733,0.0076608154821719504,0.030650708359618372,0.0,0.013743723
6824.5,60.0,300.0,145.0,100.0,366.6666666666667,4.0,rough,0.1,1mm thick silty clay,1,1.0,Fresh,70.0,340.0,156.66666666666666,86.66666666666667,400.0,4.0,rough,0.1,1mm thick silty clay,1,1.0,Fresh,65.0,60.0,103.33333333333333,100.0,166.66666666666669,4.0,Rough,0,None,0,0,0,3.5355339059327284,-5.0,57.706152185014034,0.0,8.94427190999926,0.0,155.63490039905005,266.6666666666667,0.44721359549995743,0.0,0.0,0.0,5.000000000000005,0.0,48.68264577855234,-10.0,11.925695879998877,6.666666666666671,194.93588689617923,300.0,0.4472135954999582,0.0,0.0,0.0,2.7386127875258306,0.0,142.75853739794337,-10.0,19.493588689616875,0.0,173.8453974720706,66.66666666666669,0.0,0.0,0.0,0.0,0.6666666666666666,95.55555555555556,4.0,0.44444444444447984,0.0,0,0,0,0.33369997223780445,0,0.2765945734757171,0.3277233022135327,0.0047757124666935515,0.014871134069914412,0.005356947372993368,0.0,0.005074273
6829.0,60.0,310.0,127.5,100.0,633.3333333333334,4.0,rough,0.1,1mm thick silty clay,1,1.0,Fresh,70.0,0.0,137.77777777777777,93.33333333333333,700.0,4.0,rough,0.1,1mm thick silty clay,1,1.0,Fresh,65.0,70.0,102.22222222222223,100.0,233.33333333333334,3.0,Rough to slightly rough,0,None,0,0,0,4.18330013267037,0.0,65.0384501660364,10.0,8.94427190999926,0.0,225.58565754251512,266.6666666666667,0.44721359549995743,0.0,0.0,0.0,5.4772255750516665,0.0,141.59802258506295,-340.0,11.642832797715318,6.666666666666657,260.76809620810593,300.0,0.4472135954999582,0.0,0.0,0.0,2.7386127875258306,0.0,155.24174696260025,10.0,17.888543819997192,0.0,165.9986613065164,66.66666666666666,0.4472135954999579,-1.0,0.0,0.0,0.6666666666666666,97.77777777777777,3.6666666666666665,2.2222222222222543,0.0,0,0,0,0.3628443918581159,0,0.354043218741897,0.3820270963132252,0.044720078933118204,0.012188005254518585,0.0771001587947935,0.0,0.012731504
6834.0,60.0,290.0,110.0,100.0,900.0,4.0,very rough to slightly rough,0.1,calcaerous and silty clay up to 1 mm thickness,1,1.0,Fresh,65.0,355.0,118.88888888888889,100.0,1000.0,4.0,very rough to slightly rough,0.1,calcaerous and silty clay up to 1 mm thickness,1,1.0,Fresh,65.0,80.0,101.11111111111111,100.0,300.0,4.5,Very Rough to Rough,0,None,0,0,0,2.738612787525819,0.0,54.12947441089743,-20.0,0.0,0.0,301.47784145586706,266.66666666666663,0.0,0.0,0.0,0.0,4.472135954999586,-5.0,150.93044755780724,355.0,11.642832797715318,6.666666666666671,336.1547262794322,300.0,0.0,0.0,0.0,0.0,2.23606797749979,0.0,125.41929676090518,10.0,0.0,0.0,153.47819244295115,66.66666666666666,0.5477225575051662,1.5,0.0,0.0,0.6666666666666666,100.0,4.166666666666667,4.000000000000034,0.0,0,0,0,0.3466398245596011,0,0.2928821875714581,0.376623331437128,0.006899518562114833,0.0020760774523644093,0.007499432005092572,0.0,0.016627768
6838.0,70.0,270.0,115.0,200.0,60.0,4.0,rough,0.1,1mm thick silty clay,1,1.0,Fresh,65.0,350.0,100.0,60.0,60.0,4.0,rough,0.1,1mm thick silty clay,1,2.0,calcitic fillings,65.0,70.0,100.0,60.0,60.0,3.0,Rough to slightly rough,0,None,0,0,0,4.4721359549995725,10.0,15.165750888103101,-20.0,44.72135954999582,100.0,357.22386382895655,-840.0,0.0,0.0,0.0,0.0,2.738612787525841,0.0,156.06088555432459,-5.0,15.347819244295104,-40.0,400.64947273146385,-940.0,0.0,0.0,0.447213595499958,1.0,0.0,0.0,7.0710678118654755,-10.0,17.888543819997192,-40.0,97.34246532503448,-240.0,0.6708203932499369,-1.5,0.0,0.0,1.0,106.66666666666667,3.6666666666666665,0.6666666666667027,0.06666666666666668,0,0,0,0.3109407026756884,0,0.2527778173758439,0.3520293968834893,0.03638581825210773,0.0815584031277412,0.05167039394692003,0.14285714285714285,0.007920054
6844.0,60.0,65.0,280.0,100.0,100.0,5.0,very rough,0.1,Silty clay/clay,1,1.0,Fresh,65.0,75.0,355.0,100.0,100.0,2.0,slightly rough,0.1,Silty clay/calcaerous,1,1.0,Fresh,65.0,0.0,200.0,100.0,100.0,2.0,slightly rough,0,None,0,0,0,4.4721359549995725,-10.0,102.810505299799,-205.0,44.72135954999582,-100.0,357.22386382895655,40.0,0.44721359549995743,1.0,0.0,0.0,2.738612787525841,0.0,172.38764456886113,-275.0,16.599866130651634,40.0,400.64947273146385,40.0,0.8944271909999161,-2.0,0.44721359549995804,-1.0,0.0,0.0,32.09361307176243,-70.0,17.888543819997192,40.0,97.34246532503448,40.0,0.9746794344808964,-1.0,0.0,0.0,0.6666666666666666,100.0,3.0,1.3333333333333683,0.0,0,0,0,0.4113606518864169,0,0.363341804057274,0.4025196961101964,0.012150728066390419,0.4145461352128757,0.08498816243886632,0.0,0.01405329
6849.0,65.0,70.0,280.0,100.0,100.0,4.0,very rough to slightly rough,0.1,Silty clay/clay,1,1.0,Fresh,65.0,0.0,0.0,100.0,100.0,4.0,very rough to slightly rough,0.1,Silty clay/calcaerous,1,1.0,Fresh,60.0,70.0,0.0,100.0,100.0,4.0,Rough,0,None,0,0,0,4.4721359549995725,5.0,122.69881825021788,5.0,44.72135954999582,0.0,384.5459082548605,0.0,0.44721359549995743,-1.0,0.0,0.0,2.2360679774998022,0.0,181.98214198101965,-75.0,17.384539747207057,0.0,431.6480047446067,0.0,0.8944271909999161,2.0,0.44721359549995804,0.0,2.23606797749979,-5.0,32.71085446759225,70.0,17.888543819997192,0.0,102.675324310285,0.0,0.9746794344808964,2.0,0.0,0.0,0.6666666666666666,100.0,4.0,0.8888888888889227,0.0,0,0,0,0.47408243325217975,0,0.4718725606959517,0.5492045037003855,0.30721172232386856,0.7995098918023622,0.5538019473652073,0.42857142857142855,0.062450346
6854.0,25.0,30.0,120.0,100.0,100.0,5.0,very rough,0.1,None,0,1.0,Not Recorded,60.0,70.0,280.0,90.0,100.0,4.0,rough,0.1,None,0,1.0,Not Recorded,65.0,75.0,340.0,100.0,100.0,2.0,slightly rough,0,None,0,0,0,17.818529681205458,-40.0,124.39855304624729,-40.0,44.72135954999582,0.0,362.65686261258037,0.0,0.5477225575051656,1.0,0.0,0.0,2.2360679774998022,-5.0,169.22618000770447,70.0,17.320508075688767,-10.0,407.33278777923096,0.0,0.8944271909999161,0.0,0.44721359549995804,0.0,2.23606797749979,5.0,33.24154027718932,5.0,17.888543819997192,0.0,95.49869109050645,0.0,1.140175425099138,-2.0,0.0,0.0,0.6666666666666666,96.66666666666667,3.6666666666666665,-0.2222222222221859,0.0,0,0,0,0.4448955302329791,0,0.4622877761325876,0.49792404280195784,0.8010020059017438,0.7104122289297773,0.08454500126704916,0.2857142857142857,0.14177169
6860.0,65.0,280.0,340.0,100.0,100.0,5.0,very rough,0.1,None,0,1.0,Not Recorded,65.0,75.0,340.0,80.0,100.0,5.0,very rough,0.1,None,0,1.0,Not Recorded,60.0,90.0,170.0,100.0,100.0,5.0,very rough,0,None,0,0,0,18.234582528810467,40.0,121.53188881935473,250.0,44.72135954999582,0.0,17.888543819998326,0.0,0.5477225575051656,0.0,0.0,0.0,2.2360679774998022,5.0,135.711090187943,5.0,16.7332005306815,-10.0,17.88854381999832,0.0,1.0954451150103324,1.0,0.44721359549995804,0.0,2.7386127875258306,-5.0,35.07135583350036,15.0,17.888543819997192,0.0,17.888543819997512,0.0,1.3038404810405297,3.0,0.0,0.0,0.6666666666666666,93.33333333333333,5.0,-1.3333333333333002,0.0,0,0,0,0.32442619619514235,0,0.15919858788066035,0.35107619838176957,0.014134367268907598,0.898223915852601,0.19364756087182775,0.14285714285714285,0.008277045
6871.0,65.0,70.0,280.0,100.0,100.0,5.0,very rough,0.1,None,0,1.0,Not Recorded,65.0,70.0,350.0,70.0,100.0,5.0,very rough,0.1,None,0,1.0,Not Recorded,60.0,65.0,0.0,100.0,100.0,4.0,Not Recorded,0,None,0,0,0,17.46424919657298,0.0,100.34938963441681,-210.0,0.0,0.0,0.0,0.0,0.44721359549995743,0.0,0.0,0.0,2.2360679774998022,0.0,32.5192250830182,-5.0,13.038404810405286,-10.0,0.0,0.0,1.2247448713915892,0.0,0.0,0.0,2.7386127875258306,0.0,34.8209706929603,-25.0,0.0,0.0,0.0,0.0,1.3416407864998738,-1.0,0.0,0.0,0.6666666666666666,90.0,4.666666666666667,-3.3333333333333,-0.06666666666666668,0,0,0,0.3760134275527533,0,0.16389775043632915,0.4314652104082966,0.027213878823934598,0.9801856391452035,0.49175452781192946,0.14285714285714285,0.0026985097
6876.5,60.0,70.0,270.0,100.0,100.0,2.5,rough to smooth,0.1,silty clay up to 4 mm thickness,1,1.0,Fresh,65.0,70.0,355.0,60.0,100.0,2.5,rough to smooth,0.1,silty clay up to 4 mm thickness,1,1.0,Fresh,65.0,70.0,355.0,100.0,100.0,3.0,Rough to Slightly Rough,0,None,0,0,0,17.46424919657298,-5.0,99.89994994993741,0.0,0.0,0.0,0.0,0.0,1.095445115010332,-2.5,0.0,0.0,2.2360679774998022,0.0,31.937438845342623,0.0,15.81138830084188,-10.0,0.0,0.0,1.02469507659596,-2.5,0.0,0.0,2.7386127875258306,5.0,9.617692030835672,5.0,0.0,0.0,0.0,0.0,1.1401754250991383,-1.0,0.0,0.0,0.6666666666666666,86.66666666666667,2.6666666666666665,-2.6666666666666314,0.0,0,0,0,0.4198744638883924,0,0.2322517605840481,0.4774401156148473,0.012362020401313284,0.9847186011271348,0.6395073034398695,0.2857142857142857,0.011165758
6882.5,60.0,280.0,120.0,60.0,100.0,2.5,rough to smooth,0.1,Silty clay/calc,1,1.0,Fresh,65.0,355.0,280.0,60.0,100.0,2.5,rough to smooth,0.1,Silty clay/calc,1,1.0,Fresh,65.0,90.0,355.0,100.0,100.0,3.0,Rough to Slightly Rough,0,None,0,0,0,16.955824957813167,0.0,123.40988615179904,210.0,17.888543819998368,-40.0,0.0,0.0,1.369306393762915,0.0,0.0,0.0,2.2360679774998022,0.0,126.91532610366646,285.0,13.038404810405266,0.0,0.0,0.0,1.2549900398011133,0.0,0.0,0.0,2.7386127875258306,0.0,11.510864433221338,20.0,0.0,0.0,0.0,0.0,1.1401754250991383,0.0,0.0,0.0,0.6666666666666666,73.33333333333333,2.6666666666666665,-5.3333333333333,0.0,0,0,0,0.39986172525065816,0,0.19292210823556188,0.3987358571118557,0.007776190261280178,0.9555676115044957,0.3023178045203257,0.14285714285714285,0.020191237
6887.5,65.0,70.0,280.0,100.0,100.0,2.5,"rough, slightly rough and smooth",0.1,silty clay material,1,1.0,Fresh,65.0,70.0,350.0,60.0,100.0,2.5,"rough, slightly rough and smooth",0.1,silty clay material,1,1.0,Fresh,65.0,70.0,0.0,100.0,100.0,4.0,Rough,0,None,0,0,0,2.7386127875258204,5.0,115.02173707608489,-210.0,17.888543819998368,40.0,0.0,0.0,1.369306393762915,0.0,0.0,0.0,0.0,0.0,126.91532610366646,-285.0,8.944271909999104,0.0,0.0,0.0,1.3693063937629153,0.0,0.0,0.0,2.7386127875258306,0.0,12.041594578792296,-20.0,0.0,0.0,0.0,0.0,0.8366600265340759,1.0,0.0,0.0,0.6666666666666666,86.66666666666667,3.0,-1.9999999999999658,0.0,0,0,0,0.4647538296824995,0,0.26563383679269753,0.4778811058345271,0.031918922683200825,0.9594511307509559,0.5348204841884614,0.42857142857142855,0.05501115
6893.0,60.0,65.0,280.0,60.0,100.0,2.5,rough to smooth,0.1,calcaerous and silty clay,1,1.0,Fresh,65.0,70.0,350.0,60.0,100.0,2.5,rough to smooth,0.1,calcaerous and silty clay,1,1.0,Fresh,65.0,70.0,0.0,100.0,300.0,2.5,rough to smooth,0,None,0,0,0,2.7386127875258204,-5.0,94.4986772394196,-5.0,21.908902300206687,-40.0,0.0,0.0,1.1180339887498947,0.0,0.0,0.0,0.0,0.0,127.45587471748802,0.0,4.472135954999455,0.0,0.0,0.0,1.118033988749895,0.0,0.0,0.0,2.23606797749979,0.0,9.746794344808963,0.0,0.0,0.0,89.44271909999146,200.0,0.6708203932499373,-1.5,0.0,0.0,0.6666666666666666,73.33333333333333,2.5,-3.999999999999966,0.0,0,0,0,0.49506806428743916,0,0.3416823926654962,0.4904144488905239,0.02351348760912564,0.9120647996941219,0.8256588652451174,0.14285714285714285,0.12218914
6899.0,65.0,70.0,280.0,73.33333333333333,100.0,2.5,"rough, slightly rough and smooth",0.1,silty clay material,1,1.0,Not Recorded,65.0,70.0,350.0,60.0,100.0,2.5,"rough, slightly rough and smooth",0.1,silty clay material,1,1.0,Not Recorded,65.0,70.0,0.0,100.0,233.33333333333331,2.5,"rough, slightly rough and smooth",0,None,0,0,0,2.7386127875258204,5.0,94.4986772394196,5.0,20.221001184137513,13.333333333333329,0.0,0.0,0.0,0.0,0.0,0.0,0.0,0.0,127.45587471748802,0.0,0.0,0.0,0.0,0.0,0.0,0.0,0.0,0.0,0.0,0.0,8.94427190999916,0.0,0.0,0.0,94.28090415820623,-66.66666666666669,0.6123724356957949,0.0,0.0,0.0,0.6666666666666666,77.77777777777777,2.5,-2.444444444444412,0.0,0,0,0,0.39499527007837254,0,0.2762809648082298,0.4052314798081832,0.021321615087066786,0.91354683296184,0.14875662787096502,0.0,0.02816981
6905.5,65.0,70.0,280.0,86.66666666666667,100.0,2.5,"rough, slightly rough and smooth",0.1,silty clay/calcareous material,1,1.0,Not Recorded,65.0,70.0,350.0,60.0,100.0,2.5,"rough, slightly rough and smooth",0.1,silty clay/calcareous material,1,1.0,Not Recorded,65.0,70.0,0.0,100.0,166.66666666666666,2.5,"rough, slightly rough and smooth",0,None,0,0,0,2.7386127875258204,0.0,94.4986772394196,0.0,17.384539747207118,13.333333333333343,0.0,0.0,0.0,0.0,0.0,0.0,0.0,0.0,127.45587471748802,0.0,0.0,0.0,0.0,0.0,0.0,0.0,0.0,0.0,0.0,0.0,8.94427190999916,0.0,0.0,0.0,86.92269873603522,-66.66666666666666,0.6519202405202652,0.0,0.0,0.0,0.6666666666666666,82.22222222222223,2.5,-0.8888888888888544,0.0,0,0,0,0.3931001927106757,0,0.3052016308214741,0.39816494332909186,0.01562224006001031,0.5417160352571284,0.10050982359112193,0.0,0.012979064
6911.0,65.0,70.0,280.0,100.0,100.0,5.0,very rough to smooth,0.1,Silty clay/clay,1,1.0,Fresh,65.0,75.0,350.0,60.0,100.0,5.0,very rough to smooth,0.1,Silty clay/calc,1,1.0,Fresh,65.0,70.0,0.0,100.0,100.0,4.5,Very Rough to Rough,0,None,0,0,0,2.236067977499777,0.0,2.23606797749979,0.0,17.38453974720711,13.333333333333329,0.0,0.0,1.1180339887498947,2.5,0.0,0.0,0.0,0.0,2.23606797749979,5.0,0.0,0.0,0.0,0.0,1.118033988749895,2.5,0.0,0.0,0.0,0.0,0.0,0.0,0.0,0.0,86.9226987360352,-66.66666666666666,0.9746794344808966,2.0,0.0,0.0,0.6666666666666666,86.66666666666667,4.833333333333333,2.6666666666667025,0.0,0,0,0,0.47204315877359126,0,0.45676992323799936,0.5326425734562248,0.2352140696732451,0.8766203194925266,0.09357812713332529,0.0,0.19264619
6917.5,65.0,280.0,295.0,80.0,100.0,5.0,very rough,0.1,silty clay/calcareous material,1,1.0,Not Recorded,65.0,350.0,175.0,60.0,100.0,5.0,very rough,0.1,silty clay/calcareous material,1,1.0,Not Recorded,65.0,80.0,23.333333333333332,100.0,100.0,4.25,Not Recorded,0,None,0,0,0,2.236067977499777,0.0,94.4986772394196,210.0,14.907119849998658,-20.0,0.0,0.0,1.369306393762915,0.0,0.0,0.0,0.0,0.0,124.67958934805648,275.0,0.0,0.0,0.0,0.0,1.3693063937629153,0.0,0.0,0.0,0.0,0.0,4.47213595499958,10.0,0.0,0.0,86.9226987360352,0.0,1.0307764064044154,-0.25,0.0,0.0,0.6666666666666666,80.0,4.75,-1.3333333333333002,0.0,0,0,0,0.46899305792273754,0,0.3532233821639559,0.4718991526109275,0.04460412546560027,0.5556462754975191,0.2843189425730881,0.0,0.0606535
6923.0,65.0,270.0,310.0,60.0,100.0,4.0,rough,0.1,slity clay material,1,1.0,Fresh,70.0,75.0,0.0,60.0,100.0,4.0,rough,0.1,Silty clay,1,1.0,Fresh,60.0,70.0,46.666666666666664,100.0,100.0,4.0,Rough,0,None,0,0,0,0.0,0.0,112.33877335986894,-10.0,14.907119849998658,-20.0,0.0,0.0,1.2549900398011131,-1.0,0.0,0.0,2.2360679774998022,5.0,124.12695114277157,-275.0,0.0,0.0,0.0,0.0,1.2549900398011133,-1.0,0.0,0.0,2.23606797749979,-5.0,4.47213595499958,-10.0,0.0,0.0,59.62847939999421,0.0,0.9746794344808967,-0.25,0.0,0.0,0.6666666666666666,73.33333333333333,4.0,3.410605131648481e-14,0.0,0,0,0,0.4697084118822062,0,0.4218642468789587,0.5029571488729201,0.029542537354104687,0.42802575839121604,0.6562196437270986,0.14285714285714285,0.10314659
7272.5,60.0,70.0,280.0,100.0,400.0,4.0,rough,0.1,soft silty clay/clay and hard calcareous material,1,1.0,Fresh,65.0,70.0,350.0,100.0,1000.0,2.0,slightly rough,0.1,soft silty clay/clay and hard calcareous material,1,1.0,Fresh,60.0,65.0,70.0,100.0,300.0,4.0,rough,0,None,0,0,0,2.236067977499777,-5.0,112.33877335986894,-200.0,16.59986613065169,40.0,134.1640786499874,300.0,1.0246950765959597,0.0,0.0,0.0,2.2360679774998022,-5.0,124.12695114277157,-5.0,17.888543819998294,40.0,402.49223594996215,900.0,1.3964240043768943,-2.0,0.0,0.0,2.7386127875258306,0.0,5.477225575051661,-5.0,0.0,0.0,86.9226987360352,200.0,0.7826237921249268,0.0,0.0,0.0,0.6666666666666666,100.0,3.3333333333333335,4.44444444444448,0.0,1,0,1,0.8054067049636757,1,0.7675263203468669,0.7375806686510142,0.959350889150162,0.9976938449964257,0.8802087801889741,0.5714285714285714,0.9829927
7275.5,65.0,70.0,350.0,100.0,100.0,4.0,rough,0.1,Silty clay/clay,1,1.0,Fresh,65.0,70.0,350.0,60.0,100.0,4.0,rough,0.1,Silty clay/clay,1,1.0,Fresh,60.0,70.0,46.66666666666667,100.0,100.0,4.0,Rough,0,None,0,0,0,2.236067977499777,5.0,112.33877335986894,0.0,17.888543819998358,0.0,134.1640786499874,-300.0,0.547722557505166,0.0,0.0,0.0,2.2360679774998022,0.0,124.12695114277157,0.0,17.888543819998294,-40.0,402.49223594996215,-900.0,1.224744871391589,2.0,0.0,0.0,2.7386127875258306,0.0,5.477225575051661,5.0,0.0,0.0,89.44271909999146,-200.0,0.22360679774998024,0.0,0.0,0.0,0.6666666666666666,86.66666666666667,4.0,0.8888888888889227,0.0,1,0,1,0.7952903422617278,1,0.8473590746279548,0.7760148075972174,0.96958188348643,0.9847937367631694,0.8319327956693615,0.42857142857142855,0.98598796
7277.5,60.0,280.0,310.0,100.0,100.0,4.0,very rough to slightly rough,0.1,Silty clay/clay,1,1.0,Fresh,65.0,340.0,0.0,60.0,100.0,4.0,very rough to slightly rough,0.1,Silty clay/clay,1,1.0,Fresh,65.0,70.0,23.333333333333336,100.0,100.0,4.5,Very Rough to Rough,0,None,0,0,0,2.7386127875258204,-5.0,113.26958991715296,210.0,17.888543819998358,0.0,134.1640786499874,0.0,0.4472135954999578,0.0,0.0,0.0,2.2360679774998022,0.0,149.76648490233055,270.0,17.888543819998294,0.0,402.49223594996215,0.0,1.0954451150103321,0.0,0.0,0.0,2.7386127875258306,5.0,5.477225575051661,0.0,0.0,0.0,89.44271909999146,0.0,0.22360679774998024,0.5,0.0,0.0,0.6666666666666666,86.66666666666667,4.166666666666667,3.410605131648481e-14,0.0,1,0,1,0.7644748129993264,1,0.6843124725392318,0.6979614181396758,0.6550693359239973,0.9845578086353743,0.82469213759924,0.0,0.86081547
7280.5,65.0,280.0,120.0,100.0,500.0,3.0,rough to slightly rough,1.0,Silty clay/clay,1,1.0,Fresh,65.0,70.0,290.0,100.0,1000.0,3.0,rough to slightly rough,1.0,calcaerous,1,1.0,Fresh,65.0,70.0,0.0,100.0,400.0,3.0,rough to slightly rough,0,None,0,0,0,2.7386127875258204,5.0,113.26958991715296,0.0,17.888543819998354,0.0,194.9358868961793,400.0,0.4472135954999578,-1.0,0.0,0.0,2.2360679774998022,0.0,120.20815280171308,-270.0,21.90890230020663,40.0,492.9503017546495,900.0,0.8944271909999157,-1.0,0.0,0.0,2.7386127875258306,0.0,2.23606797749979,0.0,0.0,0.0,141.42135623730945,300.0,0.5477225575051666,-1.5,0.0,0.0,0.6666666666666666,100.0,3.0,4.000000000000034,0.0,1,0,1,0.7999223472520457,1,0.8577643411128554,0.7412782149476712,0.8843464588172839,0.9983770269546524,0.6963951945273554,0.2857142857142857,0.9478677
7283.5,65.0,70.0,350.0,100.0,800.0,5.0,very rough,0.1,Silty clay/clay,1,1.0,Fresh,65.0,70.0,350.0,100.0,1000.0,5.0,very rough,0.1,Silty clay/clay/calcareous,1,1.0,Fresh,60.0,70.0,160.0,100.0,300.0,5.0,very rough,0,None,0,0,0,2.7386127875258204,0.0,115.02173707608489,-210.0,0.0,0.0,294.9576240750526,300.0,0.7071067811865475,2.0,0.0,0.0,0.0,0.0,120.74767078498864,0.0,21.908902300206634,0.0,492.9503017546495,0.0,1.1401754250991378,2.0,0.0,0.0,2.7386127875258306,-5.0,2.23606797749979,0.0,0.0,0.0,134.16407864998732,-100.0,0.7416198487095668,2.0,0.0,0.0,0.6666666666666666,100.0,5.0,5.333333333333369,0.0,1,0,1,0.8422303507453996,1,0.818114735805348,0.788856148383133,0.9908911808826635,0.9881617050129935,0.8723118359289989,0.42857142857142855,0.9707445
7286.5,65.0,70.0,280.0,100.0,750.0,5.0,very rough,0.1,None,0,1.0,Not Recorded,65.0,70.0,340.0,100.0,1000.0,5.0,very rough,0.1,None,0,1.0,Not Recorded,65.0,70.0,320.0,100.0,350.0,2.0,slightly rough,0,None,0,0,0,2.236067977499777,0.0,115.02173707608489,0.0,0.0,0.0,339.11649915626344,-50.0,0.8366600265340755,0.0,0.0,0.0,0.0,0.0,120.74767078498864,0.0,21.908902300206634,0.0,492.9503017546495,0.0,0.8366600265340753,0.0,0.0,0.0,2.7386127875258306,5.0,0.0,0.0,0.0,0.0,141.42135623730945,50.0,1.2041594578792298,-3.0,0.0,0.0,0.6666666666666666,100.0,4.0,3.410605131648481e-14,0.0,1,0,1,0.83056941596474,1,0.7994033779819959,0.7520567788335406,0.9612825142556964,0.96715421778155,0.7357865786617432,0.14285714285714285,0.94922274
7289.0,70.0,280.0,125.0,100.0,700.0,5.0,very rough,0.1,Silty clay/clay,1,1.0,Fresh,65.0,75.0,310.0,100.0,1000.0,5.0,very rough,0.1,Silty clay/clay/calcareous,1,1.0,Fresh,60.0,65.0,340.0,100.0,400.0,5.0,very rough,0,None,0,0,0,3.5355339059327298,5.0,115.02173707608489,210.0,0.0,0.0,286.3564212655272,-50.0,0.8944271909999157,0.0,0.0,0.0,0.0,0.0,120.20815280171308,5.0,17.88854381999831,0.0,402.49223594996215,0.0,0.8944271909999157,0.0,0.0,0.0,2.7386127875258306,-5.0,2.23606797749979,-5.0,0.0,0.0,124.4989959798873,50.0,1.341640786499874,3.0,0.0,0.0,0.6666666666666666,100.0,5.0,2.6666666666667,0.0,1,0,1,0.8156181776561471,1,0.8653962990657649,0.8115010392341263,0.9942998015549445,0.9504931894635051,0.7423471191401207,0.42857142857142855,0.9719775
7292.0,65.0,290.0,355.0,100.0,600.0,3.0,rough to slightly rough,0.1,Silty clay/clay,1,1.0,Fresh,65.0,70.0,330.0,100.0,1000.0,3.0,rough to slightly rough,0.1,calcaerous,1,1.0,Fresh,60.0,70.0,360.0,100.0,400.0,4.0,Rough,0,None,0,0,0,2.236067977499777,-5.0,116.91877522451216,10.0,0.0,0.0,120.41594578792336,-100.0,1.0954451150103321,-2.0,0.0,0.0,0.0,0.0,2.23606797749979,-5.0,0.0,0.0,0.0,0.0,1.0954451150103321,-2.0,0.0,0.0,2.7386127875258306,0.0,2.23606797749979,5.0,0.0,0.0,44.7213595499958,0.0,1.30384048104053,-1.0,0.0,0.0,0.6666666666666666,100.0,3.3333333333333335,2.6666666666667,0.0,1,0,1,0.6768406651084555,1,0.5476148655064205,0.5363983743968354,0.08636246357953174,0.21539700431113987,0.0788474697516389,0.0,0.7837278
7317.5,70.0,270.0,300.0,100.0,100.0,2.0,slightly rough,0.1,Silty clay,1,1.0,Fresh,70.0,75.0,355.0,60.0,100.0,2.0,slightly rough,0.1,Silty clay,1,1.0,Fresh,65.0,80.0,355.0,100.0,100.0,4.0,Rough,0,None,0,0,0,2.7386127875258204,5.0,115.23888232710347,-20.0,0.0,0.0,283.7252191822223,-500.0,1.414213562373095,-1.0,0.0,0.0,2.2360679774998022,5.0,2.7386127875258306,5.0,17.88854381999831,-40.0,402.49223594996215,-900.0,1.414213562373095,-1.0,0.0,0.0,2.7386127875258306,5.0,5.477225575051661,10.0,0.0,0.0,124.4989959798873,-300.0,1.2247448713915894,0.0,0.0,0.0,0.6666666666666666,86.66666666666667,2.6666666666666665,-2.6666666666666314,0.0,1,0,1,0.8313155090191238,1,0.7497752892351467,0.7495837689307835,0.9687928386495369,0.9733900977558202,0.6451056251401533,0.42857142857142855,0.9620514
7321.5,65.0,280.0,300.0,100.0,600.0,4.0,rough,0.1,soft silty clay/clay material,1,1.0,Fresh,65.0,75.0,350.0,60.0,700.0,2.0,slightly rough,0.1,None,0,1.0,Fresh,65.0,70.0,0.0,100.0,300.0,4.0,rough,0,None,0,0,0,2.7386127875258204,-5.0,94.18067742376883,10.0,0.0,0.0,259.8076211353317,500.0,1.3038404810405295,2.0,0.0,0.0,2.2360679774998022,-5.0,2.7386127875258306,0.0,21.908902300206634,0.0,391.1521443121589,600.0,1.51657508881031,0.0,0.0,0.0,2.7386127875258306,0.0,5.477225575051661,-10.0,0.0,0.0,124.4989959798873,200.0,1.0954451150103326,0.0,0.0,0.0,0.6666666666666666,86.66666666666667,3.3333333333333335,-2.6666666666666314,0.0,1,0,1,0.8136986134401304,1,0.7815491169575245,0.7091211577507033,0.9649255933491026,0.9990775269242577,0.6297724325873949,0.2857142857142857,0.9778537
7325.0,65.0,290.0,243.33333333333334,100.0,100.0,4.0,rough,0.1,soft silty clay/clay material,1,1.0,Fresh,65.0,75.0,280.0,60.0,100.0,2.0,slightly rough,0.1,soft silty clay/clay material,1,1.0,Fresh,65.0,70.0,113.33333333333333,100.0,100.0,4.0,rough,0,None,0,0,0,2.7386127875258204,0.0,8.366600265340756,10.0,0.0,0.0,294.9576240750526,-500.0,1.1401754250991378,0.0,0.0,0.0,2.2360679774998022,0.0,2.23606797749979,0.0,21.90890230020663,0.0,454.97252664309303,-600.0,1.3038404810405295,0.0,0.0,0.0,2.7386127875258306,0.0,5.477225575051661,0.0,0.0,0.0,151.65750888103096,-200.0,0.4472135954999587,0.0,0.0,0.0,0.6666666666666666,86.66666666666667,3.3333333333333335,-2.6666666666666314,0.0,1,0,1,0.8285672403890924,1,0.843057966769643,0.7852018504729422,0.9800799299945154,0.9843136935204188,0.8694905325246544,0.42857142857142855,0.98746026
7328.0,65.0,0.0,186.66666666666669,100.0,100.0,4.0,rough,0.1,up to 2mm thick silty clay,1,1.0,Fresh,65.0,0.0,210.0,60.0,100.0,4.0,rough,0.1,up to 2mm thick silty clay,1,1.0,Fresh,65.0,0.0,226.66666666666666,150.0,100.0,4.0,Rough,0,None,0,0,0,2.236067977499777,0.0,126.60963628413123,-290.0,0.0,0.0,273.8612787525831,0.0,0.8944271909999157,0.0,0.0,0.0,2.2360679774998022,0.0,33.05298776207682,-75.0,17.88854381999829,0.0,424.26406871192853,0.0,0.8944271909999153,2.0,0.0,0.0,2.23606797749979,0.0,32.71085446759225,-70.0,22.360679774997053,50.0,141.42135623730942,0.0,0.0,0.0,0.0,0.0,0.6666666666666666,103.33333333333333,4.0,0.6666666666666998,0.0,1,0,1,0.7564833254423198,1,0.5314888077563946,0.6863485004537496,0.10237318395142699,0.9621664001149584,0.46288471494103045,0.42857142857142855,0.28114948
7334.0,65.0,310.0,130.0,100.0,100.0,2.5,Rough and slightly rough,0.1,Soft silty clay/clay material,1,1.0,Fresh,70.0,340.0,140.0,60.0,100.0,2.5,Rough and slightly rough,0.1,Soft silty clay/clay material,1,1.0,Fresh,70.0,80.0,340.0,200.0,100.0,2.5,Rough and slightly rough,0,None,0,0,0,2.236067977499777,0.0,129.42179105544784,310.0,0.0,0.0,223.6067977499789,0.0,0.9746794344808962,-1.5,0.0,0.0,2.738612787525841,5.0,130.98664054017112,340.0,0.0,0.0,268.32815729997475,0.0,0.8660254037844382,-1.5,0.0,0.0,2.23606797749979,5.0,33.91164991562634,80.0,44.721359549995405,50.0,89.44271909999142,0.0,0.6708203932499375,-1.5,0.0,0.0,0.6666666666666666,120.0,2.5,4.000000000000034,0.0,1,0,1,0.6679870903222794,1,0.45305229075405323,0.5790970010379879,0.10694535724349687,0.6348616366572264,0.3961028714905122,0.14285714285714285,0.09118346
7337.0,70.0,300.0,240.0,200.0,100.0,2.5,rough and slightly rough,0.1,soft silty clay/clay material,1,1.0,Fresh,70.0,75.0,70.0,60.0,100.0,2.5,rough and slightly rough,0.1,soft silty clay/clay material,1,1.0,Fresh,60.0,70.0,345.0,200.0,100.0,4.0,Rough,0,None,0,0,0,2.236067977499777,5.0,132.4009063413087,-10.0,44.721359549995796,100.0,223.6067977499789,0.0,0.8215838362577491,0.0,0.0,0.0,2.738612787525841,0.0,130.98664054017112,-265.0,0.0,0.0,268.32815729997475,0.0,0.8215838362577487,0.0,0.0,0.0,3.5355339059327378,-10.0,32.71085446759225,-10.0,49.99999999999968,0.0,89.44271909999142,0.0,0.6708203932499375,1.5,0.0,0.0,0.6666666666666666,153.33333333333334,3.0,13.333333333333368,0.0,1,0,1,0.6440328158105132,1,0.40733337827101346,0.5547878268502188,0.07794898854847025,0.5805653399718296,0.421140687591937,0.14285714285714285,0.80609155
7339.5,65.0,270.0,350.0,100.0,100.0,2.5,rough and slightly rough,0.1,soft silty clay/clay material,1,1.0,Fresh,70.0,350.0,0.0,60.0,100.0,2.5,rough and slightly rough,0.1,soft silty clay/clay material,1,1.0,Fresh,70.0,60.0,350.0,200.0,100.0,4.0,Rough,0,None,0,0,0,2.236067977499777,-5.0,131.64345787011217,-30.0,44.721359549995796,-100.0,0.0,0.0,0.8215838362577491,0.0,0.0,0.0,2.738612787525841,0.0,164.4916411250128,275.0,0.0,0.0,0.0,0.0,0.7582875444051544,0.0,0.0,0.0,4.183300132670378,10.0,32.09361307176243,-10.0,44.72135954999546,0.0,0.0,0.0,0.6708203932499375,0.0,0.0,0.0,0.6666666666666666,120.0,3.0,6.6666666666667,0.0,1,0,1,0.518397338473683,1,0.12550756952198028,0.37000636629125183,0.11554954208270107,0.03363901010831856,0.022685870086331515,0.0,0.0098277675
7342.5,65.0,75.0,280.0,100.0,350.0,4.0,rough,0.1,None,0,1.0,Fresh,70.0,75.0,0.0,80.0,350.0,2.0,slightly rough,0.1,None,0,1.0,Fresh,65.0,100.0,290.0,200.0,450.0,4.0,Rough,0,None,0,0,0,2.236067977499777,0.0,143.3701503103069,-195.0,44.721359549995796,0.0,111.80339887498933,250.0,0.8215838362577491,1.5,0.0,0.0,2.2360679774998022,0.0,164.4916411250128,-275.0,8.944271909999095,20.0,111.80339887498948,250.0,0.7582875444051544,-0.5,0.0,0.0,4.183300132670378,-5.0,37.68288736283355,40.0,22.36067977499729,0.0,156.52475842498518,350.0,0.6708203932499375,0.0,0.0,0.0,0.6666666666666666,126.66666666666667,3.3333333333333335,8.000000000000034,0.0,1,0,1,0.6286430212705988,1,0.4068295592558461,0.5326955053993955,0.233162138994235,0.23520093112667415,0.2545833779967195,0.14285714285714285,0.1345838
7346.0,65.0,300.0,200.0,100.0,600.0,4.0,rough,0.1,None,0,1.0,Fresh,70.0,0.0,85.0,100.0,600.0,4.0,rough,0.1,Silty Clay,1,1.0,Fresh,65.0,70.0,230.0,200.0,800.0,4.0,Rough,0,None,0,0,0,2.236067977499777,0.0,99.5238664843765,225.0,44.721359549995796,0.0,223.60679774997894,250.0,0.8215838362577491,0.0,0.0,0.0,0.0,0.0,164.4916411250128,-75.0,17.888543819998294,20.0,223.60679774997897,250.0,0.7582875444051544,2.0,0.0,0.0,4.183300132670378,0.0,15.165750888103101,-30.0,0.0,0.0,313.04951684997053,350.0,0.6708203932499375,0.0,0.0,0.0,0.6666666666666666,133.33333333333334,4.0,6.000000000000037,0.0,1,0,1,0.7027165977575581,1,0.5688695345358565,0.6233008054471828,0.047902461671356936,0.3994062029437305,0.511042665334844,0.2857142857142857,0.7392371
7349.0,60.5,300.5,120.0,200.0,100.0,4.0,rough,0.1,up to 2mm thick silty clay,1,1.0,Fresh,65.5,350.5,170.0,100.0,100.0,4.0,rough,0.1,up to 2mm thick silty clay,1,1.0,Fresh,65.0,70.0,170.0,200.0,100.0,4.0,Rough,0,None,0,0,0,3.3615472627943124,-4.5,98.19775964857854,0.5,54.772255750516614,100.0,223.60679774997894,-500.0,0.8215838362577491,0.0,0.0,0.0,2.012461179749823,-4.5,167.2798553323143,350.5,19.999999999999986,0.0,223.60679774997897,-500.0,0.9354143466934849,0.0,0.0,0.0,3.5355339059327378,0.0,15.165750888103101,0.0,0.0,0.0,313.04951684997053,-700.0,0.0,0.0,0.0,0.0,0.6666666666666666,166.66666666666666,4.0,9.333333333333366,0.0,1,0,1,0.6792305890677897,1,0.4283775607927252,0.5448238274268071,0.040915036266700844,0.211517091236522,0.05579599937644174,0.2857142857142857,0.061856147
7351.5,70.0,275.0,65.0,15.0,1.5,2.5,rough and slightly rough,0.1,soft silty clay/clay material,1,1.0,Fresh,65.0,350.0,275.0,20.0,2.0,2.5,rough and slightly rough,0.1,soft silty clay/clay material,1,1.0,Fresh,65.0,70.0,350.0,25.0,2.5,4.0,Rough,0,None,0,0,0,3.3615472627943124,9.5,95.55914398946864,-25.5,65.53624951124378,-185.0,243.57329492372514,-98.5,0.8215838362577491,-1.5,0.0,0.0,2.607680962081068,-0.5,173.29541251862383,-0.5,33.46640106136301,-80.0,243.45595084121481,-98.0,0.9354143466934849,-1.5,0.0,0.0,2.23606797749979,0.0,15.165750888103101,0.0,78.26237921249245,-175.0,331.8715866114482,-97.5,0.0,0.0,0.0,0.0,0.6666666666666666,20.0,3.0,-26.666666666666636,0.0,1,0,1,0.6950418900817927,1,0.6209024845940956,0.6246968382938044,0.15954604832617436,0.5581421785758363,0.4252615804304794,0.0,0.7432896
7354.5,65.0,280.0,350.0,60.0,100.0,5.0,very rough,0.1,Silty clay/clay,1,1.0,Fresh,65.0,70.0,280.0,60.0,100.0,5.0,very rough,0.1,Calcareous,1,1.0,Fresh,65.0,90.0,350.0,100.0,400.0,5.0,very rough,0,None,0,0,0,3.361547262794313,-5.0,96.33820633580427,5.0,68.37397165588672,45.0,243.57329492372514,98.5,0.8944271909999157,2.5,0.0,0.0,2.6551836094703574,0.0,168.0038690030679,-280.0,33.46640106136301,40.0,243.45595084121481,98.0,1.2247448713915887,2.5,0.0,0.0,0.0,0.0,14.142135623730951,20.0,79.84359711335635,75.0,315.5372402744246,397.5,0.44721359549995865,1.0,0.0,0.0,0.6666666666666666,73.33333333333333,5.0,-9.3333333333333,0.0,1,0,1,0.709967639348976,1,0.620684454024326,0.6164266064868457,0.705751371325363,0.6845440517158237,0.6305099907340224,0.5714285714285714,0.9263305
7357.0,60.0,260.0,300.0,100.0,600.0,3.5,"very rough, rough and slightly rough",0.1,soft silty clay/clay/calcareous material,1,1.0,Fresh,65.0,350.0,330.0,100.0,700.0,3.5,"very rough, rough and slightly rough",0.1,soft silty clay/clay/calcareous material,1,1.0,Fresh,65.0,100.0,280.0,100.0,300.0,3.5,"very rough, rough and slightly rough",0,None,0,0,0,4.068169121361589,-5.0,17.300289014926893,-20.0,68.37397165588672,40.0,294.60218940123303,500.0,0.9082951062292474,-1.5,0.0,0.0,2.190890230020671,0.0,174.3890764927666,280.0,35.77708763999662,40.0,323.5750299389618,600.0,0.908295106229247,-1.5,0.0,0.0,0.0,0.0,14.142135623730951,10.0,74.99999999999976,0.0,310.8074162564336,-100.0,0.5477225575051666,-1.5,0.0,0.0,0.6666666666666666,100.0,3.5,-5.3333333333333,0.0,1,0,1,0.718651768317727,1,0.7015454008704047,0.6946231426745313,0.8955803932627701,0.33292127672605154,0.1372531513570416,0.2857142857142857,0.95953006
7359.5,60.0,285.0,325.0,100.0,100.0,4.0,rough,0.1,None,0,1.0,Fresh,65.0,345.0,340.0,100.0,100.0,4.0,rough,0.1,Calcareous,1,1.0,Fresh,65.0,80.0,185.0,100.0,100.0,3.0,Rough to slightly rough,0,None,0,0,0,4.39317652729775,0.0,14.749576265099964,25.0,68.37397165588672,0.0,238.46477727329037,-500.0,0.9082951062292474,0.5,0.0,0.0,0.22360679775002823,0.0,124.73692316230989,-5.0,35.77708763999662,0.0,282.4903538176127,-600.0,0.908295106229247,0.5,0.0,0.0,0.0,0.0,13.038404810405298,-20.0,62.24949798994336,0.0,163.63450125202803,-200.0,0.7416198487095667,-0.5,0.0,0.0,0.6666666666666666,100.0,3.6666666666666665,-6.666666666666634,0.0,1,0,1,0.7079176866514968,1,0.6252430182503016,0.6347980701664949,0.7216847094078206,0.6660245300484692,0.5,0.2857142857142857,0.39564067
7362.5,65.0,70.0,350.0,100.0,100.0,5.0,very rough,0.1,Silty clay/clay,1,1.0,Fresh,65.0,70.0,350.0,60.0,100.0,5.0,very rough,0.1,Calcareous,1,1.0,Fresh,60.0,65.0,90.0,100.0,100.0,5.0,very rough,0,None,0,0,0,4.183300132670369,5.0,92.15476113581978,-215.0,37.749172176353746,0.0,238.46477727329037,0.0,1.0606601717798212,1.0,0.0,0.0,0.0,0.0,152.46311029229335,-275.0,33.46640106136301,-40.0,282.4903538176127,0.0,1.060660171779821,1.0,0.0,0.0,2.23606797749979,-5.0,14.317821063276353,-15.0,33.54101966249624,0.0,163.63450125202803,0.0,0.8944271909999162,2.0,0.0,0.0,0.6666666666666666,86.66666666666667,5.0,-15.999999999999963,0.0,1,0,1,0.7141141509949126,1,0.6388353173537922,0.6121159138611909,0.45524427560047975,0.7133162214001247,0.5,0.14285714285714285,0.7112577
8025.5,65.0,250.0,327.5,150.0,100.0,3.0,Rough to slightly rough,0.1,1-2mm thick silty clay material,1,1.0,Fresh,70.0,350.0,347.5,80.0,100.0,3.0,Rough to slightly rough,0.1,1-2mm thick silty clay material,1,1.5,Fresh to Slightly Weathered,70.0,60.0,85.0,150.0,100.0,4.0,Rough,0,None,0,0,0,2.7386127875258146,0.0,90.02777349240623,180.0,31.937438845342623,50.0,223.6067977499789,0.0,0.8944271909999156,-2.0,0.0,0.0,2.2360679774997942,5.0,152.46311029229335,280.0,19.999999999999986,20.0,268.32815729997475,0.0,0.8944271909999153,-2.0,0.22360679774997907,0.5,3.5355339059327378,10.0,16.73320053068151,-5.0,22.360679774997053,50.0,141.4213562373094,0.0,0.8944271909999162,-1.0,0.0,0.0,0.8333333333333334,126.66666666666667,3.3333333333333335,21.333333333333368,0.03333333333333335,0,0,0,0.40433113052954717,0,0.43116049765863257,0.4224962723625495,0.04024434958050347,0.2052669888465569,0.5242600863960563,0.14285714285714285,0.3909589
8028.5,60.0,270.0,305.0,200.0,100.0,4.0,rough,0.1,up to 1mm thick silty clay,1,1.0,Fresh,65.0,350.0,345.0,100.0,100.0,4.0,rough,0.1,up to 1mm thick silty clay,1,1.5,Fresh to Slightly Weathered,65.0,60.0,80.0,200.0,100.0,4.0,Rough,0,None,0,0,0,2.7386127875258115,-5.0,88.7130204648675,20.0,44.721359549995796,50.0,223.6067977499789,0.0,0.7416198487095659,1.0,0.0,0.0,2.2360679774997942,-5.0,124.6795893480565,0.0,17.88854381999831,20.0,268.32815729997475,0.0,0.7416198487095654,1.0,0.27386127875258315,0.0,3.5355339059327378,-5.0,17.175564037317667,0.0,44.7213595499954,50.0,89.44271909999136,0.0,0.7416198487095664,0.0,0.0,0.0,0.8333333333333334,166.66666666666666,4.0,18.6666666666667,0.03333333333333335,0,0,0,0.45060419164907944,0,0.34764774551505195,0.44057246507310416,0.05895302529673259,0.3881793529046389,0.17444656526547572,0.0,0.014034579
8035.5,60.0,250.0,282.5,200.0,100.0,4.0,Rough,0.1,Silty Clay,1,1.0,Fresh,60.0,250.0,342.5,100.0,100.0,3.0,Rough to slightly rough,0.1,Silty Clay,1,1.0,Fresh,65.0,250.0,75.0,200.0,100.0,3.0,Rough to slightly rough,0,None,0,0,0,2.7386127875258115,0.0,87.89197915623473,-20.0,50.0,0.0,0.0,0.0,0.7071067811865472,0.0,0.0,0.0,3.5355339059327404,-5.0,121.2229351236803,-100.0,17.88854381999831,0.0,0.0,0.0,0.8366600265340747,-1.0,0.27386127875258315,-0.5,3.5355339059327378,0.0,82.58329128825031,190.0,49.99999999999967,0.0,0.0,0.0,0.8366600265340757,-1.0,0.0,0.0,0.6666666666666666,166.66666666666666,3.3333333333333335,13.333333333333366,0.0,0,0,0,0.24866555460584674,0,0.058297678581214714,0.2341041067437377,0.001432418308206788,0.014469626093723525,0.020621557665566226,0.0,0.0007611822
8039.5,65.0,340.0,260.0,200.0,400.0,3.0,Rough to slightly rough,0.1,1mm thick silty clay,1,1.0,Fresh,65.0,340.0,340.0,60.0,700.0,3.0,Rough to slightly rough,0.1,1mm thick silty clay,1,1.5,Fresh to Slightly Weathered,65.0,60.0,70.0,200.0,400.0,4.0,Rough,0,None,0,0,0,2.7386127875258146,5.0,99.89994994993741,90.0,44.721359549995796,0.0,134.16407864998726,300.0,0.8366600265340751,-1.0,0.0,0.0,3.5355339059327404,5.0,120.49896265113657,90.0,19.999999999999986,-40.0,268.32815729997475,600.0,0.8944271909999149,0.0,0.27386127875258315,0.5,3.5355339059327378,0.0,84.4393273303382,-190.0,44.721359549995455,0.0,134.16407864998723,300.0,0.7071067811865478,1.0,0.0,0.0,0.8333333333333334,153.33333333333334,3.3333333333333335,10.666666666666703,0.03333333333333335,0,0,0,0.29783663757201384,0,0.22302439473448574,0.3172752250643412,0.026731561947442615,0.3821721688126794,0.2851345722183923,0.14285714285714285,0.018836206
8043.0,70.0,270.0,1103.3333333333335,100.0,300.0,4.0,rough,0.1,None,0,1.0,Fresh,75.0,350.0,343.3333333333333,60.0,500.0,4.0,Rough,0.1,Silty Clay,1,1.0,Fresh,65.0,70.0,76.66666666666667,100.0,300.0,4.0,Rough,0,None,0,0,0,4.183300132670369,5.0,37.14835124201342,-70.0,44.721359549995796,-100.0,141.4213562373094,-100.0,0.5477225575051652,1.0,0.0,0.0,5.700877125495691,10.0,43.81780460041333,10.0,19.999999999999986,0.0,282.842712474619,-200.0,0.5477225575051641,1.0,0.27386127875258315,-0.5,2.23606797749979,0.0,83.96427811873333,10.0,44.721359549995455,-100.0,141.4213562373094,-100.0,0.447213595499958,0.0,0.0,0.0,0.6666666666666666,86.66666666666667,4.0,3.410605131648481e-14,0.0,0,0,0,0.34519210597742406,0,0.15059550934273486,0.3350231182036651,0.003898821821663899,0.04841809698612405,0.03738889416588678,0.0,0.0013246106
8046.5,65.0,270.0,1946.6666666666667,100.0,200.0,4.0,rough,0.1,None,0,1.0,Fresh,60.0,340.0,346.6666666666667,60.0,300.0,3.0,Rough to slightly rough,0.1,None,0,1.5,Fresh to Slightly Weathered,70.0,60.0,83.33333333333333,100.0,200.0,4.0,Rough,0,None,0,0,0,4.183300132670369,-5.0,34.64101615137755,0.0,54.772255750516614,0.0,130.38404810405288,-100.0,0.44721359549995726,0.0,0.0,0.0,6.123724356957947,-15.0,42.77849927241492,-10.0,21.90890230020663,0.0,260.76809620810593,-200.0,0.5477225575051641,-1.0,0.27386127875258315,0.5,2.23606797749979,5.0,83.96427811873333,-10.0,54.77225575051632,0.0,130.38404810405285,-100.0,0.447213595499958,0.0,0.0,0.0,0.8333333333333334,86.66666666666667,3.6666666666666665,-7.999999999999966,0.0,0,0,0,0.3050742883936463,0,0.1868424884108002,0.3072839388205293,0.0019967467152917514,0.03919129925204093,0.05372031253005542,0.0,0.002476445
8050.0,65.0,279.0,2790.0,100.0,100.0,3.0,rough to slightly rough,0.1,silty clay,1,1.0,Fresh,70.0,350.0,350.0,60.0,100.0,3.0,rough to slightly rough,0.1,silty clay,1,1.5,Fresh to Slightly Weathered,65.0,90.0,90.0,100.0,100.0,4.0,Rough,0,None,0,0,0,3.5355339059327306,0.0,34.2227994179319,9.0,54.772255750516614,0.0,130.38404810405288,-100.0,0.5477225575051652,-1.0,0.0,0.0,6.51920240520265,10.0,42.77849927241492,10.0,17.88854381999829,0.0,260.76809620810593,-200.0,0.44721359549995515,0.0,0.27386127875258315,0.0,2.23606797749979,-5.0,81.42481194328913,30.0,54.7722557505163,0.0,130.38404810405285,-100.0,0.447213595499958,0.0,0.0,0.0,0.8333333333333334,86.66666666666667,3.3333333333333335,-15.999999999999963,0.0,0,0,0,0.36021995475721,0,0.22837251768221747,0.3449085492379971,0.006117553343828369,0.040281540204499124,0.024430996247671536,0.0,0.0025428666
8053.5,70.0,270.0,1913.3333333333335,150.0,100.0,4.0,rough,0.1,None,0,1.0,Fresh,60.0,340.0,286.6666666666667,130.0,100.0,3.0,Rough to slightly rough,0.1,None,0,1.5,Fresh to Slightly Weathered,60.0,70.0,113.33333333333333,150.0,100.0,4.0,Rough,0,None,0,0,0,2.7386127875258337,5.0,30.548322376196047,-9.0,44.721359549995796,50.0,130.38404810405288,0.0,0.5477225575051652,1.0,0.0,0.0,6.51920240520265,-10.0,5.477225575051993,-10.0,31.304951684997043,70.0,260.76809620810593,0.0,0.44721359549995515,0.0,0.22360679774997905,0.0,3.5355339059327378,-5.0,12.24744871391589,-20.0,44.7213595499954,50.0,130.38404810405285,0.0,0.0,0.0,0.0,0.0,0.8333333333333334,143.33333333333334,3.6666666666666665,-4.666666666666629,0.03333333333333335,0,0,0,0.41972081335306866,0,0.3006254630562739,0.41421014089121355,0.01792737804224823,0.4385401971135782,0.09032055287918063,0.0,0.02932077
8061.0,65.0,300.0,1036.6666666666667,200.0,100.0,4.0,rough,0.1,None,0,1.0,Fresh,65.0,70.0,223.33333333333331,200.0,100.0,4.0,rough,0.1,None,0,1.0,Fresh,65.0,70.0,136.66666666666666,200.0,100.0,4.0,Rough,0,None,0,0,0,2.7386127875258337,-5.0,13.007690033207286,30.0,44.721359549995796,50.0,89.4427190999914,0.0,0.44721359549995726,0.0,0.0,0.0,6.51920240520265,5.0,123.08533625091172,-270.0,62.609903369994115,70.0,178.88543819998318,0.0,0.5477225575051641,1.0,0.27386127875258315,-0.5,3.5355339059327378,5.0,10.954451150103322,0.0,44.7213595499954,50.0,89.44271909999138,0.0,0.0,0.0,0.0,0.0,0.6666666666666666,200.0,4.0,9.333333333333366,-0.03333333333333335,0,0,0,0.38001544908464563,0,0.1526155370059013,0.30449418540380657,0.005439261227162831,0.023800926838576503,0.011695590593567468,0.0,0.004813109
8064.5,65.0,270.0,160.0,200.0,60.0,4.0,rough,0.1,1 to 3mm thick silty clay materials,1,2.0,Slightly weathered,70.0,350.0,160.0,200.0,60.0,4.0,rough,0.1,1 to 3mm thick silty clay materials,1,2.0,Slightly weathered,70.0,90.0,160.0,200.0,60.0,4.0,rough,0,None,0,0,0,2.2360679774997863,0.0,13.007690033207286,-30.0,50.0,0.0,52.15361924162076,-40.0,0.44721359549995726,0.0,0.4472135954999581,1.0,5.000000000000002,5.0,123.08533625091172,280.0,70.0,0.0,95.49869109050658,-40.0,0.5477225575051641,0.0,0.3535533905932738,1.0,4.183300132670378,5.0,13.416407864998739,20.0,49.99999999999967,0.0,52.15361924162078,-40.0,0.0,0.0,0.0,0.0,1.3333333333333333,200.0,4.0,22.6666666666667,0.13333333333333333,0,0,0,0.28807030000600486,0,0.154571117898228,0.25801000759344295,0.0038609640574304173,0.005619254619838675,0.003611702148500657,0.0,0.011227926
8068.0,70.0,280.0,190.0,200.0,100.0,4.0,Rough,0.1,Silty clay,1,1.0,Fresh,70.0,340.0,207.5,100.0,100.0,4.0,Rough,0.1,Silty clay,1,1.0,Fresh,65.0,90.0,137.5,200.0,100.0,4.0,Rough,0,None,0,0,0,2.7386127875258337,5.0,12.25561095988283,10.0,44.721359549995796,0.0,17.888543819996944,40.0,0.44721359549995726,0.0,0.44721359549995815,-1.0,4.472135954999581,0.0,123.08533625091172,-10.0,61.80614856144978,-100.0,17.88854381999832,40.0,0.5477225575051644,0.0,0.4183300132670378,-1.0,3.5355339059327378,-5.0,10.954451150103322,0.0,44.721359549995455,0.0,17.888543819997043,40.0,0.0,0.0,0.0,0.0,0.6666666666666666,166.66666666666666,4.0,16.000000000000032,-0.03333333333333335,0,0,0,0.2914039282634356,0,0.04952583184642554,0.27517983960653813,0.0018976320698664104,0.015328539775530172,0.008689760555863622,0.0,0.0013312103
8075.0,65.0,280.0,220.0,200.0,100.0,4.0,rough,0.1,1mm thick silty clay,1,1.0,Fresh,65.0,70.0,255.0,100.0,700.0,4.0,rough,0.1,1mm thick silty clay,1,2.0,Slightly Weathered,65.0,60.0,115.0,200.0,400.0,4.0,Rough,0,None,0,0,0,2.7386127875258337,-5.0,12.247448713915896,0.0,22.360679774997898,0.0,17.888543819996944,0.0,0.0,0.0,0.44721359549995815,0.0,4.1833001326703805,-5.0,149.76648490233055,-270.0,50.793700396801185,0.0,273.3495930123182,600.0,0.4472135954999563,0.0,0.5,1.0,3.5355339059327378,0.0,13.416407864998739,-30.0,22.36067977499728,0.0,139.7139935725837,300.0,0.0,0.0,0.0,0.0,1.0,166.66666666666666,4.0,16.000000000000032,0.033333333333333326,0,0,0,0.25457105277682374,0,0.16322271572745073,0.2766728175590542,0.014163024997450563,0.802255042358803,0.06100291211365845,0.0,0.0011695209
8078.5,60.0,260.0,250.0,200.0,250.0,4.0,rough,0.1,silty clay,1,1.0,Fresh,65.0,355.0,302.5,60.0,750.0,4.0,rough,0.1,silty clay,1,1.0,Fresh,65.0,100.0,92.5,150.0,350.0,4.0,rough,0,None,0,0,0,3.5355339059327306,-5.0,14.83239697419133,-20.0,0.0,0.0,73.62064927722356,150.0,0.0,0.0,0.44721359549995815,0.0,2.7386127875258346,0.0,152.54507530562893,285.0,64.18722614352485,-40.0,350.4568447041661,50.0,0.0,0.0,0.5477225575051661,-1.0,2.23606797749979,0.0,16.431676725154983,40.0,22.36067977499728,-50.0,159.74980438172676,-50.0,0.0,0.0,0.0,0.0,0.6666666666666666,136.66666666666666,4.0,-1.333333333333303,-0.03333333333333335,0,0,0,0.2922517943019051,0,0.21946460890532138,0.28274182025269723,0.023752095411706947,0.024055081183902503,0.012913883888388393,0.0,0.07859442
8082.5,60.0,70.0,280.0,100.0,400.0,5.0,very rough,0.1,Silty clay/clay,1,1.0,Fresh,60.0,80.0,350.0,100.0,800.0,5.0,very rough,0.1,Silty clay/clay,1,1.0,Fresh,50.0,65.0,70.0,100.0,300.0,5.0,very rough,0,None,0,0,0,4.183300132670368,0.0,90.93954035511726,-190.0,44.721359549995796,-100.0,141.84498581197704,150.0,0.447213595499958,1.0,0.44721359549995815,0.0,4.1833001326703805,-5.0,149.84992492490613,-275.0,52.1536192416212,40.0,368.94444026167406,50.0,0.44721359549995704,1.0,0.5477225575051661,0.0,7.582875444051551,-15.0,17.46424919657298,-35.0,44.721359549995455,-50.0,152.7088733505685,-50.0,0.4472135954999587,1.0,0.0,0.0,0.6666666666666666,100.0,5.0,-19.999999999999964,0.0,0,0,0,0.36762145816358954,0,0.24490593241108297,0.34325910436941004,0.009745429447695847,0.06631890691774334,0.060559320861751254,0.14285714285714285,0.0035846569
8085.5,65.0,270.0,285.0,100.0,500.0,4.0,rough,0.1,silty clay,1,1.0,Fresh,55.0,340.0,345.0,60.0,700.0,4.0,rough,0.1,silty clay,1,1.0,Fresh,70.0,90.0,70.0,100.0,500.0,4.0,Rough,0,None,0,0,0,4.183300132670368,5.0,90.93954035511726,200.0,54.772255750516614,0.0,178.88543819998316,100.0,0.447213595499958,-1.0,0.0,0.0,5.700877125495691,-5.0,148.054044186574,260.0,21.908902300206666,-40.0,288.09720581775866,-100.0,0.44721359549995704,-1.0,0.44721359549995787,0.0,7.582875444051551,20.0,17.46424919657298,25.0,49.99999999999967,0.0,148.3239697419132,200.0,0.4472135954999587,-1.0,0.0,0.0,0.6666666666666666,86.66666666666667,4.0,-22.666666666666632,-0.13333333333333333,0,0,0,0.3932444394264675,0,0.2562611145284009,0.3442552123295577,0.02743526525108255,0.14601018016908066,0.07142796811434902,0.14285714285714285,0.0059046843
8089.0,70.0,75.0,290.0,0.5,366.66666666666663,4.0,rough,0.1,None,0,1.0,Fresh,65.0,75.0,340.0,0.5,700.0,4.0,rough,0.1,None,0,1.0,Fresh,70.0,80.0,70.0,0.5,433.3333333333333,4.0,Rough,0,None,0,0,0,4.183300132670368,5.0,108.42047777057617,-195.0,83.48682530794903,-99.5,153.47819244295118,-133.33333333333337,0.447213595499958,0.0,0.0,0.0,4.472135954999581,10.0,149.39042807355497,-265.0,40.79276896706083,-59.5,44.721359549995796,0.0,0.44721359549995704,0.0,0.44721359549995787,0.0,8.215838362577491,0.0,16.73320053068151,-10.0,73.97668551645148,-99.5,76.73909622147552,-66.66666666666669,0.4472135954999587,0.0,0.0,0.0,0.6666666666666666,0.5,4.0,-33.2333333333333,0.0,0,0,0,0.38099473769393954,0,0.23480495169038956,0.4033814387308053,0.0059828020200114376,0.039323685285707066,0.034437895310639566,0.0,0.009295712
8093.5,50.0,75.0,280.0,50.25,233.33333333333331,3.5,"very rough, rough and slightly rough",0.1,None,0,1.0,Not Recorded,50.0,80.0,350.0,30.25,700.0,3.5,"very rough, rough and slightly rough",0.1,None,0,1.0,Not Recorded,50.0,55.0,665.0,50.25,366.66666666666663,3.5,"very rough, rough and slightly rough",0,None,0,0,0,7.416198487095651,-20.0,105.05950694725347,0.0,73.97668551645174,49.75,110.55415967851339,-133.33333333333331,0.5477225575051661,-0.5,0.0,0.0,6.51920240520265,-15.0,147.5381306645845,5.0,37.2162598873127,29.75,44.721359549995796,0.0,0.5477225575051653,-0.5,0.0,0.0,10.246950765959598,-20.0,18.23458252881047,-25.0,56.800528166558095,49.75,77.81745019952494,-66.66666666666669,0.5477225575051666,-0.5,0.0,0.0,0.6666666666666666,43.583333333333336,3.5,-24.616666666666628,-0.06666666666666668,0,0,0,0.42270555361379236,0,0.3218149982098703,0.4398034017861878,0.08733613288124135,0.22361829360698524,0.08148538322291998,0.0,0.10256802
8097.0,70.0,270.0,270.0,100.0,100.0,4.0,rough,0.1,silty clay,1,1.0,Fresh,55.0,350.0,345.0,60.0,700.0,4.0,rough,0.1,silty clay,1,1.0,Fresh,70.0,60.0,372.5,100.0,300.0,4.0,rough,0,None,0,0,0,8.366600265340749,20.0,107.73810839252748,195.0,44.497752752245816,49.75,155.63490039905005,-133.33333333333331,0.5477225575051661,0.5,0.0,0.0,5.700877125495691,5.0,146.11639196202458,270.0,37.2162598873127,29.75,44.721359549995796,0.0,0.5477225575051653,0.5,0.0,0.0,10.954451150103322,20.0,14.577379737113251,5.0,44.497752752245354,49.75,86.92269873603524,-66.66666666666663,0.5477225575051666,0.5,0.0,0.0,0.6666666666666666,86.66666666666667,4.0,-9.999999999999963,0.0,0,0,0,0.4308545052862214,0,0.40365363087124895,0.43449579978107766,0.02719742784814105,0.48137163079053724,0.28123003709758665,0.0,0.011507282
8101.0,65.0,70.0,260.0,15.0,0.5,3.5,"very rough, rough and slightly rough",2.0,Silty clay,1,3.0,Moderate,70.0,80.0,340.0,20.0,0.3,3.5,"very rough, rough and slightly rough",1.0,Silty clay,1,3.0,Moderate,60.0,70.0,80.0,10.0,0.2,3.5,"very rough, rough and slightly rough",0,None,0,0,0,8.215838362577488,-5.0,107.73810839252748,-200.0,46.43732335094262,-85.0,200.40526994623227,-99.5,0.2738612787525825,-0.5,0.8944271909999161,2.0,8.215838362577493,15.0,146.11639196202458,-270.0,25.904632790294485,-40.0,312.9153527713206,-699.7,0.27386127875258093,-0.5,0.8944271909999159,2.0,8.94427190999916,-10.0,14.317821063276353,10.0,47.50578912090564,-90.0,193.7099985946919,-299.8,0.2738612787525837,-0.5,0.0,0.0,2.0,15.0,3.5,-16.999999999999964,0.2666666666666667,0,0,0,0.17629799793419876,0,0.15181851540622987,0.16498894453262178,0.016767286608993914,0.01655227225186649,0.03582617613388729,0.0,0.007010152
8104.5,60.0,70.0,260.0,57.5,50.25,5.0,very rough,1.05,silty clay/clay,1,1.0,Fresh,65.0,75.0,350.0,40.0,35.15,5.0,very rough,0.55,silty clay/clay,1,1.0,Fresh,65.0,70.0,70.0,55.0,150.1,5.0,very rough,0,None,0,0,0,8.366600265340749,-5.0,88.36005885013884,0.0,39.01426021341428,42.5,148.90356685527118,49.75,0.6123724356957942,1.5,0.8944271909999161,-2.0,8.215838362577493,-5.0,121.89134505780139,-5.0,22.193467507354505,20.0,373.9004787373239,34.85,0.6123724356957936,1.5,0.8944271909999159,-2.0,8.366600265340756,5.0,9.746794344808963,0.0,39.814256240697944,45.0,174.71566488313388,149.9,0.6123724356957948,1.5,0.0,0.0,0.6666666666666666,50.833333333333336,5.0,-7.166666666666633,0.0,0,0,0,0.30255765301804094,0,0.4336519994633956,0.3000712007071586,0.03587685842226113,0.6332357357384392,0.01669003220192614,0.0,0.016578564
8111.0,65.0,290.0,260.0,100.0,100.0,4.0,Rough,0.1,None,0,1.0,Fresh,70.0,345.0,180.0,60.0,70.0,3.0,Rough to Slightly Rough,0.1,None,0,1.0,Fresh,70.0,75.0,110.0,100.0,300.0,4.0,Rough,0,None,0,0,0,7.582875444051541,5.0,114.34596626029271,220.0,36.13447107679868,42.5,86.75024815846662,49.75,0.6123724356957942,-1.0,0.8944271909999161,0.0,9.082951062292477,5.0,147.45338246374683,270.0,17.8469185015229,20.0,364.98618877979476,34.85,0.7582875444051543,-2.0,0.8944271909999159,0.0,8.366600265340756,5.0,8.215838362577491,5.0,37.99193993467507,45.0,147.8610729329693,149.9,0.6123724356957948,-1.0,0.0,0.0,0.6666666666666666,86.66666666666667,3.6666666666666665,17.23333333333337,0.0,0,0,0,0.2860178158388884,0,0.3437310567306689,0.28560711202895217,0.06769514933767845,0.14171538749291102,0.03785080786584754,0.0,0.6084087
8114.5,60.0,70.0,260.0,150.0,80.0,3.5,"very rough, rough and slightly rough",0.1,silty clay/clay,1,1.0,Fresh,65.0,350.0,10.0,330.0,135.0,3.5,"very rough, rough and slightly rough",0.1,silty clay/clay,1,1.0,Fresh,65.0,70.0,150.0,80.0,250.0,3.5,"very rough, rough and slightly rough",0,None,0,0,0,4.183300132670367,-5.0,115.23888232710347,-220.0,50.81830378908765,50.0,41.97082319897937,-20.0,0.6123724356957942,-0.5,0.8944271909999161,0.0,6.123724356957948,-5.0,148.36610124957792,5.0,128.53015210447703,270.0,290.46143117460525,65.0,0.7582875444051543,0.5,0.8944271909999159,0.0,4.183300132670378,-5.0,5.477225575051661,-5.0,37.81534080237753,-20.0,127.38723640930431,-50.0,0.6123724356957948,-0.5,0.0,0.0,0.6666666666666666,186.66666666666666,3.5,28.616666666666696,0.0,0,0,0,0.2738595743401798,0,0.2656731903471574,0.2651228056143139,0.027715484029842814,0.24878670918166548,0.024494308579220622,0.14285714285714285,0.023880797
8118.0,70.0,270.0,135.0,200.0,60.0,4.0,rough,0.1,None,0,1.0,Fresh,65.0,350.0,190.0,600.0,200.0,4.0,rough,0.1,1 to 3mm thick silty clay materials,1,1.0,Fresh,70.0,60.0,190.0,60.0,200.0,4.0,rough,0,None,0,0,0,4.183300132670367,10.0,115.23888232710347,200.0,73.19494518066121,50.0,37.47732647881895,-20.0,0.6123724356957942,0.5,0.8944271909999161,0.0,2.738612787525836,0.0,148.36610124957792,0.0,251.99206336708306,270.0,79.93962096482521,65.0,0.7582875444051543,0.5,0.8944271909999159,0.0,4.183300132670378,5.0,5.477225575051661,-10.0,33.615472627942594,-20.0,115.0239453331348,-50.0,0.6123724356957948,0.5,0.0,0.0,0.6666666666666666,286.6666666666667,4.0,40.000000000000036,0.0,0,0,0,0.25240282652986573,0,0.3529157711367291,0.2700501424542405,0.027096929589946805,0.5491454966971205,0.06429443028343303,0.0,0.13140886
8121.5,60.0,65.0,250.0,166.66666666666666,73.33333333333333,3.5,"very rough, rough and slightly rough",0.1,silty clay/clay,1,1.0,Fresh,65.0,75.0,350.0,433.33333333333337,166.66666666666666,3.5,"very rough, rough and slightly rough",0.1,silty clay/clay,1,1.0,Fresh,65.0,70.0,246.66666666666666,73.33333333333333,166.66666666666666,3.5,"very rough, rough and slightly rough",0,None,0,0,0,4.472135954999566,-10.0,116.1679818194325,-205.0,56.31138625733005,-33.33333333333334,19.13290504747098,13.333333333333329,0.6123724356957942,-0.5,0.0,0.0,2.236067977499796,0.0,149.72474745345207,-275.0,241.66551723864583,-166.66666666666663,67.9944977349061,-33.33333333333334,0.7582875444051543,-0.5,0.0,0.0,2.7386127875258306,-5.0,5.477225575051661,10.0,17.810733343188925,13.333333333333329,61.66352964993873,-33.33333333333334,0.6123724356957948,-0.5,0.0,0.0,0.6666666666666666,224.44444444444446,3.5,41.88888888888893,-0.2666666666666667,0,0,0,0.4133201988283484,0,0.2419016399637601,0.4288565251659197,0.011833392207618811,0.7595939093962273,0.054800741051568146,0.0,0.04174232
8125.0,70.0,270.0,275.0,133.33333333333331,86.66666666666667,4.0,rough,0.1,None,0,1.0,Fresh,60.0,80.0,340.0,266.6666666666667,133.33333333333331,4.0,rough,0.1,None,0,1.0,Fresh,75.0,80.0,303.3333333333333,86.66666666666667,133.33333333333331,4.0,rough,0,None,0,0,0,4.999999999999995,10.0,114.86949116279744,205.0,37.26779962499646,-33.33333333333334,14.907119849998113,13.333333333333343,0.2738612787525825,0.5,0.0,0.0,3.5355339059327417,-5.0,148.36610124957792,5.0,200.1055277153088,-166.66666666666669,48.154842839415664,-33.33333333333334,0.4183300132670363,0.5,0.0,0.0,4.183300132670378,10.0,7.416198487095663,10.0,14.907119849997267,13.333333333333343,66.24868971450586,-33.33333333333334,0.2738612787525837,0.5,0.0,0.0,0.6666666666666666,162.22222222222223,4.0,22.277777777777814,0.0,0,0,0,0.37792922346456825,0,0.2571209915450732,0.3754745631736929,0.004299806346317011,0.29122732210852087,0.05233854763397277,0.0,0.0033625208
8128.0,60.0,250.0,300.0,100.0,100.0,3.5,"very rough, rough and slightly rough",1.0,silty clay/clay,1,1.0,Fresh,65.0,70.0,330.0,100.0,100.0,3.5,"very rough, rough and slightly rough",1.0,silty clay/clay,1,1.0,Fresh,65.0,70.0,360.0,100.0,100.0,3.5,"very rough, rough and slightly rough",0,None,0,0,0,5.477225575051653,-10.0,107.58717395675006,-20.0,37.26779962499646,-33.333333333333314,14.907119849998113,13.333333333333329,0.2738612787525825,-0.5,0.0,0.0,2.236067977499796,5.0,150.66519173319364,-10.0,186.55353714744254,-166.66666666666669,37.86672535206633,-33.333333333333314,0.2738612787525808,-0.5,0.0,0.0,4.47213595499958,-10.0,7.0710678118654755,-10.0,14.907119849997267,13.333333333333329,58.21416398857647,-33.333333333333314,0.2738612787525837,-0.5,0.0,0.0,0.6666666666666666,100.0,3.5,2.6666666666667025,0.0,0,0,0,0.41390035754878357,0,0.3178037730261794,0.41563290782857576,0.024965138701412516,0.605197813507222,0.026325334265406626,0.0,0.010788287
8132.0,70.0,270.0,285.0,100.0,100.0,2.0,slightly rough,0.5,1 to 3mm thick silty clay materials,1,1.0,Fresh,60.0,350.0,340.0,100.0,100.0,4.0,rough,0.5,None,0,1.0,Fresh,65.0,90.0,270.0,100.0,100.0,4.0,rough,0,None,0,0,0,5.4772255750516585,10.0,89.86100377805714,20.0,43.46134936801763,0.0,17.384539747206656,0.0,0.8215838362577489,-1.5,0.0,0.0,2.738612787525836,-5.0,150.66519173319364,280.0,217.3067468400883,0.0,43.46134936801688,0.0,0.2738612787525808,0.5,0.0,0.0,4.47213595499958,0.0,11.40175425099138,20.0,17.384539747205935,0.0,43.46134936801749,0.0,0.2738612787525837,0.5,0.0,0.0,0.6666666666666666,100.0,3.3333333333333335,-17.333333333333293,0.0,0,0,0,0.42062610016722113,0,0.3403347992967537,0.43267852725402484,0.03411451681329679,0.6191635428950943,0.13140306397930981,0.14285714285714285,0.02151625
8139.0,60.0,270.0,270.0,100.0,100.0,3.0,rough to slightly rough,0.1,silty clay,1,1.0,Fresh,55.0,350.0,350.0,100.0,100.0,4.0,rough,0.1,silty clay,1,1.0,Fresh,70.0,180.0,180.0,100.0,100.0,4.0,rough,0,None,0,0,0,5.477225575051653,-10.0,89.86100377805714,0.0,29.81423969999715,0.0,11.925695879998305,0.0,0.7582875444051548,1.0,0.0,0.0,4.183300132670381,-5.0,150.66519173319364,0.0,149.07119849998605,0.0,29.81423969999599,0.0,0.2738612787525808,0.0,0.0,0.0,4.47213595499958,5.0,46.58325879540846,90.0,11.92569587999727,0.0,29.81423969999695,0.0,0.2738612787525837,0.0,0.0,0.0,0.6666666666666666,100.0,3.6666666666666665,-37.3333333333333,0.0,0,0,0,0.33703700157870053,0,0.12254125871902095,0.3568659638296928,0.004382905167878282,0.07888468755800244,0.021299276352285897,0.0,0.0011280468
8142.5,60.0,65.0,260.0,60.0,100.0,5.0,very rough,0.1,silty clay/clay,1,1.0,Fresh,65.0,75.0,350.0,60.0,100.0,5.0,very rough,0.1,silty clay/clay,1,1.0,Fresh,65.0,80.0,0.0,100.0,100.0,4.0,Very Rough to Slightly rough,0,None,0,0,0,5.477225575051653,0.0,89.86100377805714,-205.0,25.991451586157194,-40.0,5.96284793999832,0.0,1.1180339887498947,2.0,0.0,0.0,4.183300132670381,10.0,150.66519173319364,-275.0,80.88400473655001,-40.0,14.907119849996102,0.0,0.5477225575051651,1.0,0.0,0.0,4.47213595499958,-5.0,45.27692569068709,-100.0,5.962847939996268,0.0,14.907119849998116,0.0,0.2236067977499798,0.0,0.0,0.0,0.6666666666666666,73.33333333333333,4.666666666666667,-30.22222222222219,0.0,0,0,0,0.295546177070006,0,0.056066345712326326,0.28595870651653904,0.0019898726547820044,0.020686545865477704,0.008791176162473387,0.0,0.0024314206
8146.5,70.0,290.0,230.0,200.0,93.33333333333333,4.0,rough,0.4,silty clay,1,1.0,Not Recorded,60.0,340.0,350.0,200.0,93.33333333333333,4.0,rough,0.25,silty clay,1,1.0,Not Recorded,75.0,190.0,87.5,133.33333333333334,93.33333333333333,4.0,rough,0,None,0,0,0,5.477225575051653,10.0,92.76313923105448,225.0,52.153619241621165,140.0,2.981423969997506,-6.666666666666671,1.1180339887498947,-1.0,0.0,0.0,4.183300132670381,-5.0,150.23315213360866,265.0,52.15361924162141,140.0,2.9814239699870178,-6.666666666666671,0.5477225575051651,-1.0,0.0,0.0,4.47213595499958,10.0,58.05170109479997,110.0,14.907119849997368,33.33333333333334,2.9814239699973863,-6.666666666666671,0.2236067977499798,0.0,0.0,0.0,0.6666666666666666,177.7777777777778,4.0,3.111111111111151,0.0,0,0,0,0.28676154074773663,0,0.04353194917457797,0.28673513150952057,0.0016481864987196054,0.06664669426530753,0.06036526407510725,0.0,0.0021017382
8149.0,65.0,260.0,200.0,200.0,86.66666666666667,5.0,very rough,0.7,None,0,1.0,Not Recorded,65.0,350.0,350.0,200.0,86.66666666666667,5.0,very rough,0.4,None,0,1.0,Not Recorded,60.0,70.0,175.0,166.66666666666669,86.66666666666667,5.0,very rough,0,None,0,0,0,4.999999999999995,-5.0,93.43446901438462,-30.0,64.18722614352482,0.0,5.962847939998308,-6.666666666666657,1.3038404810405297,1.0,0.0,0.0,4.183300132670381,5.0,121.94260945215173,10.0,64.18722614352501,0.0,5.962847939993039,-6.666666666666657,0.5477225575051651,1.0,0.0,0.0,5.70087712549569,-15.0,58.05170109479997,-120.0,29.81423969999661,33.33333333333334,5.962847939998277,-6.666666666666657,0.4472135954999583,1.0,0.0,0.0,0.6666666666666666,188.8888888888889,5.0,17.77777777777782,0.0,0,0,0,0.24974142706558358,0,0.053471237855441105,0.23198154414341904,0.0011913241604456046,0.007875353878535158,0.00834623822380607,0.0,0.0007585511
8152.0,65.0,70.0,170.0,200.0,80.0,4.0,rough,1.0,silty clay,1,1.0,Fresh,65.0,70.0,350.0,200.0,80.0,4.0,rough,0.55,silty clay,1,1.0,Fresh,65.0,70.0,262.5,200.0,80.0,4.0,rough,0,None,0,0,0,4.183300132670367,0.0,113.26958991715296,-190.0,67.23094525588643,0.0,8.692269873602731,-6.666666666666671,0.8366600265340753,-1.0,0.0,0.0,4.472135954999582,0.0,150.23315213360866,-280.0,67.23094525588657,0.0,8.692269873599091,-6.666666666666671,0.5477225575051651,-1.0,0.0,0.0,5.70087712549569,5.0,61.40032573203501,0.0,43.46134936801727,33.333333333333314,8.692269873602742,-6.666666666666671,0.4472135954999583,-1.0,0.0,0.0,0.6666666666666666,200.0,4.0,20.000000000000036,0.0,0,0,0,0.31014788721775927,0,0.039855995963637494,0.297486487156261,0.0027116643093518834,0.008107866744016113,0.02044010627024003,0.0,0.00087762426
8155.0,65.0,260.0,140.0,200.0,73.33333333333333,5.0,very rough,1.0,None,0,1.0,Not Recorded,65.0,70.0,350.0,200.0,73.33333333333333,5.0,very rough,0.48571428571428577,None,0,1.0,Not Recorded,60.0,80.0,350.0,200.0,73.33333333333333,5.0,very rough,0,None,0,0,0,3.53553390593273,0.0,111.60197130875422,190.0,62.60990336999409,0.0,10.540925533893908,-6.666666666666671,0.5477225575051659,1.0,0.0,0.0,2.236067977499796,0.0,149.76648490233055,0.0,62.60990336999423,0.0,10.54092553389088,-6.666666666666671,0.5477225575051651,1.0,0.0,0.0,6.123724356957945,-5.0,51.67204273105525,10.0,43.46134936801728,0.0,10.540925533893953,-6.666666666666671,0.5477225575051664,1.0,0.0,0.0,0.6666666666666666,200.0,5.0,20.000000000000036,0.0,0,0,0,0.31009134304573804,0,0.04692020666291621,0.2939742116003281,0.0016083969967134147,0.02541665045809561,0.018022304589029953,0.0,0.0005326645
8158.0,70.0,270.0,165.0,200.0,66.66666666666666,5.0,very rough,1.0,None,0,1.0,Not Recorded,65.0,70.0,350.0,200.0,66.66666666666666,5.0,very rough,0.4214285714285715,None,0,1.0,Not Recorded,65.0,70.0,298.0,200.0,66.66666666666666,5.0,very rough,0,None,0,0,0,2.7386127875258324,5.0,90.27735042633894,10.0,0.0,0.0,10.540925533893871,-6.666666666666671,0.5477225575051659,0.0,0.0,0.0,2.236067977499796,0.0,150.66519173319364,0.0,0.0,0.0,10.540925533890807,-6.666666666666671,0.5477225575051651,0.0,0.0,0.0,6.123724356957945,5.0,52.72570530585627,-10.0,29.814239699996673,0.0,10.54092553389396,-6.666666666666671,0.5477225575051664,0.0,0.0,0.0,0.6666666666666666,200.0,5.0,25.33333333333337,0.0,0,0,0,0.31970779120880044,0,0.07309721951673989,0.29614068148007494,0.0020539091706108163,0.0034429032181415757,0.014689926220224648,0.0,0.0008457022
8161.5,65.0,75.0,190.0,200.0,60.0,4.0,rough,1.0,silty clay,1,1.0,Not Recorded,60.0,75.0,350.0,200.0,60.0,4.0,rough,0.35714285714285715,silty clay,1,1.0,Not Recorded,65.0,75.0,246.0,200.0,60.0,4.0,rough,0,None,0,0,0,2.236067977499785,-5.0,104.61835403025609,-195.0,0.0,0.0,10.540925533893832,-6.666666666666657,0.5477225575051659,-1.0,0.0,0.0,2.236067977499796,-5.0,124.6795893480565,5.0,0.0,0.0,10.540925533890729,-6.666666666666657,0.5477225575051651,-1.0,0.0,0.0,2.7386127875258306,0.0,4.47213595499958,5.0,14.907119849997592,0.0,10.540925533893965,-6.666666666666657,0.5477225575051664,-1.0,0.0,0.0,0.6666666666666666,200.0,4.0,4.444444444444477,0.0,0,0,0,0.4084940900674093,0,0.1425081272858654,0.39515592136138855,0.005556746633242108,0.04393112391156065,0.031706659343984436,0.14285714285714285,0.009423257
8165.0,65.0,270.0,215.0,200.0,70.0,4.0,rough,1.0,silty clay,1,1.0,Not Recorded,55.0,350.0,350.0,165.0,70.0,4.0,rough,0.29285714285714287,silty clay,1,1.0,Not Recorded,70.0,60.0,194.0,200.0,70.25,4.0,Not Recorded,0,None,0,0,0,2.236067977499785,0.0,106.44247272588137,195.0,0.0,0.0,7.453559924998187,10.0,0.5477225575051659,0.0,0.0,0.0,4.472135954999582,-5.0,124.6795893480565,275.0,15.652475842498905,-35.0,7.453559924993768,10.0,0.5477225575051651,0.0,0.0,0.0,3.5355339059327378,5.0,7.416198487095663,-15.0,0.0,0.0,7.454398403328217,10.25,0.5477225575051664,0.0,0.0,0.0,0.6666666666666666,188.33333333333334,4.0,-0.11111111111107733,0.0,0,0,0,0.37396749043467425,0,0.044995021901852374,0.3371652125593612,0.005010041321035876,0.013894519627565476,0.013493338538731081,0.0,0.0010262482
8169.5,65.0,270.0,240.0,200.0,80.0,4.0,rough,1.0,None,0,1.0,Fresh,60.0,340.0,350.0,130.0,80.0,4.0,rough,0.2285714285714286,None,0,1.0,Fresh,70.0,70.0,142.0,200.0,80.5,4.0,Rough,0,None,0,0,0,2.236067977499785,0.0,86.1974477580398,0.0,0.0,0.0,7.453559924998187,10.0,0.5477225575051659,0.0,0.0,0.0,4.183300132670381,5.0,149.76648490233055,-10.0,31.304951684997274,-35.0,7.453559924993768,10.0,0.5477225575051651,0.0,0.0,0.0,4.183300132670378,0.0,7.416198487095663,10.0,0.0,0.0,7.622700017417864,10.25,0.5477225575051664,0.0,0.0,0.0,0.6666666666666666,176.66666666666666,4.0,-4.666666666666631,0.0,0,0,0,0.37786059004531275,0,0.10242997495264965,0.3390901300903328,0.002263213905327389,0.010902112716865475,0.023485475853803346,0.0,0.0023167469
8174.0,60.0,70.0,265.0,200.0,90.0,5.0,very rough,1.0,None,0,1.0,Not Recorded,60.0,70.0,350.0,95.0,90.0,5.0,very rough,0.16428571428571426,None,0,1.0,Not Recorded,65.0,70.0,90.0,200.0,90.75,4.0,Not Recorded,0,None,0,0,0,3.53553390593273,-5.0,108.18964830333815,-200.0,0.0,0.0,11.785113019775105,10.0,0.5477225575051659,1.0,0.0,0.0,3.5355339059327417,0.0,149.76648490233055,-270.0,45.63441683641872,-35.0,11.78511301977233,10.0,0.5477225575051651,1.0,0.0,0.0,2.7386127875258306,-5.0,5.477225575051661,0.0,0.0,0.0,12.103517624594744,10.25,0.4472135954999583,0.0,0.0,0.0,0.6666666666666666,165.0,4.666666666666667,-6.999999999999963,0.0,0,0,0,0.3661614705722289,0,0.06079350136953137,0.3493387165649038,0.05269820791554147,0.04275931780225724,0.009574814130341351,0.0,0.0045237867
8178.0,65.0,270.0,270.0,200.0,100.0,4.0,rough,1.0,silty clay,1,1.0,Fresh,65.0,340.0,340.0,60.0,100.0,4.0,rough,0.1,Silty Clay,1,1.0,Fresh,70.0,60.0,200.0,200.0,101.0,4.0,Rough,0,None,0,0,0,2.2360679774997707,5.0,108.18964830333815,200.0,0.0,0.0,15.811388300841408,10.0,0.4472135954999577,-1.0,0.0,0.0,3.5355339059327417,5.0,148.4082207965583,270.0,55.33985905294682,-35.0,15.811388300839369,10.0,0.44721359549995676,-1.0,0.0,0.0,2.7386127875258306,5.0,6.708203932499369,-10.0,0.0,0.0,16.206673008362525,10.25,0.0,0.0,0.0,0.0,0.6666666666666666,153.33333333333334,4.0,-9.333333333333295,0.0,0,0,0,0.37497786354439694,0,0.14274097761897983,0.36994320675050024,0.006828860561868376,0.053256678869933516,0.047545697904548344,0.0,0.01860844
8181.5,65.0,75.0,330.0,200.0,350.0,5.0,very rough,0.775,None,0,1.0,Not Recorded,65.0,75.0,330.0,130.0,350.0,5.0,very rough,0.1,None,0,1.125,Not Recorded,70.0,70.0,100.0,200.0,350.5,4.0,Not Recorded,0,None,0,0,0,2.2360679774997707,0.0,108.18964830333815,-195.0,0.0,0.0,119.0378091196238,250.0,0.5477225575051659,1.0,0.0,0.0,4.183300132670381,0.0,148.4082207965583,-265.0,39.90613987847011,70.0,119.03780911962356,250.0,0.5477225575051651,1.0,0.05590169943749479,0.125,2.23606797749979,0.0,5.477225575051661,10.0,0.0,0.0,119.0087444266176,249.5,0.0,0.0,0.0,0.0,0.7083333333333334,176.66666666666666,4.666666666666667,-4.666666666666631,0.008333333333333349,0,0,0,0.4307332819893418,0,0.30085006456170704,0.4421161650738202,0.04897284460655681,0.04425415217686988,0.08559352536237382,0.14285714285714285,0.0092514865
8185.5,65.0,70.0,280.0,200.0,600.0,4.0,rough,0.55,silty clay,1,1.0,Not Recorded,60.0,80.0,350.0,200.0,600.0,4.0,rough,0.1,silty clay,1,1.25,Not Recorded,70.0,60.0,0.0,200.0,600.0,4.0,rough,0,None,0,0,0,2.2360679774997707,0.0,108.65081684000356,-5.0,0.0,0.0,228.7575135378071,250.0,0.5477225575051659,-1.0,0.0,0.0,2.738612787525836,-5.0,145.1895313030523,5.0,51.91338940966984,70.0,228.75751353780703,250.0,0.5477225575051651,-1.0,0.11180339887498952,0.125,2.23606797749979,0.0,5.477225575051661,-10.0,0.0,0.0,228.44230672097493,249.5,0.0,0.0,0.0,0.0,0.75,200.0,4.0,2.3333333333333686,0.016666666666666673,0,0,0,0.41994452480144995,0,0.2574314327592191,0.43720524642960157,0.008398915962249898,0.04346857955618219,0.08732473978658431,0.0,0.0032100452
8189.5,65.0,75.0,340.0,200.0,350.0,5.0,very rough,0.32499999999999996,None,0,1.0,Not Recorded,60.0,70.0,270.0,150.0,350.0,5.0,very rough,0.1,None,0,1.375,Not Recorded,60.0,90.0,0.0,200.0,350.0,5.0,very rough,0,None,0,0,0,2.2360679774997707,0.0,88.36005885013884,5.0,0.0,0.0,211.58922467838482,-250.0,0.5477225575051659,1.0,0.0,0.0,2.738612787525836,0.0,119.14277149705728,-10.0,53.33854141237854,-50.0,211.5892246783847,-250.0,0.5477225575051651,1.0,0.16298006013006627,0.125,4.47213595499958,-10.0,12.24744871391589,30.0,0.0,0.0,211.20179923476027,-250.0,0.4472135954999583,1.0,0.0,0.0,0.7916666666666666,183.33333333333334,5.0,1.3333333333333741,0.025,0,0,0,0.39580091296701675,0,0.20156939230746285,0.40574362524882157,0.006666021339821817,0.015014604821504837,0.01191605416902422,0.0,0.0056766593
8193.5,65.0,290.0,340.0,200.0,100.0,4.0,rough,0.1,2mm thick silty clay,1,1.0,Fresh,60.0,330.0,305.0,100.0,100.0,4.0,rough,0.1,2mm thick silty clay,1,1.5,Fresh to Slightly Weathered,60.0,60.0,0.0,200.0,100.0,3.0,Rough to slightly rough,0,None,0,0,0,0.0,0.0,113.43500341605319,215.0,0.0,0.0,209.1650066335189,-250.0,0.5477225575051659,-1.0,0.0,0.0,2.738612787525836,0.0,142.4956139675885,260.0,52.630789467763265,-50.0,209.16500663351883,-250.0,0.5477225575051651,-1.0,0.19764235376052375,0.125,5.477225575051661,0.0,13.038404810405298,-30.0,0.0,0.0,208.95621550937406,-250.0,0.7071067811865478,-2.0,0.0,0.0,0.8333333333333334,166.66666666666666,3.6666666666666665,0.3333333333333684,0.03333333333333335,0,0,0,0.36300030633902486,0,0.18545068887774888,0.3510912052510981,0.0029171536697656974,0.026730685168537518,0.055833803625046474,0.0,0.009124939
8197.0,65.0,70.0,340.0,100.0,100.0,4.0,rough,0.1,silty clay/clay,1,1.0,Fresh,70.0,75.0,340.0,100.0,100.0,4.0,rough,0.1,silty clay/clay,1,1.0,Fresh,60.0,80.0,0.0,100.0,100.0,4.0,Rough,0,None,0,0,0,0.0,0.0,97.30107913070646,-220.0,44.72135954999576,-100.0,209.1650066335189,0.0,0.5477225575051659,0.0,0.0,0.0,4.472135954999582,10.0,114.09425927714332,-255.0,41.59326868617107,0.0,209.16500663351883,0.0,0.5477225575051651,0.0,0.19764235376052375,-0.5,5.477225575051661,0.0,13.038404810405298,20.0,44.72135954999545,-100.0,209.19500472047602,0.0,0.7071067811865478,1.0,0.0,0.0,0.6666666666666666,100.0,4.0,-10.666666666666632,0.0,0,0,0,0.420542812611963,0,0.3527287320810978,0.4027937534204903,0.019473984457538954,0.021438385940205723,0.11777429569882916,0.14285714285714285,0.010023412
8201.0,70.0,270.0,313.3333333333333,100.0,200.0,4.0,rough,0.1,up to 2mm thick silty clay,1,1.0,Fresh,65.0,350.0,336.6666666666667,100.0,333.33333333333337,4.0,rough,0.1,up to 2mm thick silty clay,1,1.5,Fresh to Slightly Weathered,60.0,90.0,0.0,100.0,200.0,4.0,Rough,0,None,0,0,0,2.236067977499785,5.0,114.34596626029271,200.0,54.772255750516585,0.0,210.9502310972899,100.0,0.4472135954999577,0.0,0.0,0.0,4.472135954999582,-5.0,145.3616180427282,275.0,44.721359549996016,0.0,208.2999973329065,233.33333333333337,0.44721359549995676,0.0,0.20916500663351895,0.5,4.47213595499958,0.0,15.165750888103101,10.0,54.77225575051632,0.0,210.95023109728982,100.0,0.7071067811865478,0.0,0.0,0.0,0.8333333333333334,100.0,4.0,-15.333333333333295,0.025,0,0,0,0.34091260068122947,0,0.28277330532208034,0.37339383946759197,0.01632749332427056,0.43144664482088446,0.08410540674846428,0.14285714285714285,0.0053547258
8205.0,65.0,310.0,286.6666666666667,100.0,300.0,4.0,rough,0.1,2mm thick silty clay,1,1.0,Fresh,60.0,340.0,333.3333333333333,100.0,566.6666666666667,4.0,rough,0.1,2mm thick silty clay,1,1.5,Fresh to Slightly Weathered,50.0,60.0,0.0,100.0,300.0,3.0,Rough to slightly rough,0,None,0,0,0,2.236067977499785,-5.0,119.97916485790356,40.0,54.772255750516585,0.0,114.01754250991385,100.0,0.4472135954999577,0.0,0.0,0.0,4.472135954999582,-5.0,146.696966567138,-10.0,22.36067977499841,0.0,196.35568633364184,233.33333333333337,0.44721359549995676,0.0,0.21650635094610973,0.0,4.47213595499958,-10.0,15.165750888103101,-30.0,54.772255750516315,0.0,114.0175425099137,100.0,0.8366600265340757,-1.0,0.0,0.0,0.8333333333333334,100.0,3.6666666666666665,-19.999999999999964,0.016666666666666673,0,0,0,0.4240004057795874,0,0.4072832946279768,0.3993667029895723,0.04015904271429803,0.27435348097281126,0.11572551252665897,0.0,0.15074916
8209.0,65.0,70.0,260.0,100.0,400.0,3.5,"very rough, rough and slightly rough",1.0,silty clay/clay,1,1.0,Fresh,65.0,75.0,330.0,100.0,800.0,3.5,"very rough, rough and slightly rough",1.0,silty clay/clay,1,1.0,Fresh,60.0,65.0,0.0,100.0,400.0,3.5,"very rough, rough and slightly rough",0,None,0,0,0,2.236067977499785,0.0,121.32600710482481,-240.0,44.72135954999576,0.0,130.38404810405302,100.0,0.22360679774997858,-0.5,0.0,0.0,4.183300132670381,5.0,145.31861546271352,-265.0,0.0,0.0,304.2294455761236,233.33333333333326,0.22360679774997672,-0.5,0.27386127875258315,-0.5,4.47213595499958,10.0,13.416407864998739,5.0,44.72135954999541,0.0,130.38404810405288,100.0,0.5000000000000002,0.5,0.0,0.0,0.6666666666666666,100.0,3.5,-16.666666666666632,-0.025,0,0,0,0.46023812477074444,0,0.4651296021582351,0.39802717398591314,0.15396052625314113,0.6037744036924388,0.061413655409238176,0.0,0.83444923
8213.0,65.5,350.0,260.0,100.0,100.0,3.0,Rough to Slightly Weathered,0.1,None,0,1.5,Fresh to Slightly Weathered,70.0,0.0,333.3333333333333,200.0,100.0,3.0,Rough to Slightly Weathered,0.1,None,0,1.5,Fresh to Slightly Weathered,70.0,0.0,16.363636363636363,200.0,100.0,3.0,Rough to Slightly Weathered,0,None,0,0,0,2.1908902300206607,0.5,134.46189051177288,280.0,0.0,0.0,130.38404810405302,-300.0,0.44721359549995776,-0.5,0.22360679774997955,0.5,4.183300132670381,5.0,164.4916411250128,-75.0,44.72135954999604,100.0,304.2294455761236,-700.0,0.4472135954999568,-0.5,0.27386127875258315,0.5,7.0710678118654755,10.0,35.07135583350036,-65.0,44.72135954999541,100.0,130.38404810405288,-300.0,0.5000000000000002,-0.5,0.0,0.0,1.0,166.66666666666666,3.0,3.694822225952521e-14,0.033333333333333326,0,0,0,0.2899097855397963,0,0.1316482223016605,0.2973778796021093,0.004082694593863406,0.33902213185567537,0.037477055152505864,0.0,0.00138639
8217.0,65.0,260.0,260.0,100.0,600.0,3.5,"very rough, rough and slightly rough",1.0,silty clay/clay,1,1.0,Fresh,70.0,340.0,336.6666666666667,100.0,1000.0,3.5,"very rough, rough and slightly rough",1.0,silty clay/clay,1,1.0,Fresh,60.0,80.0,32.72727272727273,100.0,400.0,4.0,Rough,0,None,0,0,0,2.1908902300206607,-0.5,107.79610382569493,-90.0,0.0,0.0,192.3538406167135,500.0,0.4183300132670376,0.5,0.22360679774997955,-0.5,4.183300132670381,0.0,169.64669168598604,340.0,44.72135954999604,-100.0,358.54644825399623,900.0,0.4183300132670366,0.5,0.27386127875258315,-0.5,7.0710678118654755,-10.0,35.07135583350036,80.0,44.72135954999541,-100.0,130.38404810405288,300.0,0.5000000000000002,1.0,0.0,0.0,0.6666666666666666,100.0,3.6666666666666665,3.694822225952521e-14,0.0,0,0,0,0.3521078511120783,0,0.25864867179778933,0.39186085628522355,0.03764482650864878,0.7279737508403924,0.1390545619741389,0.0,0.006854952
8221.5,65.0,70.0,260.0,150.0,533.3333333333334,5.0,very rough,0.75,silty clay/clay,1,1.0,Fresh,70.0,75.0,340.0,150.0,933.3333333333334,2.0,slightly rough,0.75,silty clay/clay,1,1.0,Fresh,60.0,80.0,49.09090909090909,150.0,400.0,4.5,Very Rough to Rough,0,None,0,0,0,0.22360679774992692,0.0,133.49157276772192,-190.0,22.360679774997838,50.0,198.0460103668394,-66.66666666666663,0.758287544405155,1.5,0.22360679774997955,0.0,4.472135954999582,0.0,161.76371657451494,-265.0,44.72135954999602,50.0,364.0817978910174,-66.66666666666663,0.7582875444051544,-1.5,0.27386127875258315,0.0,7.0710678118654755,0.0,33.090784215548595,0.0,44.72135954999542,50.0,130.38404810405288,0.0,0.651920240520265,0.5,0.0,0.0,0.6666666666666666,150.0,3.8333333333333335,10.000000000000037,-0.03333333333333335,0,0,0,0.43913395297002317,0,0.34939027459169864,0.4622275588592863,0.003350417566491501,0.37805133895337134,0.473620228219823,0.2857142857142857,0.16693619
8226.0,60.0,280.0,265.0,200.0,466.66666666666663,4.0,rough,0.5,2mm thick silty clay,1,1.0,Fresh,60.0,340.0,340.0,200.0,866.6666666666666,4.0,rough,0.5,2mm thick silty clay,1,1.5,Fresh to Slightly Weathered,60.0,340.0,65.45454545454545,200.0,400.0,4.0,rough,0,None,0,0,0,2.3021728866442612,-5.0,128.56904759700134,210.0,44.72135954999576,50.0,193.79255804998186,-66.66666666666674,0.758287544405155,-1.0,0.22360679774997955,0.0,4.472135954999582,-10.0,161.76371657451494,265.0,50.00000000000018,50.0,365.4525352977534,-66.66666666666674,0.7582875444051544,2.0,0.27386127875258315,0.5,4.47213595499958,0.0,131.12970677920393,260.0,49.99999999999968,50.0,134.1640786499873,0.0,0.5700877125495692,-0.5,0.0,0.0,0.8333333333333334,200.0,4.0,20.000000000000036,0.0,0,0,0,0.20940654496355865,0,0.11268702386656496,0.22776172703892356,0.0037971681528732796,0.05782567932148825,0.023300594441955248,0.14285714285714285,0.0031283216
8229.0,65.0,70.0,270.0,100.0,400.0,5.0,very rough,1.3,silty clay/clay,1,1.0,Fresh,70.0,340.0,340.0,800.0,800.0,2.0,slightly rough,1.3,silty clay/clay,1,1.0,Fresh,60.0,70.0,81.81818181818181,700.0,400.0,4.5,Very Rough to Rough,0,None,0,0,0,2.3021728866442612,5.0,128.56904759700134,-210.0,44.72135954999576,-100.0,193.79255804998186,-66.66666666666663,0.8944271909999159,1.0,0.22360679774997955,0.0,4.472135954999582,10.0,167.79451719290475,0.0,288.09720581775866,600.0,365.4525352977534,-66.66666666666663,0.8944271909999154,-2.0,0.27386127875258315,-0.5,4.47213595499958,0.0,130.69047402163633,-270.0,243.9262183530093,500.0,134.1640786499873,0.0,0.6123724356957947,0.5,0.0,0.0,0.6666666666666666,533.3333333333334,3.8333333333333335,86.66666666666671,0.0,0,0,0,0.2424049077759232,0,0.20160961722263163,0.2708190310453825,0.011758010927549295,0.00037700613373706796,0.054818910507364926,0.0,0.006001354
8232.0,65.0,280.0,270.0,133.33333333333334,475.0,4.0,rough,0.1,3mm thick silty clay,1,1.0,Fresh,65.0,340.0,340.0,600.0,800.0,4.0,rough,0.1,3mm thick silty clay,1,1.5,Fresh to Slightly Weathered,50.0,60.0,98.18181818181819,550.0,400.0,3.0,Rough to slightly rough,0,None,0,0,0,2.2360679774997827,0.0,111.66915420114903,210.0,41.49966532662908,33.33333333333334,75.36946036396705,75.0,0.670820393249937,-1.0,0.0,0.0,4.472135954999582,-5.0,118.51160280748887,0.0,311.44823004794875,-200.0,86.92269873603624,0.0,1.0246950765959595,2.0,0.27386127875258315,0.5,4.47213595499958,-10.0,119.91663771137014,-10.0,267.8619047195774,-150.0,0.0,0.0,0.6123724356957947,-1.5,0.0,0.0,0.8333333333333334,427.7777777777778,3.6666666666666665,52.222222222222264,-0.033333333333333326,0,0,0,0.23579757223428113,0,0.17748244635502458,0.2847613894632561,0.012633384089316383,0.00044124882721306117,0.01527888811473755,0.0,0.0050451723
8235.0,70.0,280.0,270.0,166.66666666666669,550.0,5.0,"very rough, rough and smooth",0.1,silty clay/clay,1,1.0,Fresh,65.0,340.0,340.0,400.0,800.0,3.5,"very rough, rough and slightly rough",0.1,silty clay/clay,1,1.0,Fresh,60.0,90.0,114.54545454545455,400.0,400.0,4.5,Very Rough to Rough,0,None,0,0,0,3.5355339059327338,5.0,115.02173707608489,0.0,37.267799624996464,33.33333333333334,59.62847939999477,75.0,0.5477225575051664,1.0,0.0,0.0,4.183300132670381,0.0,118.51160280748887,0.0,272.9468812791236,-200.0,59.62847939999566,0.0,1.0246950765959595,-0.5,0.27386127875258315,-0.5,4.47213595499958,10.0,119.03780911962384,30.0,231.84046238739253,-150.0,0.0,0.0,0.6519202405202651,1.5,0.0,0.0,0.6666666666666666,322.22222222222223,4.333333333333333,44.44444444444448,0.0,0,0,0,0.26196754671628464,0,0.18020430730262424,0.2510190045145598,0.010689096478738572,0.000712337980020851,0.007798590616216025,0.0,0.0040700817
8237.5,60.0,280.0,270.0,200.0,625.0,4.0,Rough,0.1,None,0,1.0,Fresh,65.0,340.0,340.0,200.0,800.0,3.0,Rough to slightly rough,0.1,None,0,1.5,Fresh to Slightly Weathered,60.0,70.0,130.9090909090909,250.0,400.0,4.0,Rough,0,None,0,0,0,4.183300132670374,-10.0,93.91485505499116,0.0,43.46134936801763,33.333333333333314,86.32142775052401,75.0,0.5477225575051664,-1.0,0.0,0.0,3.5355339059327417,0.0,0.0,0.0,260.76809620810593,-200.0,29.814239699999565,0.0,0.836660026534075,-0.5,0.27386127875258315,0.5,4.47213595499958,0.0,120.124934963562,-20.0,207.96634343085415,-150.0,0.0,0.0,0.6123724356957947,-0.5,0.0,0.0,0.8333333333333334,216.66666666666666,3.6666666666666665,13.333333333333366,0.03333333333333335,0,0,0,0.2736182160933766,0,0.18827048452772896,0.31724686598858043,0.006493667031414091,0.003931214998627061,0.0074378958171696305,0.0,0.011098694
8242.0,60.0,270.0,270.0,100.0,700.0,4.0,rough,1.2,silty clay/clay,1,1.0,Fresh,70.0,340.0,340.0,100.0,800.0,2.0,slightly rough,1.3,silty clay/clay,1,1.0,Fresh,65.0,90.0,147.27272727272728,100.0,400.0,5.0,very rough,0,None,0,0,0,4.183300132670374,0.0,92.89779329994873,-10.0,43.46134936801763,-100.0,118.58541225631447,75.0,0.5477225575051664,0.0,0.0,0.0,2.738612787525836,5.0,0.0,0.0,286.35642126552705,-100.0,0.0,0.0,0.8944271909999153,-1.0,0.27386127875258315,-0.5,5.477225575051661,5.0,13.416407864998739,20.0,237.1708245126284,-150.0,0.0,0.0,0.7582875444051553,1.0,0.0,0.0,0.6666666666666666,100.0,3.6666666666666665,-19.999999999999964,-0.03333333333333335,0,0,0,0.4188589573616203,0,0.39149770186932625,0.4476214088412782,0.159663188310032,0.5944160792318309,0.17574083391828332,0.14285714285714285,0.12183533
8244.5,60.0,310.0,270.0,100.0,400.0,4.0,rough,0.1,silty clay,1,1.0,Fresh,65.0,340.0,340.0,100.0,450.0,4.0,rough,1.0,silty clay,1,1.5,Fresh to Slightly Weathered,60.0,80.0,163.63636363636363,100.0,250.0,4.0,Rough,0,None,0,0,0,4.472135954999576,0.0,15.165750888103101,40.0,43.46134936801763,0.0,118.58541225631447,-300.0,0.4472135954999583,0.0,0.0,0.0,2.236067977499796,-5.0,0.0,0.0,216.79483388678804,0.0,156.52475842498566,-350.0,0.8366600265340749,2.0,0.27386127875258315,0.5,5.477225575051661,-5.0,13.038404810405298,-10.0,195.5760721560794,0.0,67.08203932499353,-150.0,0.7416198487095664,-1.0,0.0,0.0,0.8333333333333334,100.0,4.0,-86.66666666666664,0.03333333333333335,0,0,0,0.4121277687603406,0,0.43733424996284803,0.43551632476676694,0.017712845278895023,0.9380582677584379,0.27664474351553947,0.42857142857142855,0.09926544
8248.0,65.0,70.0,270.0,100.0,100.0,5.0,very rough,0.1,silty clay/clay,1,1.0,Fresh,70.0,75.0,340.0,100.0,100.0,2.0,slightly rough,0.1,silty clay/clay,1,1.0,Fresh,65.0,90.0,180.0,100.0,100.0,3.0,Rough to Slightly rough,0,None,0,0,0,4.472135954999576,5.0,97.3139250056229,-240.0,47.14045207910314,0.0,237.17082451262854,-300.0,0.5477225575051664,1.0,0.0,0.0,2.738612787525836,5.0,118.51160280748887,-265.0,130.3840481040531,0.0,313.0495168499707,-350.0,0.8944271909999153,-2.0,0.27386127875258315,-0.5,2.7386127875258306,5.0,8.94427190999916,10.0,134.16407864998726,0.0,134.1640786499873,-150.0,0.7416198487095664,-1.0,0.0,0.0,0.6666666666666666,100.0,3.3333333333333335,-65.55555555555553,-0.03333333333333335,0,0,0,0.47386572192960275,0,0.4614874707262474,0.4536008150377395,0.05701088906065283,0.9326751976878651,0.25012520471410726,0.14285714285714285,0.053249907
8251.5,60.0,290.0,265.0,200.0,400.0,4.0,rough,0.7,silty clay,1,1.0,Not Recorded,50.0,340.0,340.0,60.0,550.0,4.0,rough,0.7999999999999999,silty clay,1,1.0,Not Recorded,60.0,50.0,140.0,60.0,350.0,4.0,Rough Surfaces,0,None,0,0,0,2.236067977499783,-5.0,98.38699100999075,220.0,54.77225575051659,100.0,234.787137637478,300.0,0.4472135954999583,-1.0,0.0,0.0,8.215838362577493,-20.0,118.51160280748887,265.0,52.15361924162163,-40.0,290.25850547399995,450.0,0.9999999999999994,2.0,0.27386127875258315,0.0,2.7386127875258306,-5.0,16.73320053068151,-40.0,73.62064927722365,-40.0,127.47548783981954,250.0,0.7071067811865476,1.0,0.0,0.0,0.6666666666666666,106.66666666666667,4.0,-43.11111111111107,0.0,0,0,0,0.43758488001620144,0,0.26592949157264445,0.4308007645919221,0.015335529680425446,0.6285113947854706,0.08175274017452504,0.2857142857142857,0.002443668
8255.5,65.0,70.0,260.0,100.0,700.0,3.5,"very rough, rough and slightly rough",1.3,silty clay/clay,1,1.0,Fresh,70.0,75.0,340.0,60.0,1000.0,3.5,"very rough, rough and slightly rough",1.5,silty clay/clay,1,1.0,Fresh,65.0,90.0,100.0,100.0,600.0,3.0,Rough to Slightly rough,0,None,0,0,0,2.7386127875258253,5.0,121.32600710482481,-220.0,44.72135954999575,-100.0,250.99800796022276,300.0,0.5477225575051664,-0.5,0.0,0.0,8.660254037844387,20.0,145.14647773886904,-265.0,21.908902300207775,0.0,343.8749772809881,450.0,1.0246950765959593,-0.5,0.22360679774997905,0.0,2.7386127875258306,5.0,17.320508075688775,40.0,17.888543819997505,40.0,185.0675552332174,250.0,0.8366600265340756,-1.0,0.0,0.0,0.6666666666666666,86.66666666666667,3.3333333333333335,-25.999999999999964,-0.03333333333333335,0,0,0,0.4894777751380441,0,0.469355380092132,0.4837053154295931,0.04050826634247871,0.4115952351386079,0.3759801066050079,0.42857142857142855,0.04211258
8259.5,65.0,280.0,295.0,100.0,400.0,4.0,Rough,0.7000000000000001,Silty Clay,1,1.5,Fresh to Slightly Weathered,60.0,340.0,335.0,80.0,550.0,3.0,Rough to slightly rough,0.8,Silty Clay,1,1.5,Fresh to Slightly Weathered,60.0,340.0,100.0,150.0,350.0,4.0,Rough,0,None,0,0,0,2.7386127875258253,0.0,122.80065146407001,210.0,44.72135954999575,0.0,212.13203435596432,-300.0,0.5477225575051664,0.5,0.22360679774997955,0.5,8.366600265340757,-10.0,145.14647773886904,265.0,20.00000000000125,20.0,321.32538026119266,-450.0,0.8366600265340749,-0.5,0.27386127875258315,0.5,2.7386127875258306,-5.0,118.53269591129698,250.0,31.937438845342168,50.0,182.34582528810463,-250.0,0.547722557505166,1.0,0.0,0.0,1.0,110.0,3.6666666666666665,2.000000000000034,0.06666666666666668,0,0,0,0.2109530825570612,0,0.16751664111331258,0.2242838114371311,0.00514518997653661,0.03321906327103118,0.015623397497515196,0.0,0.0047824862
8282.0,65.0,270.0,330.0,100.0,100.0,4.0,rough,0.1,3mm thick silty clay,1,1.0,Fresh,60.0,310.0,330.0,100.0,100.0,4.0,rough,0.1,3mm thick silty clay,1,1.5,Fresh to Slightly Weathered,65.0,80.0,100.0,200.0,100.0,3.0,Rough to slightly rough,0,None,0,0,0,2.236067977499783,0.0,115.23888232710347,-10.0,44.72135954999575,0.0,250.99800796022268,-300.0,0.5477225575051664,0.0,0.22360679774997955,-0.5,8.366600265340757,0.0,140.20520675067672,-30.0,20.000000000001254,20.0,376.49701194033406,-450.0,0.8366600265340749,1.0,0.27386127875258315,0.0,2.7386127875258306,5.0,118.53269591129698,-260.0,54.037024344424914,50.0,209.16500663351883,-250.0,0.547722557505166,-1.0,0.0,0.0,0.8333333333333334,133.33333333333334,3.6666666666666665,6.6666666666667025,0.0,0,0,0,0.2593172452971023,0,0.15073267525302403,0.27125869269630876,0.006855579780903064,0.019956798364432034,0.04101396285107353,0.2857142857142857,0.006158322
8285.5,65.0,280.0,336.6666666666667,100.0,100.0,3.0,Rough to slightly rough,0.1,Silty Clay,1,1.0,Fresh,65.0,330.0,336.6666666666667,100.0,100.0,3.0,Rough to slightly rough,0.1,Silty Clay,1,1.5,Fresh to Slightly Weathered,65.0,60.0,100.0,200.0,100.0,3.0,Rough to slightly rough,0,None,0,0,0,2.236067977499783,0.0,94.18067742376883,10.0,44.72135954999575,0.0,250.99800796022268,0.0,0.44721359549995787,-1.0,0.22360679774997955,0.0,7.416198487095665,5.0,114.69524837585908,20.0,20.000000000001254,0.0,376.49701194033406,0.0,0.4999999999999989,-1.0,0.27386127875258315,0.0,2.7386127875258306,0.0,121.77848742696716,-20.0,61.80614856144954,0.0,209.16500663351883,0.0,0.547722557505166,0.0,0.0,0.0,0.8333333333333334,133.33333333333334,3.0,6.6666666666667025,0.03333333333333335,0,0,0,0.28826906868726926,0,0.1987736547908346,0.3327145249239231,0.011528825866326583,0.011439610624364898,0.007704960561477513,0.0,0.0052037765
8288.5,70.0,300.0,343.3333333333333,80.0,100.0,4.0,rough,0.1,3mm thick silty clay,1,1.5,Fresh to Slightly Weathered,60.0,330.0,343.3333333333333,80.0,100.0,4.0,rough,0.1,3mm thick silty clay,1,1.5,Fresh to Slightly Weathered,65.0,70.0,100.0,150.0,100.0,3.0,Rough to slightly rough,0,None,0,0,0,2.236067977499783,5.0,95.65563234854496,20.0,8.944271909998877,-20.0,268.32815729997475,0.0,0.44721359549995787,1.0,0.2738612787525836,0.5,4.472135954999582,-5.0,113.44602240713424,0.0,16.733200530682993,-20.0,402.4922359499622,0.0,0.4999999999999989,1.0,0.22360679774997905,0.0,2.23606797749979,0.0,119.03780911962384,10.0,41.83300132670343,-50.0,223.6067977499789,0.0,0.4472135954999578,0.0,0.0,0.0,1.0,103.33333333333333,3.6666666666666665,-0.6666666666666344,0.06666666666666668,0,0,0,0.3135165193915569,0,0.1967451368472243,0.3069176845140991,0.0025439175303004105,0.08905541502705004,0.02544683266150237,0.0,0.003779799
8291.5,65.0,70.0,350.0,60.0,100.0,4.0,rough,0.1,silty clay/clay,1,1.0,Fresh,70.0,80.0,350.0,60.0,100.0,2.0,slightly rough,0.1,silty clay/clay,1,1.0,Fresh,60.0,65.0,100.0,100.0,100.0,4.0,rough,0,None,0,0,0,2.236067977499783,-5.0,95.65563234854496,-230.0,17.888543819998162,-20.0,134.16407864998726,0.0,0.4472135954999579,0.0,0.2738612787525836,-0.5,4.472135954999582,10.0,111.22050170719427,-250.0,16.733200530682993,-20.0,201.24611797498102,0.0,0.8366600265340749,-2.0,0.22360679774997905,-0.5,2.7386127875258306,-5.0,121.53188881935473,-5.0,41.83300132670343,-50.0,111.80339887498938,0.0,0.547722557505166,1.0,0.0,0.0,0.6666666666666666,73.33333333333333,3.3333333333333335,-2.6666666666666345,0.0,0,0,0,0.3176092135365383,0,0.2644553640972532,0.3012670218667687,0.0017963740274740795,0.014144589416381383,0.027473890647883047,0.14285714285714285,0.0024839644
8294.5,60.0,280.0,250.0,200.0,166.66666666666669,4.0,rough,0.4,3mm thick silty clay,1,1.0,Not Recorded,50.0,330.0,250.0,60.0,400.0,4.0,rough,0.4,3mm thick silty clay,1,1.0,Not Recorded,50.0,65.0,125.0,86.66666666666667,400.0,4.0,Rough Surfaces,0,None,0,0,0,3.5355339059327338,-5.0,95.65563234854496,210.0,54.03702434442514,140.0,29.814239699996474,66.66666666666669,0.4472135954999579,0.0,0.22360679774997946,0.0,7.416198487095665,-20.0,109.9090533122727,250.0,20.000000000001254,0.0,134.16407864998726,300.0,0.8944271909999153,2.0,0.27386127875258315,0.0,6.519202405202649,-10.0,7.582875444051551,0.0,53.56200975401184,-13.333333333333329,134.1640786499873,300.0,0.547722557505166,0.0,0.0,0.0,0.6666666666666666,115.55555555555556,4.0,1.1111111111111456,-0.06666666666666668,0,0,0,0.40429344723394983,0,0.35720448581972314,0.4185233268559916,0.009000273270079137,0.7280839316799217,0.040211097911017325,0.14285714285714285,0.021193704
8657.5,65.0,270.0,150.0,150.0,233.33333333333334,5.0,very rough,0.7,silty clay/clay,1,1.0,Fresh,70.0,350.0,150.0,60.0,700.0,5.0,very rough,0.7,silty clay/clay,1,1.0,Fresh,65.0,70.0,150.0,73.33333333333333,700.0,5.0,very rough,0,None,0,0,0,3.5355339059327338,5.0,95.65563234854496,-10.0,56.745043836444395,-50.0,59.628479399994085,66.66666666666666,0.7071067811865476,1.0,0.22360679774997946,0.0,8.366600265340757,20.0,114.3678276439664,20.0,17.88854381999975,0.0,268.32815729997475,300.0,1.1401754250991376,1.0,0.27386127875258315,0.0,6.519202405202649,15.0,4.183300132670378,5.0,52.36623169774768,-13.333333333333343,268.3281572999747,300.0,0.8366600265340756,1.0,0.0,0.0,0.6666666666666666,94.44444444444444,5.0,-7.777777777777746,-0.03333333333333335,1,0,1,0.6467058392353391,1,0.4513613068845303,0.4366081383487698,0.08384944486175672,0.548375869844405,0.25569676252069706,0.14285714285714285,0.51968133
8660.5,65.0,280.0,300.0,100.0,300.0,5.0,very rough,1.0,silty clay/clay,1,1.0,Fresh,65.0,75.0,0.0,60.0,1000.0,5.0,very rough,1.0,silty clay/clay,1,1.0,Fresh,65.0,70.0,80.0,60.0,1000.0,5.0,very rough,0,None,0,0,0,3.5355339059327338,0.0,95.65563234854496,10.0,56.745043836444395,-50.0,86.92269873603516,66.66666666666666,0.5477225575051661,0.0,0.22360679774997946,0.0,8.366600265340757,-5.0,142.19704638282752,-275.0,8.944271910002088,0.0,391.152144312159,300.0,1.2247448713915885,0.0,0.22360679774997905,0.0,6.519202405202649,0.0,2.7386127875258306,0.0,34.67307633052185,-13.333333333333329,391.1521443121589,300.0,0.8366600265340756,0.0,0.0,0.0,0.6666666666666666,73.33333333333333,5.0,-11.999999999999968,-0.03333333333333335,1,0,1,0.6959910308947554,1,0.6537865538456981,0.6002328788304813,0.960616072181335,0.8510319330100242,0.7858827666446143,0.14285714285714285,0.84463114
8665.0,15.0,150.0,202.5,100.0,300.0,5.0,Not Recorded,1.0,None,0,1.0,Not Recorded,65.0,70.0,127.5,80.0,1000.0,5.0,Not Recorded,1.0,None,0,1.0,Not Recorded,50.0,60.0,165.0,80.0,950.0,5.0,Not Recorded,0,None,0,0,0,21.908902300206645,-50.0,95.65563234854496,-130.0,54.03702434442515,0.0,86.9226987360352,0.0,0.5477225575051661,0.0,0.0,0.0,8.215838362577493,0.0,145.3616180427282,-5.0,8.944271910002088,20.0,391.15214431215907,0.0,1.3038404810405293,0.0,0.0,0.0,7.582875444051551,-15.0,4.183300132670378,-10.0,14.907119849997697,20.0,380.1315561749642,-50.0,0.5477225575051661,0.0,0.0,0.0,0.6666666666666666,86.66666666666667,5.0,-3.3333333333332975,-0.06666666666666668,1,0,1,0.7922755111140343,1,0.5869819267114416,0.6923293853423812,0.9593124758401851,0.8702032255497641,0.10810349003934427,0.42857142857142855,0.8830706
8668.0,65.0,270.0,105.0,100.0,300.0,5.0,very rough,1.0,silty clay/clay,1,1.0,Fresh,65.0,75.0,255.0,100.0,1000.0,5.0,very rough,1.0,silty clay/clay,1,1.0,Fresh,60.0,70.0,250.0,100.0,900.0,5.0,very rough,0,None,0,0,0,21.908902300206645,50.0,56.124860801609124,120.0,44.72135954999575,0.0,59.62847939999431,0.0,0.4472135954999579,0.0,0.0,0.0,7.5828754440515524,0.0,146.24465802209667,5.0,17.88854381999975,20.0,268.3281572999751,0.0,0.4472135954999565,0.0,0.0,0.0,7.582875444051551,10.0,4.47213595499958,10.0,14.907119849997697,20.0,245.9674775249768,-50.0,0.4472135954999579,0.0,0.0,0.0,0.6666666666666666,100.0,5.0,5.333333333333369,0.0,1,0,1,0.6788875179451935,1,0.5110980410562787,0.5842660736589339,0.599255488004879,0.9657469214593061,0.18750562061088094,0.2857142857142857,0.74905986
8671.5,65.0,270.0,105.0,100.0,300.0,3.5,"very rough, rough and slightly rough",0.1,silty clay/clay,1,1.0,Fresh,65.0,75.0,255.0,100.0,1000.0,3.5,"very rough, rough and slightly rough",0.1,silty clay/clay,1,1.0,Fresh,60.0,70.0,300.0,100.0,800.0,3.5,"very rough, rough and slightly rough",0,None,0,0,0,22.360679774997898,0.0,54.954526656136345,0.0,22.360679774997788,0.0,29.814239699997167,0.0,0.670820393249937,-1.5,0.0,0.0,2.236067977499796,0.0,123.56172546545311,0.0,20.000000000001254,0.0,134.1640786499881,0.0,0.670820393249936,-1.5,0.0,0.0,6.123724356957945,0.0,4.47213595499958,0.0,17.38453974720629,0.0,120.41594578792284,-100.0,0.670820393249937,-1.5,0.0,0.0,0.6666666666666666,100.0,3.5,-3.1111111111110774,0.0,1,0,1,0.6538918494215896,1,0.417765207707944,0.5119259776866216,0.055471287305900605,0.7308028663129049,0.11118297327155609,0.0,0.0053947154
8675.5,65.0,250.0,250.0,600.0,200.0,4.0,rough,0.1,None,0,1.0,Not Recorded,65.0,350.0,350.0,600.0,200.0,4.0,rough,0.1,None,0,1.0,Not Recorded,65.0,60.0,350.0,600.0,200.0,4.0,Rough Surfaces,0,None,0,0,0,22.360679774997898,0.0,53.665631459994955,-20.0,223.60679774997897,500.0,44.72135954999575,-100.0,0.7071067811865476,0.5,0.0,0.0,0.0,0.0,123.56172546545311,275.0,230.91123835794573,500.0,357.7708763999666,-800.0,0.7071067811865467,0.5,0.0,0.0,6.123724356957945,5.0,5.477225575051661,-10.0,230.91123835794562,500.0,327.1085446759225,-600.0,0.7071067811865476,0.5,0.0,0.0,0.6666666666666666,600.0,4.0,101.11111111111114,0.0,1,0,1,0.8304156702488413,1,0.5283661198579473,0.685005272292073,0.9943224600649906,0.9977344720809219,0.08983605879135907,0.2857142857142857,0.5710586
8679.0,60.0,65.0,270.0,426.66666666666663,166.66666666666666,5.0,very rough,0.1,None,0,1.0,Not Recorded,65.0,70.0,350.0,420.0,166.66666666666666,5.0,very rough,0.1,None,0,1.0,Not Recorded,60.0,60.0,70.0,433.33333333333337,300.0,5.0,very rough,0,None,0,0,0,21.908902300206645,-5.0,90.85703054799887,-185.0,234.53973840031648,-173.33333333333337,64.97862896539301,-33.33333333333334,0.7071067811865476,1.0,0.0,0.0,0.0,0.0,124.12695114277159,-280.0,237.065391822594,-180.0,447.46197852132906,-33.33333333333334,0.7071067811865467,1.0,0.0,0.0,5.477225575051661,-5.0,5.477225575051661,0.0,239.37882575997025,-166.66666666666663,352.845575287547,100.0,0.7071067811865476,1.0,0.0,0.0,0.6666666666666666,426.6666666666667,5.0,70.66666666666671,0.0,1,0,1,0.8561774617050497,1,0.6162538616958615,0.7599997523865728,0.9987697088809261,0.5197219574878352,0.1979654259534496,0.42857142857142855,0.90643775
8682.0,70.0,260.0,170.0,253.33333333333331,133.33333333333331,4.0,rough,0.1,None,0,1.0,Not Recorded,65.0,60.0,350.0,240.0,133.33333333333331,4.0,rough,0.1,None,0,1.0,Not Recorded,65.0,60.0,70.0,266.6666666666667,400.0,4.0,rough,0,None,0,0,0,3.5355339059327378,10.0,88.7130204648675,195.0,216.87682115789957,-173.33333333333331,76.73909622147548,-33.33333333333334,0.6708203932499369,-1.0,0.0,0.0,0.0,0.0,125.36945401492345,-10.0,216.61024906499694,-180.0,457.0436400267364,-33.33333333333334,0.6708203932499359,-1.0,0.0,0.0,2.7386127875258306,5.0,5.477225575051661,0.0,217.30674684008824,-166.66666666666669,311.4482300479487,100.0,0.6708203932499369,-1.0,0.0,0.0,0.6666666666666666,253.33333333333334,4.0,33.333333333333364,0.0,1,0,1,0.8200458526283168,1,0.5800762962269383,0.6711438146224119,0.637602309434553,0.9844611935450409,0.6054857384077531,0.2857142857142857,0.7313624
8686.0,65.0,270.0,70.0,80.0,100.0,3.5,"very rough, rough and slightly rough",0.1,silty clay/clay,1,1.0,Fresh,70.0,350.0,350.0,60.0,100.0,3.5,"very rough, rough and slightly rough",0.1,silty clay/clay,1,1.0,Fresh,60.0,60.0,70.0,100.0,500.0,3.5,"very rough, rough and slightly rough",0,None,0,0,0,3.5355339059327378,-5.0,88.7130204648675,10.0,221.53003307803561,-173.33333333333331,76.7390962214754,-33.333333333333314,0.6123724356957945,-0.5,0.0,0.0,2.236067977499796,5.0,154.36968614336172,290.0,226.00884938426637,-180.0,381.9540402834992,-33.333333333333314,0.6123724356957935,-0.5,0.0,0.0,2.7386127875258306,-5.0,4.47213595499958,0.0,217.30674684008824,-166.66666666666669,230.2172886644267,100.0,0.6123724356957945,-0.5,0.0,0.0,0.6666666666666666,80.0,3.5,-3.9999999999999716,0.0,1,0,1,0.779181188203881,1,0.6560342107708728,0.7093969204117369,0.7051958017410128,0.9921547225026816,0.6810038862840586,0.42857142857142855,0.7702061
8689.0,60.0,65.0,210.0,82.85714285714286,100.0,3.5,Not Recorded,0.1,None,0,1.0,Not Recorded,65.0,70.0,350.0,65.71428571428571,100.0,3.5,Not Recorded,0.1,None,0,1.0,Not Recorded,60.0,70.0,60.0,100.0,442.85714285714283,3.5,Not Recorded,0,None,0,0,0,4.183300132670378,-5.0,107.0397122567134,-205.0,225.34428182555226,2.857142857142861,43.46134936801722,0.0,0.6123724356957945,0.0,0.0,0.0,2.236067977499796,-5.0,155.24174696260025,-280.0,233.38677716422163,5.714285714285708,43.46134936801781,0.0,0.6123724356957935,0.0,0.0,0.0,2.7386127875258306,0.0,4.47213595499958,10.0,217.30674684008824,0.0,119.26646551281017,-57.14285714285717,0.6123724356957945,0.0,0.0,0.0,0.6666666666666666,82.85714285714285,3.5,-3.4285714285713995,0.0,1,0,1,0.6566033267156612,1,0.6358124827921915,0.5812992189007903,0.12622345971861176,0.9746207612658021,0.2456762430517262,0.14285714285714285,0.7426788
8693.0,65.0,70.0,350.0,85.71428571428571,100.0,3.5,"very rough, rough and slightly rough",0.1,None,0,1.0,Not Recorded,70.0,75.0,350.0,71.42857142857143,100.0,3.5,"very rough, rough and slightly rough",0.1,None,0,1.0,Not Recorded,60.0,75.0,50.0,100.0,385.7142857142857,3.5,"very rough, rough and slightly rough",0,None,0,0,0,4.183300132670378,5.0,108.70832534815354,5.0,153.6111059854923,2.857142857142847,29.814239699996456,0.0,0.6519202405202649,0.0,0.0,0.0,2.738612787525836,5.0,125.89678312014173,5.0,158.17840612190184,5.714285714285722,29.81423969999732,0.0,0.6519202405202639,0.0,0.0,0.0,2.23606797749979,0.0,7.0710678118654755,5.0,149.07119849998594,0.0,73.95530917454144,-57.14285714285711,0.6519202405202649,0.0,0.0,0.0,0.6666666666666666,85.71428571428571,3.5,-102.85714285714282,0.0,1,0,1,0.5948295513945759,1,0.4389742985126767,0.5226406586936331,0.21586588483869684,0.9653423464727524,0.5231485435633446,0.2857142857142857,0.13386479
8697.0,70.0,300.0,150.0,88.57142857142857,100.0,2.0,slightly rough,0.1,None,0,1.0,Not Recorded,60.0,350.0,10.0,77.14285714285714,100.0,2.0,slightly rough,0.1,None,0,1.0,Not Recorded,60.0,60.0,55.0,100.0,328.57142857142856,4.25,Not Recorded,0,None,0,0,0,4.183300132670378,5.0,115.52056094046635,230.0,75.66785039081269,2.857142857142861,14.907119849997006,0.0,0.758287544405155,-1.5,0.0,0.0,4.183300132670381,-10.0,154.36968614336172,275.0,76.93092581620725,5.714285714285708,14.907119849998729,0.0,0.7582875444051541,-1.5,0.0,0.0,2.23606797749979,0.0,7.0710678118654755,-15.0,74.53559924999294,0.0,64.20630015498331,-57.14285714285717,0.3535533905932737,0.75,0.0,0.0,0.6666666666666666,88.57142857142857,2.75,-67.61904761904759,0.0,1,0,1,0.5423687308994576,1,0.19677805933576656,0.4101998753300552,0.009466216323478606,0.7434954105743496,0.17816108286077742,0.2857142857142857,0.022649268
8701.0,60.0,70.0,270.0,91.42857142857143,100.0,5.0,very rough,0.1,silty clay/clay,1,1.0,Fresh,65.0,70.0,350.0,82.85714285714286,100.0,5.0,very rough,0.1,silty clay/clay,1,1.0,Fresh,65.0,70.0,60.0,100.0,271.42857142857144,5.0,very rough,0,None,0,0,0,4.183300132670378,-10.0,119.16375287812986,-230.0,4.517539514522703,2.857142857142861,0.0,0.0,1.0606601717798212,3.0,0.0,0.0,4.183300132670381,5.0,152.46311029229335,-280.0,9.03507902905315,5.714285714285722,0.0,0.0,1.0606601717798207,3.0,0.0,0.0,2.23606797749979,5.0,6.708203932499369,10.0,0.0,0.0,90.35079029052496,-57.14285714285711,0.6708203932499368,0.75,0.0,0.0,0.6666666666666666,91.42857142857143,5.0,-32.38095238095235,0.0,0,0,0,0.41328258951578617,0,0.23823105068489758,0.3989948323640945,0.01284768169051188,0.1321599003137552,0.07247129868918772,0.2857142857142857,0.02275695
8708.5,65.0,280.0,262.0,94.28571428571429,100.0,3.5,"very rough, rough and slightly rough",0.1,silty clay/clay,1,1.0,Fresh,65.0,350.0,333.3333333333333,88.57142857142857,100.0,3.5,"very rough, rough and slightly rough",0.1,silty clay/clay,1,1.0,Fresh,65.0,80.0,62.666666666666664,100.0,214.28571428571428,3.5,"very rough, rough and slightly rough",0,None,0,0,0,4.183300132670378,5.0,121.63469899662678,210.0,4.5175395145227535,2.857142857142861,0.0,0.0,1.0606601717798212,-1.5,0.0,0.0,3.5355339059327417,0.0,152.46311029229335,280.0,9.035079029053138,5.714285714285708,0.0,0.0,1.0606601717798207,-1.5,0.0,0.0,2.7386127875258306,0.0,7.416198487095663,10.0,0.0,0.0,90.35079029052494,-57.14285714285717,0.6708203932499368,-1.5,0.0,0.0,0.6666666666666666,94.28571428571429,3.5,2.8571428571428896,0.0,0,0,0,0.4625847894152976,0,0.2993480855142626,0.4194871204913616,0.01416598296526339,0.3252846884630473,0.5305710676144849,0.14285714285714285,0.11569539
8715.5,60.0,65.0,254.0,97.14285714285714,100.0,4.0,Very rough to slightly rough,0.1,silty clay/clay,1,1.0,Fresh,60.0,70.0,316.6666666666667,94.28571428571428,100.0,4.0,Very rough to slightly rough,0.1,silty clay/clay,1,1.0,Fresh,50.0,65.0,65.33333333333333,100.0,157.1428571428571,4.5,Very rough to rough,0,None,0,0,0,4.183300132670378,-5.0,121.63469899662678,-215.0,4.517539514522798,2.857142857142847,0.0,0.0,1.08397416943394,0.5,0.0,0.0,4.183300132670381,-5.0,152.46311029229335,-280.0,9.035079029053126,5.714285714285708,0.0,0.0,1.0839741694339393,0.5,0.0,0.0,6.123724356957945,-15.0,7.905694150420948,-15.0,0.0,0.0,90.35079029052496,-57.14285714285717,0.6519202405202648,1.0,0.0,0.0,0.6666666666666666,97.14285714285715,4.166666666666667,2.857142857142861,0.0,0,0,0,0.4206094711548527,0,0.29176272319510216,0.3930555678878458,0.009318679824954641,0.10439402397199644,0.04972292576347479,0.0,0.02281025
8720.0,60.0,280.0,246.0,100.0,100.0,5.0,very rough,0.1,Silty clay/clay,1,1.0,Fresh,60.0,350.0,300.0,100.0,100.0,5.0,very rough,0.1,Silty clay/clay,1,1.0,Fresh,50.0,80.0,68.0,100.0,100.0,5.0,very rough,0,None,0,0,0,4.47213595499958,0.0,120.33287165193059,215.0,4.517539514522839,2.857142857142861,0.0,0.0,1.2449899597988732,1.0,0.0,0.0,2.738612787525836,0.0,153.3623161014465,280.0,9.03507902905312,5.714285714285722,0.0,0.0,1.2449899597988727,1.0,0.0,0.0,7.582875444051551,0.0,8.94427190999916,15.0,0.0,0.0,90.35079029052497,-57.14285714285711,0.6224949798994364,0.5,0.0,0.0,0.6666666666666666,100.0,5.0,2.8571428571428896,0.0,0,0,0,0.4245863888631445,0,0.25403479752034913,0.3878171614116187,0.011342965578128032,0.34553105765883885,0.15258296014839598,0.14285714285714285,0.06401327
8729.0,60.0,70.0,238.0,133.33333333333334,100.0,4.5,V. Rough to Rough,0.1,Silty clay/clay,1,1.0,Fresh,70.0,75.0,283.3333333333333,183.33333333333331,100.0,4.5,V. Rough to Rough,0.1,Silty clay/clay,1,1.0,Fresh,50.0,65.0,70.66666666666667,266.66666666666663,100.0,4.5,V. Rough to Rough,0,None,0,0,0,2.23606797749979,0.0,115.95257651298655,-210.0,17.124328611231974,33.33333333333334,0.0,0.0,0.6519202405202649,-0.5,0.0,0.0,4.183300132670381,10.0,152.46311029229335,-275.0,41.59463160895666,83.33333333333331,0.0,0.0,0.6519202405202639,-0.5,0.0,0.0,8.215838362577491,0.0,7.582875444051551,-15.0,74.53559924999291,166.66666666666663,74.50517034517297,0.0,0.6123724356957942,-0.5,0.0,0.0,0.6666666666666666,194.44444444444443,4.5,21.174603174603202,0.0,0,0,0,0.3438846718610433,0,0.18521648565797777,0.32711857894032365,0.00342737401708664,0.021874763714430475,0.02152100359955951,0.0,0.0049351137
8736.0,60.0,280.0,230.0,166.66666666666669,100.0,5.0,very rough,0.1,Silty clay/clay,1,1.0,Fresh,70.0,100.0,266.66666666666663,266.66666666666663,100.0,4.0,rough,0.1,Silty clay/clay,1,1.0,Fresh,65.0,80.0,73.33333333333333,433.3333333333333,100.0,2.0,slightly rough,0,None,0,0,0,2.23606797749979,0.0,116.40446726822816,210.0,31.32305519658077,33.33333333333334,0.0,0.0,0.6519202405202649,0.5,0.0,0.0,5.000000000000003,0.0,147.41099009232659,25.0,77.52579850028366,83.33333333333331,0.0,0.0,0.5700877125495679,-0.5,0.0,0.0,8.215838362577491,15.0,8.215838362577491,15.0,149.0711984999859,166.66666666666669,51.11012519999498,0.0,1.1937336386313322,-2.5,0.0,0.0,0.6666666666666666,288.88888888888886,3.6666666666666665,39.492063492063515,0.0,0,0,0,0.3316247459860341,0,0.10765358710675142,0.31813717146857345,0.0030402596480714433,0.01449672691952772,0.0908205019739216,0.0,0.0028784014
8739.0,50.0,70.0,222.0,200.0,100.0,4.0,Rough,0.1,None,0,1.0,Fresh,50.0,70.0,250.0,350.0,100.0,3.0,Rough to Slightly rough,0.1,None,0,1.5,Fresh to Slightly Weathered,50.0,70.0,76.0,600.0,100.0,4.0,Rough,0,None,0,0,0,4.47213595499958,-10.0,115.95257651298655,-210.0,44.13235093548661,33.333333333333314,0.0,0.0,0.4999999999999999,-1.0,0.0,0.0,8.366600265340757,-20.0,121.94260945215173,-30.0,109.99000160703129,83.33333333333337,0.0,0.0,0.7416198487095653,-1.0,0.22360679774997905,0.5,6.708203932499369,-15.0,7.582875444051551,-10.0,217.3067468400882,166.66666666666669,25.555062599997207,0.0,1.1726039399558572,2.0,0.0,0.0,0.8333333333333334,383.3333333333333,3.6666666666666665,57.80952380952383,0.03333333333333335,0,0,0,0.17964396129144394,0,0.08345933340308612,0.2082281993196399,0.0012804790834004202,0.0007542606511664494,0.002965505329641277,0.0,0.00072431477
8743.0,65.0,270.0,214.0,200.0,100.0,5.0,very rough,0.1,Silty clay/clay,1,1.0,Fresh,70.0,350.0,233.33333333333331,300.0,100.0,5.0,very rough,0.1,Silty clay/clay,1,1.0,Fresh,65.0,80.0,78.66666666666666,555.5555555555555,100.0,5.0,very rough,0,None,0,0,0,5.477225575051661,15.0,113.26958991715296,200.0,43.4613493680174,0.0,0.0,0.0,0.4472135954999578,1.0,0.0,0.0,8.944271909999161,20.0,147.41099009232659,280.0,99.02300518341967,-50.0,0.0,0.0,0.8366600265340748,2.0,0.22360679774997905,-0.5,8.215838362577491,15.0,7.0710678118654755,10.0,207.78074864186237,-44.44444444444446,0.0,0.0,1.2449899597988732,1.0,0.0,0.0,0.6666666666666666,351.8518518518519,5.0,50.94179894179898,0.0,0,0,0,0.2312784166422739,0,0.05754048916044882,0.23195909117138153,0.0038429403312403533,0.0005565692729603221,0.04744442598786063,0.14285714285714285,0.0003913786
8745.5,65.0,280.0,206.0,200.0,100.0,5.0,very rough,0.1,Silty clay/clay,1,1.0,Fresh,70.0,350.0,216.66666666666666,250.0,100.0,4.0,rough,0.1,Silty clay/clay,1,1.0,Fresh,65.0,80.0,81.33333333333333,511.1111111111111,100.0,2.0,slightly rough,0,None,0,0,0,6.123724356957945,0.0,113.26958991715296,10.0,29.814239699996868,0.0,0.0,0.0,0.4472135954999578,0.0,0.0,0.0,8.944271909999161,0.0,147.41099009232659,0.0,61.6891850777392,-50.0,0.0,0.0,0.7416198487095654,-1.0,0.22360679774997905,0.0,8.215838362577491,0.0,7.0710678118654755,0.0,130.90379088909438,-44.44444444444446,0.0,0.0,1.4142135623730947,-3.0,0.0,0.0,0.6666666666666666,320.3703703703704,3.6666666666666665,44.07407407407411,0.0,0,0,0,0.23344890802323084,0,0.05505815802977563,0.22824371736564947,0.003577382302938379,0.0005658645131665312,0.005998997193635816,0.0,0.0006206911
8748.5,65.0,340.0,198.0,200.0,100.0,4.0,rough,0.1,1mm thick silty clay,1,1.0,Fresh,55.0,60.0,200.0,200.0,100.0,4.0,rough,0.1,1mm thick silty clay,1,1.0,Fresh,55.0,60.0,84.0,466.6666666666667,100.0,3.0,Rough to Slightly rough,0,None,0,0,0,6.519202405202649,0.0,103.29569206893383,60.0,14.907119849998011,0.0,0.0,0.0,0.547722557505166,-1.0,0.0,0.0,9.746794344808965,-15.0,150.43270920913446,-290.0,56.02578771323874,-50.0,0.0,0.0,0.7071067811865466,0.0,0.22360679774997905,0.0,7.0710678118654755,-10.0,8.94427190999916,-20.0,66.8515953621832,-44.4444444444444,0.0,0.0,1.3038404810405293,1.0,0.0,0.0,0.6666666666666666,288.8888888888889,3.6666666666666665,18.88888888888893,0.0,0,0,0,0.2346146615332524,0,0.04367229252912783,0.2177369958032053,0.004458625538151425,0.000768851596531247,0.00916935947339033,0.0,0.0003696344
8752.0,60.0,280.0,190.0,200.0,100.0,3.5,"very rough, rough and slightly rough",0.1,Silty clay/clay,1,1.0,Fresh,70.0,350.0,183.33333333333331,200.0,100.0,3.5,"very rough, rough and slightly rough",0.1,Silty clay/clay,1,1.0,Fresh,65.0,80.0,86.66666666666666,422.22222222222223,100.0,3.5,"very rough, rough and slightly rough",0,None,0,0,0,6.519202405202649,-5.0,103.29569206893383,-60.0,0.0,0.0,0.0,0.0,0.6708203932499367,-0.5,0.0,0.0,9.746794344808965,15.0,156.14096195425466,290.0,65.19202405202653,0.0,0.0,0.0,0.7416198487095653,-0.5,0.22360679774997905,0.0,7.0710678118654755,10.0,8.94427190999916,20.0,70.27283689263021,-44.44444444444446,0.0,0.0,1.1180339887498945,0.5,0.0,0.0,0.6666666666666666,274.0740740740741,3.5,-2.962962962962925,0.0,0,0,0,0.23654190851298257,0,0.05396052613124947,0.21245825785959538,0.0016440605127959118,0.00011554808754186414,0.003947593570904398,0.14285714285714285,0.000793184
8755.0,65.0,260.0,182.0,200.0,100.0,4.0,rough,0.1,None,0,1.0,Fresh,65.0,350.0,166.66666666666666,200.0,100.0,4.0,rough,0.1,silty clay,1,1.0,Fresh,50.0,90.0,89.33333333333333,377.77777777777777,100.0,4.0,rough,0,None,0,0,0,2.23606797749979,5.0,31.304951684997057,-20.0,0.0,0.0,0.0,0.0,0.6708203932499367,0.5,0.0,0.0,6.519202405202651,-5.0,129.69194269498783,0.0,44.721359549995896,0.0,0.0,0.0,0.5477225575051651,0.5,0.0,0.0,7.0710678118654755,-15.0,10.954451150103322,10.0,70.27283689263024,-44.44444444444446,0.0,0.0,1.1180339887498945,0.5,0.0,0.0,0.6666666666666666,259.2592592592593,4.0,-24.814814814814774,-0.03333333333333335,0,0,0,0.30020956908008584,0,0.0325453764142804,0.2577277407616089,0.0026477133563676774,0.0015604113743774397,0.010613256796790533,0.0,0.0007240943
8759.0,65.0,260.0,174.0,200.0,100.0,4.0,Not Recorded,0.1,None,0,1.0,Not Recorded,67.5,352.5,150.0,175.0,100.0,4.0,Not Recorded,0.1,None,0,1.0,Not Recorded,50.0,85.0,92.0,333.33333333333337,100.0,4.0,Not Recorded,0,None,0,0,0,2.23606797749979,0.0,32.863353450309965,0.0,0.0,0.0,0.0,0.0,0.5477225575051659,0.0,0.0,0.0,6.224949798994368,2.5,129.9759593155596,2.5,27.38612787525853,-25.0,0.0,0.0,0.22360679774997594,0.0,0.0,0.0,7.582875444051551,0.0,11.40175425099138,-5.0,70.27283689263024,-44.4444444444444,0.0,0.0,0.8366600265340749,0.0,0.0,0.0,0.6666666666666666,236.11111111111111,4.0,-23.148148148148127,0.0,0,0,0,0.2937195452252455,0,0.040993403665003834,0.29497092703539957,0.0017343926918045006,0.0008411468832727322,0.003970818630075072,0.0,0.0011515411
8762.0,65.0,260.0,166.0,200.0,100.0,4.0,Rough,0.1,None,0,1.0,Fresh,70.0,355.0,133.33333333333331,150.0,100.0,4.0,Rough,0.1,None,0,1.0,Fresh,50.0,80.0,94.66666666666666,288.8888888888889,100.0,4.0,Rough,0,None,0,0,0,2.23606797749979,0.0,34.64101615137755,0.0,0.0,0.0,0.0,0.0,0.2236067977499778,0.0,0.0,0.0,6.224949798994368,2.5,130.54692642877504,2.5,22.36067977499823,-25.0,0.0,0.0,0.22360679774997594,0.0,0.0,0.0,6.519202405202649,0.0,11.40175425099138,-5.0,70.27283689263024,-44.44444444444446,0.0,0.0,0.4472135954999567,0.0,0.0,0.0,0.6666666666666666,212.96296296296296,4.0,-21.481481481481453,0.0,0,0,0,0.3068356245583509,0,0.043617913853385905,0.3004814577289666,0.0017813292232936784,0.0018497424868644209,0.0008073363287098436,0.0,0.00052253675
8765.0,65.0,270.0,158.0,200.0,100.0,5.0,very rough,0.1,Silty clay/clsy,1,1.0,Fresh,70.0,0.0,116.66666666666666,125.0,100.0,5.0,very rough,0.1,Silty clay/clsy,1,1.0,Fresh,60.0,0.0,97.33333333333333,244.44444444444446,100.0,5.0,very rough,0,None,0,0,0,2.23606797749979,0.0,8.94427190999916,10.0,0.0,0.0,0.0,0.0,0.5477225575051659,1.0,0.0,0.0,2.236067977499796,0.0,157.37693604845663,-355.0,32.596012026013504,-25.0,0.0,0.0,0.5477225575051652,1.0,0.0,0.0,7.0710678118654755,10.0,37.68288736283355,-80.0,70.27283689263021,-44.44444444444446,0.0,0.0,0.5477225575051652,1.0,0.0,0.0,0.6666666666666666,189.8148148148148,5.0,-19.81481481481479,0.0,0,0,0,0.28880849520325474,0,0.08790013620089646,0.2792081201320831,0.004115554191778279,0.0020635516424239416,0.0036868211094876232,0.0,0.0013670217
8768.5,65.0,270.0,150.0,200.0,100.0,4.0,rough,0.1,None,0,1.0,Fresh,65.0,350.0,100.0,100.0,100.0,4.0,rough,0.1,None,0,1.0,Fresh,65.0,90.0,100.0,200.0,100.0,4.0,rough,0,None,0,0,0,0.0,0.0,5.477225575051661,0.0,0.0,0.0,0.0,0.0,0.44721359549995776,-1.0,0.0,0.0,2.5000000000000058,-5.0,157.37693604845663,350.0,39.52847075210499,-25.0,0.0,0.0,0.4472135954999568,-1.0,0.0,0.0,7.0710678118654755,5.0,38.79432948254165,90.0,70.2728368926302,-44.44444444444446,0.0,0.0,0.4472135954999568,-1.0,0.0,0.0,0.6666666666666666,166.66666666666666,4.0,-21.481481481481453,0.0,0,0,0,0.32043721101641137,0,0.07573694000117168,0.28705778807558086,0.004508871867503624,0.001124204434437012,0.01458973554376012,0.0,0.002686029
8772.0,60.0,270.0,250.0,200.0,50.3,5.0,very rough,0.1,Silty Clay / clay,1,1.0,Fresh,70.0,350.0,90.0,350.0,51.0,5.0,very rough,0.1,Silty Clay / clay,1,1.0,Fresh,60.0,80.0,90.0,400.0,51.0,5.0,very rough,0,None,0,0,0,2.23606797749979,-5.0,5.477225575051661,0.0,0.0,0.0,22.226515696346755,-49.7,0.5477225575051659,1.0,0.0,0.0,2.236067977499796,5.0,157.37693604845663,0.0,99.05806378079482,250.0,21.913466179497938,-49.0,0.5477225575051652,1.0,0.0,0.0,6.708203932499369,-5.0,37.68288736283355,-10.0,77.61888531810172,200.0,21.913466179497526,-49.0,0.5477225575051652,1.0,0.0,0.0,0.6666666666666666,316.6666666666667,5.0,11.48148148148151,0.0,0,0,0,0.3355321885922986,0,0.10475362571222523,0.32427853923131056,0.0009994312872113353,0.002422224845006666,0.005526634070067874,0.0,0.0045603653
8779.0,70.0,75.0,350.0,200.0,0.6,3.5,"very rough, rough and slightly rough",0.1,Silty Clay / clay,1,1.0,Fresh,65.0,70.0,80.0,600.0,2.0,3.5,"very rough, rough and slightly rough",0.1,Silty Clay / clay,1,1.0,Fresh,65.0,70.0,80.0,600.0,2.0,3.5,"very rough, rough and slightly rough",0,None,0,0,0,3.5355339059327378,10.0,86.1974477580398,-195.0,0.0,0.0,44.45303139269519,-49.699999999999996,0.6708203932499367,-1.5,0.0,0.0,2.738612787525836,-5.0,175.21415467935233,-280.0,211.83720164314863,250.0,43.826932358995826,-49.0,0.670820393249936,-1.5,0.0,0.0,6.123724356957945,5.0,36.46916505762094,-10.0,159.9382596928583,200.0,43.826932358995684,-49.0,0.670820393249936,-1.5,0.0,0.0,0.6666666666666666,466.6666666666667,3.5,46.11111111111114,0.0,0,0,0,0.41166429570921426,0,0.2722634999704024,0.42226157451110935,0.02531532189800868,0.00033658000275989985,0.0059020562279277254,0.0,0.0130057065
8782.5,65.0,270.0,330.0,200.0,100.39999999999999,4.0,rough,0.1,None,0,1.0,Fresh,65.0,350.0,170.0,200.0,101.33333333333333,4.0,rough,0.1,None,0,1.5,Fresh to Slightly Weathered,70.0,90.0,80.0,400.0,101.33333333333333,4.0,rough,0,None,0,0,0,3.5355339059327378,-5.0,87.20665112249179,195.0,0.0,0.0,44.52042228011706,99.8,0.6708203932499366,0.5,0.0,0.0,2.738612787525836,0.0,174.29859437184226,280.0,206.15528128088303,-400.0,44.054007258767626,99.33333333333333,0.670820393249936,0.5,0.22360679774997905,0.5,4.183300132670378,5.0,37.815340802378074,20.0,157.60553979108553,-200.0,44.054007258767484,99.33333333333333,0.670820393249936,0.5,0.0,0.0,0.8333333333333334,266.6666666666667,4.0,10.740740740740772,0.03333333333333335,0,0,0,0.26692817797734686,0,0.20490083991308913,0.3033440204063174,0.005987457856866968,0.003159125654141969,0.002382546313161051,0.0,0.0022125293
8786.0,65.0,290.0,310.0,200.0,200.2,5.0,very rough,0.1,Silty Clay / clay,1,1.0,Fresh,70.0,350.0,260.0,200.0,200.66666666666666,5.0,very rough,0.1,Silty Clay / clay,1,1.0,Fresh,60.0,80.0,80.0,200.0,200.66666666666666,5.0,very rough,0,None,0,0,0,3.5355339059327378,0.0,89.86100377805714,20.0,0.0,0.0,74.02735980703316,99.8,0.6708203932499366,1.0,0.0,0.0,2.738612787525836,5.0,125.21980673998824,0.0,194.93588689617926,0.0,73.71491632559105,99.33333333333333,0.670820393249936,1.0,0.22360679774997905,-0.5,4.183300132670378,-10.0,8.366600265340756,-10.0,167.33200530681492,-200.0,73.71491632559092,99.33333333333333,0.670820393249936,1.0,0.0,0.0,0.6666666666666666,200.0,5.0,2.0370370370370665,0.0,0,0,0,0.3862536390484035,0,0.3571064725668798,0.3862654676549196,0.013871345204104515,0.007881927095837469,0.015436987809070137,0.0,0.047299057
8789.5,70.0,350.0,290.0,100.0,300.0,5.0,very rough,0.1,Silty Clay / clay,1,1.0,Fresh,65.0,290.0,350.0,100.0,300.0,5.0,very rough,0.1,Silty Clay / clay,1,1.0,Fresh,65.0,80.0,80.0,100.0,300.0,5.0,very rough,0,None,0,0,0,4.183300132670378,5.0,103.70631610466162,60.0,44.72135954999558,-100.0,120.2083607741157,99.80000000000001,0.7071067811865472,0.0,0.0,0.0,2.738612787525836,-5.0,121.32600710482482,-60.0,194.93588689617926,-100.0,119.72422014316442,99.33333333333334,0.7071067811865467,0.0,0.22360679774997905,0.0,4.183300132670378,5.0,7.0710678118654755,0.0,194.9358868961791,-100.0,119.7242201431643,99.33333333333334,0.7071067811865467,0.0,0.0,0.0,0.6666666666666666,100.0,5.0,-13.333333333333304,0.0,0,0,0,0.46422618577520647,0,0.504233113649103,0.42989595328747215,0.03241127796729511,0.08553841850552216,0.15928650308554898,0.0,0.28210977
8793.0,70.0,0.0,0.0,200.0,350.0,5.0,very rough,0.1,Silty Clay / clay,1,1.0,Fresh,70.0,0.0,0.0,60.0,650.0,5.0,very rough,0.1,Silty Clay / clay,1,1.0,Fresh,65.0,0.0,0.0,100.0,400.0,5.0,very rough,0,None,0,0,0,2.7386127875258306,0.0,150.8973160795115,-350.0,44.72135954999558,100.0,142.91979568975032,50.0,0.7071067811865472,0.0,0.0,0.0,2.738612787525836,5.0,165.28762809115509,-290.0,214.75567512873786,-40.0,249.2671035032279,350.0,0.7071067811865467,0.0,0.22360679774997905,0.0,3.5355339059327378,0.0,36.46916505762094,-80.0,216.7948338867878,0.0,157.27075026491374,100.0,0.7071067811865467,0.0,0.0,0.0,0.6666666666666666,120.0,5.0,-39.33333333333331,0.0,0,0,0,0.46230096803454623,0,0.37514224805463536,0.4585228938399857,0.005123076237114147,0.6096631625762375,0.12383603950377536,0.0,0.014422501
8796.5,60.0,280.0,15.0,100.0,400.0,3.5,"very rough, rough and slightly rough",0.1,Silty Clay / clay,1,1.0,Fresh,70.0,350.0,10.0,100.0,1000.0,3.5,"very rough, rough and slightly rough",0.1,Silty Clay / clay,1,1.0,Fresh,65.0,90.0,55.0,100.0,500.0,3.5,"very rough, rough and slightly rough",0,None,0,0,0,4.183300132670378,-10.0,136.63820841916802,280.0,54.772255750516415,-100.0,120.24571510037269,50.0,0.7071067811865472,-1.5,0.0,0.0,2.738612787525836,0.0,152.05262246998572,350.0,64.18722614352497,40.0,370.3831649641881,350.0,0.7071067811865467,-1.5,0.22360679774997905,0.0,3.5355339059327378,0.0,38.34057902536163,90.0,130.38404810405265,0.0,157.5870835090518,100.0,0.7071067811865467,-1.5,0.0,0.0,0.6666666666666666,100.0,3.5,-73.3333333333333,0.0,0,0,0,0.4523185168881917,0,0.36186930577943166,0.4919920582498769,0.006044938611539083,0.9531251862185752,0.7070894855087377,0.2857142857142857,0.024520857
8800.0,60.0,300.0,30.0,200.0,2.0,4.0,rough,0.1,None,0,1.0,Fresh,65.0,340.0,20.0,200.0,2.0,4.0,rough,0.1,None,0,1.0,Fresh,60.0,60.0,110.0,200.0,2.0,4.0,rough,0,None,0,0,0,5.0,0.0,139.0323703315167,20.0,54.772255750516415,100.0,157.30787647158672,-398.0,0.7071067811865472,0.5,0.0,0.0,2.738612787525836,-5.0,150.7647173578752,-10.0,64.18722614352497,100.0,395.5933377711118,-998.0,0.7071067811865467,0.5,0.0,0.0,2.7386127875258306,-5.0,36.3318042491699,-30.0,54.77225575051576,100.0,191.5570121109871,-498.0,0.7071067811865467,0.5,0.0,0.0,0.6666666666666666,200.0,4.0,-13.333333333333309,-0.03333333333333335,0,0,0,0.5149686538482915,1,0.2114226863525372,0.5668720179088022,0.011366544739098655,0.8153731350103506,0.5966453656438849,0.2857142857142857,0.0053969724
8803.5,65.0,280.0,285.0,100.0,100.0,3.5,"very rough, rough and slightly rough",0.1,Silty Clay / clay,1,1.0,Fresh,70.0,350.0,285.0,100.0,100.0,3.5,"very rough, rough and slightly rough",0.1,Silty Clay / clay,1,1.0,Fresh,65.0,90.0,290.0,100.0,100.0,3.5,"very rough, rough and slightly rough",0,None,0,0,0,5.0,5.0,138.27508813954884,-20.0,54.77225575051639,-100.0,171.0871123141658,98.0,0.7582875444051549,-0.5,0.0,0.0,2.738612787525836,5.0,150.7647173578752,10.0,52.15361924162137,-100.0,412.4206590363777,98.0,0.7582875444051543,-0.5,0.0,0.0,2.23606797749979,5.0,37.815340802378074,30.0,44.72135954999472,-100.0,206.73848214592263,98.0,0.7582875444051543,-0.5,0.0,0.0,0.6666666666666666,100.0,3.5,-19.99999999999997,0.0,0,0,0,0.5736435672116881,1,0.35498479732374427,0.5990966541982008,0.001859729216718423,0.9670372597684748,0.9642842742849117,0.2857142857142857,0.0074635535
8806.5,65.0,70.0,350.0,200.0,2.0,4.0,Rough,0.1,None,0,1.0,Fresh,65.0,70.0,350.0,200.0,2.0,4.0,Rough,0.1,None,0,1.0,Fresh,65.0,80.0,290.0,81.25,75.125,4.0,Rough,0,None,0,0,0,4.183300132670378,0.0,140.28542333400145,-210.0,54.772255750516415,100.0,191.4711466513949,-98.0,0.6123724356957944,0.5,0.0,0.0,2.738612787525836,-5.0,172.53985046939158,-280.0,64.18722614352497,100.0,451.99690264425493,-98.0,0.6123724356957937,0.5,0.0,0.0,2.23606797749979,0.0,37.815340802378074,-10.0,47.51644452186952,-18.75,220.0046093267138,-24.875,0.6123724356957937,0.5,0.0,0.0,0.6666666666666666,160.41666666666666,4.0,12.08333333333336,0.0,0,0,0,0.5287662427527012,1,0.336080227563355,0.5883294592355431,0.04496308142962898,0.887224160592853,0.7004977731883065,0.2857142857142857,0.094691165
8810.0,70.0,70.0,355.0,200.0,1.7333333333333334,5.0,very rough,0.1,Silty Clay / clay,1,1.0,Fresh,70.0,70.0,355.0,200.0,1.6,5.0,very rough,0.1,Silty Clay / clay,1,1.0,Fresh,70.0,70.0,355.0,62.5,50.25,5.0,very rough,0,None,0,0,0,4.183300132670378,5.0,118.95377253370319,0.0,54.772255750516415,0.0,172.37877157262966,-0.2666666666666666,0.6123724356957944,1.0,0.0,0.0,2.738612787525836,5.0,151.5915564930976,0.0,54.77225575051672,0.0,437.475795901899,-0.3999999999999999,0.6123724356957937,1.0,0.0,0.0,3.5355339059327378,5.0,13.038404810405298,-10.0,53.32682251925294,-18.75,201.46832877651005,-24.875,0.6123724356957937,1.0,0.0,0.0,0.6666666666666666,154.16666666666666,5.0,6.83333333333336,0.0,0,0,0,0.5997076796153767,1,0.5802421894112881,0.6397174792007434,0.11231345798658579,0.9116541926426956,0.8824575545856683,0.5714285714285714,0.61054176
8814.0,65.0,300.0,320.0,200.0,1.4666666666666668,4.0,Rough,0.1,None,0,1.0,Fresh,60.0,70.0,237.5,200.0,1.2000000000000002,4.0,Rough,0.1,None,0,1.0,Fresh,65.0,350.0,242.5,43.75,25.375,4.0,Rough,0,None,0,0,0,3.5355339059327378,-5.0,122.5969004502153,230.0,44.72135954999558,0.0,43.91693168800404,-0.2666666666666666,0.5477225575051659,-1.0,0.0,0.0,4.183300132670381,-10.0,150.66519173319364,0.0,44.721359549995896,0.0,43.962347526035984,-0.3999999999999999,0.5477225575051652,-1.0,0.0,0.0,3.5355339059327378,-5.0,123.4908903522847,280.0,61.01357430932809,-18.75,38.8593819109355,-24.875,0.5477225575051652,-1.0,0.0,0.0,0.6666666666666666,147.91666666666666,4.0,9.58333333333336,0.0,0,0,0,0.2991875562734124,0,0.19417241804395607,0.30801872699669547,0.009886881320203439,0.004215781274766616,0.017452121489263978,0.0,0.00912409
8817.5,60.0,280.0,285.0,15.0,1.2,3.5,"very rough, rough and slightly rough",2.0,Silty Clay,1,3.0,Moderate,65.0,355.0,120.0,20.0,0.8,3.5,"very rough, rough and slightly rough",3.0,Silty Clay,1,3.0,Moderate,60.0,70.0,130.0,25.0,0.5,3.5,"very rough, rough and slightly rough",0,None,0,0,0,3.5355339059327378,-5.0,118.95377253370319,-20.0,83.63611660042554,-185.0,44.006827753075015,-0.26666666666666683,0.6123724356957944,-0.5,0.8944271909999162,2.0,4.183300132670381,5.0,154.74172029546526,285.0,81.73126696681028,-180.0,44.097528275402944,-0.40000000000000013,0.6123724356957937,-0.5,0.8944271909999159,2.0,3.5355339059327378,-5.0,122.14745187681976,-280.0,29.646353064076816,-18.75,39.33082839834346,-24.875,0.6123724356957937,-0.5,0.0,0.0,2.0,20.0,3.5,-35.99999999999997,0.2666666666666667,0,0,0,0.13204476264615236,0,0.14874859102803575,0.11558690781946697,0.014496745391323245,0.0011321480443305086,0.026168642209600544,0.0,0.0054491223
8821.0,60.0,260.0,260.0,200.0,50.6,4.0,rough,0.1,None,0,1.0,Fresh,65.0,350.0,350.0,200.0,50.4,4.0,rough,0.1,None,0,1.0,Fresh,60.0,80.0,80.0,62.5,50.25,4.0,rough,0,None,0,0,0,4.183300132670378,0.0,115.88787684654508,-20.0,82.73451516749209,185.0,21.91549426521818,49.4,0.5477225575051659,0.5,0.8944271909999162,-2.0,3.5355339059327417,0.0,154.74172029546526,-5.0,80.4984471899925,180.0,21.918029108475007,49.6,0.5477225575051652,0.5,0.8944271909999159,-2.0,4.183300132670378,0.0,123.08533625091171,10.0,21.378289220606398,37.5,28.36186369934,49.75,0.5477225575051652,0.5,0.0,0.0,0.6666666666666666,154.16666666666666,4.0,10.83333333333336,0.0,0,0,0,0.13324240533868303,0,0.08680640304487072,0.15323513664455254,0.0032164138417195834,0.016381080885536293,0.011415528887317871,0.0,0.0025812075
8825.5,70.0,355.0,195.0,100.0,100.0,5.0,very rough,0.1,Silty Clay / clay,1,1.0,Fresh,70.0,75.0,255.0,60.0,100.0,5.0,very rough,0.1,Silty Clay / clay,1,1.0,Fresh,60.0,70.0,75.0,100.0,100.0,5.0,very rough,0,None,0,0,0,5.0,10.0,108.25894882179486,95.0,83.63611660042554,-100.0,44.05098056671175,49.4,0.6708203932499368,1.0,0.8944271909999162,0.0,4.183300132670381,5.0,153.8424518785371,-275.0,88.76936408468868,-140.0,44.163333207537285,49.6,0.6708203932499363,1.0,0.8944271909999159,0.0,4.47213595499958,0.0,124.1772926102031,-10.0,27.810744326606873,37.5,36.89558747330011,49.75,0.6708203932499363,1.0,0.0,0.0,0.6666666666666666,86.66666666666667,5.0,-14.749999999999968,0.0,0,0,0,0.17888715966798674,0,0.23714713423152833,0.19395588668566865,0.011037112565514207,0.015842624824437188,0.039373927801540885,0.14285714285714285,0.0070106997
8829.0,65.0,270.0,130.0,100.0,100.0,5.0,very rough,0.1,Silty Clay / clay,1,1.0,Fresh,65.0,350.0,160.0,80.0,100.0,5.0,very rough,0.1,Silty Clay / clay,1,1.0,Fresh,60.0,80.0,70.0,150.0,100.0,5.0,very rough,0,None,0,0,0,4.183300132670378,-5.0,37.68288736283355,-85.0,78.39005038906387,0.0,49.333432432332216,0.0,0.6708203932499368,0.0,0.8944271909999162,0.0,3.5355339059327417,-5.0,152.92972242177126,275.0,83.1865373723418,20.0,49.50022222172314,0.0,0.6708203932499363,0.0,0.8944271909999159,0.0,2.23606797749979,0.0,123.08533625091171,10.0,49.68651728587846,50.0,44.49775275224515,0.0,0.6708203932499363,0.0,0.0,0.0,0.6666666666666666,110.0,5.0,-8.833333333333304,0.0,0,0,0,0.1706891201625899,0,0.1534871870429548,0.19202028582005087,0.010051767282646805,0.0005185585432249534,0.005757168328645846,0.0,0.0242624
8833.0,65.0,270.0,65.0,100.0,100.0,4.0,rough,0.1,None,0,1.0,Fresh,65.0,330.0,65.0,100.0,100.0,4.0,rough,0.1,None,0,1.0,Fresh,65.0,70.0,65.0,200.0,100.0,4.0,rough,0,None,0,0,0,4.183300132670378,0.0,38.66522985836241,0.0,65.53624951124355,0.0,44.18470323539515,0.0,0.6708203932499368,-1.0,0.8944271909999162,0.0,2.236067977499796,0.0,121.68607151190314,-20.0,67.23094525588661,20.0,44.36358867359562,0.0,0.6708203932499363,-1.0,0.8944271909999159,0.0,2.23606797749979,5.0,5.477225575051661,-10.0,69.37218462755735,50.0,44.497752752245155,0.0,0.6708203932499363,-1.0,0.0,0.0,0.6666666666666666,133.33333333333334,4.0,-2.9166666666666345,0.0,0,0,0,0.287069894501869,0,0.40457306950023714,0.24934560804554137,0.025845267940443797,0.060501091585913346,0.01593620080366677,0.0,0.09205592
8837.0,60.0,270.0,74.0,100.0,100.0,5.0,Very rough,0.1,Silty Clay / clay,1,1.0,Fresh,65.0,350.0,86.0,100.0,100.0,5.0,Very rough,0.1,Silty Clay / clay,1,1.0,Fresh,60.0,80.0,73.75,100.0,100.0,5.0,Very rough,0,None,0,0,0,4.183300132670378,-5.0,39.370039370059054,0.0,44.7213595499955,0.0,22.092351617696654,0.0,0.5477225575051661,1.0,0.0,0.0,2.236067977499796,0.0,121.05783741666627,20.0,54.03702434442536,0.0,22.181794336797672,0.0,0.5477225575051653,1.0,0.0,0.0,2.23606797749979,-5.0,5.477225575051661,10.0,53.32682251925297,-100.0,22.24887637612162,0.0,0.5477225575051653,1.0,0.0,0.0,0.6666666666666666,100.0,5.0,16.00000000000003,-0.2666666666666667,0,0,0,0.41100784754662417,0,0.21227681655164138,0.4098107954877226,0.0392119913958229,0.3541543247628131,0.10048890056724534,0.0,0.035106488
8841.5,65.0,270.0,83.0,100.0,100.0,4.0,rough,0.1,None,0,1.0,Fresh,60.0,340.0,107.0,100.0,100.0,4.0,rough,0.1,Silty Clay,1,1.5,Fresh to Slightly Weathered,70.0,90.0,82.5,200.0,100.0,4.0,rough,0,None,0,0,0,3.5355339059327378,5.0,38.01315561749642,0.0,0.0,0.0,0.0,0.0,0.5477225575051661,-1.0,0.0,0.0,3.5355339059327417,-5.0,119.91663771137016,-10.0,17.88854381999894,0.0,0.0,0.0,0.5477225575051653,-1.0,0.22360679774997905,0.5,4.47213595499958,10.0,8.366600265340756,10.0,49.99999999999909,100.0,0.0,0.0,0.5477225575051653,-1.0,0.0,0.0,0.8333333333333334,133.33333333333334,4.0,-4.166666666666634,0.03333333333333335,0,0,0,0.25020968889973527,0,0.07685013546286713,0.2594299647177523,0.005229041775073464,0.0321651737371205,0.00904176566767992,0.0,0.0026832228
8845.0,70.0,280.0,92.0,60.0,100.0,5.0,very rough,0.1,Silty Clay / clay,1,1.0,Fresh,70.0,350.0,128.0,60.0,100.0,5.0,very rough,0.1,Silty Clay / clay,1,1.0,Fresh,60.0,80.0,91.25,100.0,100.0,5.0,very rough,0,None,0,0,0,3.5355339059327378,5.0,4.47213595499958,10.0,17.888543819997494,-40.0,0.0,0.0,0.5477225575051661,1.0,0.0,0.0,3.5355339059327417,10.0,8.944271909999362,10.0,17.88854381999894,-40.0,0.0,0.0,0.5477225575051653,1.0,0.22360679774997905,-0.5,4.47213595499958,-10.0,7.0710678118654755,-10.0,49.99999999999909,-100.0,0.0,0.0,0.5477225575051653,1.0,0.0,0.0,0.6666666666666666,73.33333333333333,5.0,-2.6666666666666403,0.0,0,0,0,0.3345918082459871,0,0.2244404286541048,0.36331848244953935,0.04686106352343569,0.07179136768550257,0.044359335605497395,0.0,0.038600888
8848.5,60.0,300.0,101.0,200.0,100.0,4.0,rough,0.1,None,0,1.0,Fresh,60.0,70.0,149.0,100.0,100.0,4.0,rough,0.1,Silty Clay,1,1.5,Fresh to Slightly Weathered,50.0,65.0,100.0,200.0,100.0,4.0,rough,0,None,0,0,0,4.183300132670378,-10.0,13.038404810405298,20.0,52.15361924162093,140.0,0.0,0.0,0.5477225575051661,-1.0,0.0,0.0,4.183300132670381,-10.0,122.14745187681977,-280.0,17.888543819998926,40.0,0.0,0.0,0.5477225575051653,-1.0,0.2738612787525832,0.5,7.416198487095663,-10.0,9.746794344808963,-15.0,54.7722557505158,100.0,0.0,0.0,0.5477225575051653,-1.0,0.0,0.0,0.8333333333333334,166.66666666666666,4.0,11.33333333333336,0.03333333333333335,0,0,0,0.22036547721522978,0,0.028285044780197516,0.21485190210175656,0.0047426225427046,0.027401663561603094,0.015210194054985832,0.0,0.00083227456
8852.0,60.0,270.0,110.0,60.0,100.0,5.0,very rough,0.1,Silty Clay / clay,1,1.0,Fresh,60.0,350.0,170.0,60.0,100.0,5.0,very rough,0.1,Silty Clay / clay,1,1.0,Fresh,65.0,90.0,270.0,60.0,100.0,5.0,very rough,0,None,0,0,0,4.47213595499958,0.0,13.038404810405298,-30.0,57.271284253105165,-140.0,0.0,0.0,0.5477225575051661,1.0,0.0,0.0,4.472135954999582,0.0,124.17729261020311,280.0,21.908902300207167,-40.0,0.0,0.0,0.5477225575051653,1.0,0.2738612787525832,-0.5,7.416198487095663,15.0,10.246950765959598,25.0,64.18722614352413,-140.0,0.0,0.0,0.5477225575051653,1.0,0.0,0.0,0.6666666666666666,60.0,5.0,-14.66666666666664,0.0,0,0,0,0.2937064221939227,0,0.12221855047139248,0.292405993617937,0.0044917717785521,0.01707822073456016,0.004506499981701725,0.0,0.0016470443
8856.0,60.0,280.0,122.5,100.0,100.0,4.0,rough,0.1,None,0,1.0,Fresh,65.0,340.0,172.5,100.0,100.0,4.0,rough,0.1,Silty Clay,1,1.5,Fresh to Slightly Weathered,60.0,100.0,213.33333333333334,200.0,100.0,4.0,rough,0,None,0,0,0,4.47213595499958,0.0,12.24744871391589,10.0,57.271284253105165,40.0,0.0,0.0,0.5477225575051661,-1.0,0.0,0.0,4.472135954999582,5.0,123.08533625091172,-10.0,21.908902300207167,40.0,0.0,0.0,0.5477225575051653,-1.0,0.27386127875258337,0.5,7.416198487095663,-5.0,13.228756555322953,10.0,67.23094525588577,140.0,0.0,0.0,0.5477225575051653,-1.0,0.0,0.0,0.8333333333333334,133.33333333333334,4.0,6.666666666666697,0.03333333333333335,0,0,0,0.2336827475700451,0,0.04146271073377653,0.24759379032315967,0.0024445530102384662,0.017032029334755495,0.005479366738310285,0.0,0.00054761395
8859.5,60.0,270.0,135.0,100.0,100.0,4.0,Rough,0.1,None,0,1.0,Fresh,65.0,350.0,175.0,100.0,100.0,4.0,Rough,0.1,Silty Clay,1,1.5,Fresh to Slightly Weathered,50.0,80.0,156.66666666666669,200.0,100.0,4.0,Rough,0,None,0,0,0,4.47213595499958,0.0,12.24744871391589,-10.0,57.271284253105165,0.0,0.0,0.0,0.5477225575051661,0.0,0.0,0.0,4.183300132670381,0.0,124.17729261020311,10.0,21.908902300207167,0.0,0.0,0.0,0.5477225575051653,0.0,0.27386127875258337,0.0,6.708203932499369,-10.0,13.038404810405298,-20.0,67.23094525588577,0.0,0.0,0.0,0.5477225575051653,0.0,0.0,0.0,0.8333333333333334,133.33333333333334,4.0,2.842170943040401e-14,0.0,0,0,0,0.29305975545463525,0,0.06941437417644664,0.2685599147003538,0.003435003897807681,0.0394819884804878,0.018890684942182417,0.0,0.0010645665
8863.0,65.0,270.0,147.5,200.0,100.0,4.0,Rough,0.1,None,0,1.0,Fresh,60.0,70.0,177.5,200.0,100.0,3.0,Rough to Slightly Rough,0.1,Silty Clay,1,1.5,Fresh to Slightly Weathered,60.0,65.0,100.0,200.0,100.0,4.0,Rough,0,None,0,0,0,2.23606797749979,5.0,13.038404810405298,0.0,64.18722614352465,100.0,0.0,0.0,0.4472135954999579,0.0,0.0,0.0,2.738612787525836,-5.0,151.5915564930976,-280.0,52.15361924162137,100.0,0.0,0.0,0.707106781186547,-1.0,0.22360679774997957,0.0,6.708203932499369,10.0,15.411035007422441,-15.0,62.60990336999341,0.0,0.0,0.0,0.4472135954999571,0.0,0.0,0.0,0.8333333333333334,200.0,3.6666666666666665,25.333333333333364,0.03333333333333335,0,0,0,0.2892464964587827,0,0.049894016889925175,0.2517877372166427,0.007640727149870213,0.05736847305205009,0.049826656412988,0.0,0.0012412535
8866.5,75.0,350.0,160.0,100.0,100.0,5.0,very rough,0.5,Silty Clay / clay,1,1.0,Fresh,75.5,350.0,180.0,100.0,100.0,3.0,Rough - slightly rough,0.5,Silty Clay / clay,1,1.0,Fresh,60.0,80.0,180.0,200.0,100.0,5.0,very rough,0,None,0,0,0,6.519202405202649,10.0,34.92849839314596,80.0,52.15361924162092,-100.0,0.0,0.0,0.5477225575051661,1.0,0.0,0.0,6.3285069329187,15.5,124.17729261020311,280.0,52.15361924162137,-100.0,0.0,0.0,0.836660026534075,0.0,0.27386127875258337,-0.5,5.477225575051661,0.0,13.038404810405298,15.0,62.60990336999341,0.0,0.0,0.0,0.5477225575051653,1.0,0.0,0.0,0.6666666666666666,133.33333333333334,4.333333333333333,-6.666666666666634,-0.03333333333333335,0,0,0,0.26837062142446105,0,0.04570705615743569,0.27427234466401473,0.0015646613170589275,0.03410269408816095,0.029067891859489662,0.0,0.0004564982
8870.0,60.5,270.0,115.0,100.0,100.0,4.0,Rough,0.1,None,0,1.0,Fresh,65.5,340.0,125.0,100.0,100.0,3.0,Rough to Slightly Rough,0.1,None,0,1.5,Fresh to Slightly Weathered,65.5,60.0,0.0,200.0,100.0,4.0,Rough,0,None,0,0,0,6.445928947793328,-14.5,34.92849839314596,-80.0,44.7213595499955,0.0,0.0,0.0,0.4472135954999579,-1.0,0.0,0.0,5.663479495857653,-10.0,123.08533625091172,-10.0,44.72135954999599,0.0,0.0,0.0,0.5477225575051653,0.0,0.22360679774997957,0.5,5.6169386679934465,5.5,15.652475842498529,-20.0,0.0,0.0,0.0,0.0,0.4472135954999571,-1.0,0.0,0.0,0.8333333333333334,133.33333333333334,3.6666666666666665,14.666666666666696,0.03333333333333335,0,0,0,0.2274386813329258,0,0.017737346254417766,0.2419681872268319,0.004859895228643868,0.028711016279475313,0.009313356811858286,0.0,0.0005150754
8874.0,70.0,250.0,70.0,200.0,60.0,4.0,rough,0.1,None,0,1.0,Not Recorded,70.0,355.0,70.0,200.0,60.0,4.0,rough,0.1,None,0,1.5,Not Recorded,70.0,65.0,70.0,200.0,60.0,4.0,rough,0,None,0,0,0,6.4070273918565395,9.5,38.98717737923585,-20.0,54.77225575051639,100.0,17.888543819996766,-40.0,0.4472135954999579,0.0,0.0,0.0,5.837379549078512,4.5,124.77980605851255,15.0,54.77225575051674,100.0,17.88854381999804,-40.0,0.5477225575051653,1.0,0.22360679774997957,0.0,7.486654793697917,4.5,9.354143466934854,5.0,0.0,0.0,17.888543819996713,-40.0,0.4472135954999571,0.0,0.0,0.0,0.8333333333333334,200.0,4.0,13.33333333333336,0.0,0,0,0,0.29314744913478674,0,0.060166047445192064,0.31594364499834043,0.004109289408730699,0.09087490915486394,0.04298182539130865,0.14285714285714285,0.000781524
8877.5,65.0,300.0,150.0,200.0,100.0,4.0,rough,0.1,None,0,1.0,Fresh,65.0,340.0,340.0,100.0,100.0,4.0,rough,0.1,Silty Clay,1,1.5,Fresh to Slightly Weathered,50.0,60.0,60.0,100.0,100.0,4.0,rough,0,None,0,0,0,5.549774770204645,-5.0,38.98717737923585,50.0,54.77225575051642,0.0,17.888543819996766,40.0,0.4472135954999579,0.0,0.0,0.0,5.837379549078512,-5.0,123.71337841963577,-15.0,54.77225575051674,-100.0,17.88854381999804,40.0,0.5477225575051653,0.0,0.22360679774997957,0.0,7.486654793697917,-20.0,8.215838362577491,-5.0,44.72135954999483,-100.0,17.888543819996713,40.0,0.4472135954999571,0.0,0.0,0.0,0.8333333333333334,133.33333333333334,4.0,2.842170943040401e-14,0.0,0,0,0,0.29373953345211956,0,0.033438626269992375,0.3256644642666445,0.002434772052009234,0.028881721741551406,0.008449528483193058,0.0,0.0002623336
8881.5,60.0,260.0,220.0,200.0,100.0,4.0,Rough,0.1,None,0,1.0,Not Recorded,70.0,350.0,345.0,60.0,100.0,4.0,Rough,0.1,None,0,1.5,Not Recorded,70.0,70.0,30.0,150.0,100.0,4.0,Rough,0,None,0,0,0,6.4070273918565395,-5.0,40.3732584763727,-40.0,54.77225575051642,0.0,17.888543819996766,0.0,0.4472135954999579,0.0,0.0,0.0,4.251470333896268,5.0,6.70820393249964,10.0,52.153619241621364,-40.0,17.88854381999804,0.0,0.5477225575051653,0.0,0.22360679774997957,0.0,8.399404740813482,20.0,8.366600265340756,10.0,44.721359549994816,50.0,17.888543819996713,0.0,0.4472135954999571,0.0,0.0,0.0,0.8333333333333334,136.66666666666666,4.0,-12.66666666666664,0.0,0,0,0,0.36752926869015035,0,0.04817677034443999,0.4000120263650193,0.004428498972076932,0.43093050944762457,0.10941886832380222,0.14285714285714285,0.0009472259
8885.0,65.0,290.0,290.0,200.0,100.0,4.0,rough,0.1,None,0,1.0,Fresh,65.0,350.0,350.0,100.0,100.0,4.0,rough,0.1,None,0,1.5,Fresh to Slightly Weathered,65.0,90.0,0.0,200.0,100.0,4.0,rough,0,None,0,0,0,4.0681691213615965,5.0,20.73644135332772,30.0,44.72135954999559,0.0,17.888543819996766,0.0,0.0,0.0,0.0,0.0,2.6551836094703596,-5.0,6.70820393249964,0.0,52.153619241621364,40.0,17.88854381999804,0.0,0.44721359549995693,0.0,0.0,0.0,8.23407554009556,-5.0,12.449899597988733,20.0,44.721359549994816,50.0,17.888543819996713,0.0,0.0,0.0,0.0,0.0,0.8333333333333334,166.66666666666666,4.0,6.666666666666691,0.03333333333333335,0,0,0,0.3625410670374531,0,0.07109848003201087,0.3260547815959714,0.0036030920195378882,0.5296811235356141,0.10860579337701567,0.14285714285714285,0.0024553405
8888.5,70.0,75.0,220.0,200.0,66.83333333333334,4.0,Rough,0.1,Silty Clay,1,1.0,Fresh,70.0,80.0,261.6666666666667,150.0,66.9,4.0,Rough,0.1,Silty Clay,1,1.0,Fresh,70.0,75.0,26.666666666666668,140.0,67.0,4.0,Rough,0,None,0,0,0,4.183300132670376,5.0,91.7877987534291,-215.0,0.0,0.0,20.182638303473396,-33.16666666666666,0.0,0.0,0.0,0.0,2.73861278752584,5.0,120.31209415515966,-270.0,54.03702434442534,50.0,20.167349850686566,-33.099999999999994,0.0,0.0,0.22360679774997957,-0.5,8.660254037844387,5.0,11.510864433221338,-15.0,42.66145801540204,-60.0,20.144478151591372,-33.0,0.0,0.0,0.0,0.0,0.6666666666666666,163.33333333333334,4.0,6.000000000000028,-0.03333333333333335,0,0,0,0.26129749273072994,0,0.08486365727782305,0.24235409275317446,0.005182537059366776,0.010546180525956503,0.01037755367435063,0.0,0.0011501455
8891.5,60.0,260.0,150.0,200.0,33.66666666666667,4.0,rough,1.05,None,0,1.0,Fresh,70.0,350.0,173.33333333333334,200.0,33.8,4.0,rough,1.55,None,0,1.5,Fresh to Slightly Weathered,65.0,60.0,53.333333333333336,80.0,34.0,4.0,rough,0,None,0,0,0,4.183300132670376,-10.0,92.30384607371461,185.0,0.0,0.0,29.665168501496215,-33.16666666666667,0.0,0.0,0.0,0.0,2.73861278752584,0.0,119.70797801316337,270.0,54.03702434442534,50.0,29.605540022096967,-33.10000000000001,0.0,0.0,0.22360679774997957,0.5,8.215838362577491,-5.0,12.449899597988733,-15.0,46.69047011971402,-60.0,29.51609730299624,-33.0,0.0,0.0,0.0,0.0,0.8333333333333334,160.0,4.0,-7.999999999999972,0.0,0,0,0,0.20985231680110536,0,0.15580641420993893,0.2165184878249948,0.007723211367943413,0.08045638315110411,0.004871118912938112,0.0,0.0060742567
8895.5,70.0,350.0,80.0,10.0,0.5,4.0,Rough,2.0,Silty clayey material,1,1.0,Not Recorded,65.0,60.0,85.0,15.0,0.7,4.0,Rough,3.0,Silty clayey material,1,1.3333333333333333,Not Recorded,20.0,260.0,80.0,20.0,1.0,4.0,Rough,0,None,0,0,0,4.999999999999999,10.0,102.93201639917486,90.0,84.97058314499189,-190.0,43.24404262117683,-33.16666666666667,0.0,0.0,0.0,0.0,2.73861278752584,-5.0,153.52524222420234,-290.0,72.80109889280531,-185.0,43.15711992244126,-33.099999999999994,0.0,0.0,0.21730674684008885,-0.16666666666666674,21.38924963620744,-45.0,83.99404740813482,200.0,69.42621983083845,-60.0,43.026735874336794,-33.0,0.0,0.0,0.0,0.0,0.7777777777777777,15.0,4.0,-23.66666666666664,-0.011111111111111138,0,0,0,0.2045928697467679,0,0.1597654610790888,0.20858791350262623,0.010404267527240543,0.05338611116823183,0.027205275333369233,0.0,0.016125388
8899.0,60.0,270.0,122.5,200.0,50.25,4.0,rough,1.05,None,0,1.0,Not Recorded,65.0,350.0,151.25,200.0,50.35,4.0,rough,1.55,None,0,1.1666666666666667,Not Recorded,65.0,70.0,77.5,110.0,50.5,4.0,rough,0,None,0,0,0,4.999999999999999,-10.0,103.3440854621105,-80.0,84.97058314499189,190.0,37.081460626870616,49.75,0.0,0.0,0.0,0.0,2.73861278752584,0.0,153.52524222420234,290.0,77.91020472312991,185.0,37.00692502762115,49.65,0.0,0.0,0.21730674684008866,-0.16666666666666652,20.796634343085422,45.0,83.99404740813482,-190.0,67.08203932499299,90.0,36.89512162874572,49.5,0.0,0.0,0.0,0.0,0.7222222222222223,170.0,4.0,6.666666666666697,-0.02222222222222221,0,0,0,0.17986979366227532,0,0.12539495267060977,0.1830933794052511,0.004359857951652804,0.3433161716117136,0.02243552926964504,0.0,0.014627479
8902.5,70.0,350.0,165.0,100.0,100.0,4.0,rough,0.1,Silty Clay,1,1.0,Fresh,70.0,350.0,217.5,60.0,100.0,4.0,rough,0.1,Silty Clay,1,1.0,Fresh,70.0,70.0,75.0,200.0,100.0,4.0,rough,0,None,0,0,0,5.47722557505166,10.0,112.38327277669039,80.0,85.55699854482963,-100.0,37.081460626870616,49.75,0.0,0.0,0.0,0.0,2.73861278752584,5.0,153.52524222420234,0.0,83.96427811873342,-140.0,37.00692502762115,49.65,0.0,0.0,0.21730674684008847,-0.16666666666666674,21.38924963620744,5.0,85.70297544426332,0.0,67.08203932499299,90.0,36.89512162874572,49.5,0.0,0.0,0.0,0.0,0.6666666666666666,120.0,4.0,-9.333333333333304,-0.03333333333333335,0,0,0,0.23495496868050728,0,0.17713824897984898,0.21493492805504463,0.008611183903360286,0.10648886963884788,0.03316119371710957,0.14285714285714285,0.008328155
8906.0,55.0,300.0,207.5,200.0,100.0,4.0,rough,0.1,None,0,1.0,Fresh,65.0,350.0,283.75,100.0,100.0,4.0,rough,0.1,None,0,1.5,Fresh to Slightly Weathered,65.0,60.0,72.5,200.0,100.0,4.0,rough,0,None,0,0,0,6.708203932499368,-15.0,42.77849927241488,-50.0,85.55699854482963,100.0,43.24404262117682,0.0,0.0,0.0,0.0,0.0,2.73861278752584,-5.0,129.69194269498783,0.0,83.21658488546629,40.0,43.15711992244125,0.0,0.0,0.0,0.21730674684008866,0.5,20.796634343085422,-5.0,87.34987120768983,-10.0,78.23042886243118,0.0,43.02673587433679,0.0,0.0,0.0,0.0,0.0,0.8333333333333334,166.66666666666666,4.0,0.6666666666666913,0.03333333333333335,0,0,0,0.17872038146273314,0,0.11117250971121807,0.20196778621329034,0.0036009239078411822,0.04156300699431167,0.00934628426068868,0.0,0.0045143506
8910.0,65.0,250.0,250.0,100.0,100.0,4.0,Rough,0.1,Silty Clay,1,1.0,Fresh,65.0,350.0,350.0,60.0,100.0,4.0,Rough,0.1,Silty Clay,1,1.0,Fresh,70.0,70.0,70.0,200.0,100.0,4.0,Rough,0,None,0,0,0,6.519202405202647,10.0,45.60701700396552,-50.0,80.12490249604036,-100.0,44.49775275224512,0.0,0.0,0.0,0.0,0.0,2.236067977499801,0.0,129.69194269498783,0.0,69.96427659884735,-40.0,44.40831003314561,0.0,0.0,0.0,0.21730674684008847,-0.5,21.38924963620744,5.0,86.1974477580398,10.0,80.49844718999186,0.0,44.27414595449517,0.0,0.0,0.0,0.0,0.0,0.6666666666666666,120.0,4.0,-7.999999999999972,-0.03333333333333335,0,0,0,0.23086164898848816,0,0.1562549942325892,0.22680420116243175,0.01561217655895013,0.07767932006887682,0.05373957111166487,0.0,0.01333172
8913.0,60.0,65.0,160.0,200.0,100.0,4.0,Rough,0.1,None,0,1.0,Fresh,50.0,70.0,160.0,100.0,100.0,4.0,Rough,0.1,None,0,1.0,Fresh,60.0,70.0,160.0,200.0,100.0,4.0,Rough,0,None,0,0,0,5.700877125495689,-5.0,108.48963084092415,-185.0,54.772255750516436,100.0,22.248876376121647,0.0,0.0,0.0,0.0,0.0,7.582875444051554,-15.0,125.21980673998824,-280.0,57.27128425310556,40.0,22.204155016572667,0.0,0.0,0.0,0.21730674684008838,0.0,4.183300132670378,-10.0,4.47213595499958,0.0,40.24922359499514,0.0,22.1370729772466,0.0,0.0,0.0,0.0,0.0,0.6666666666666666,166.66666666666666,4.0,30.33333333333336,-0.02222222222222221,0,0,0,0.25647786175984766,0,0.11466167109600159,0.24735599500578057,0.005771428805440391,0.022002073650590332,0.0017151677521964833,0.0,0.0017507775
8916.0,70.0,260.0,230.0,200.0,100.0,4.0,rough,0.1,None,0,1.0,Not Recorded,70.0,350.0,250.0,200.0,100.0,4.0,rough,0.1,None,0,1.0,Not Recorded,55.0,70.0,110.0,200.0,100.0,4.0,rough,0,None,0,0,0,6.519202405202647,10.0,108.05091392487155,195.0,54.772255750516436,0.0,0.0,0.0,0.0,0.0,0.0,0.0,8.215838362577495,20.0,125.21980673998824,280.0,57.27128425310556,100.0,0.0,0.0,0.0,0.0,0.223606797749979,0.0,6.519202405202649,-5.0,4.47213595499958,0.0,0.0,0.0,0.0,0.0,0.0,0.0,0.0,0.0,0.6666666666666666,200.0,4.0,6.000000000000028,-0.011111111111111138,0,0,0,0.1942527951796107,0,0.05156887852154937,0.2288750563575231,0.002270493567432602,0.005087417565135078,0.0034315682627069745,0.0,0.0006193143
8919.5,55.0,280.0,300.0,200.0,100.0,4.0,rough,0.1,None,0,1.0,Fresh,65.0,340.0,340.0,100.0,100.0,4.0,rough,0.1,None,0,1.0,Fresh,55.0,70.0,60.0,200.0,100.0,4.0,rough,0,None,0,0,0,6.519202405202647,-15.0,94.76286192385707,20.0,44.721359549995604,0.0,0.0,0.0,0.0,0.0,0.0,0.0,7.582875444051554,-5.0,124.17729261020311,-10.0,52.15361924162135,-100.0,0.0,0.0,0.0,0.0,0.223606797749979,0.0,6.519202405202649,0.0,4.47213595499958,0.0,0.0,0.0,0.0,0.0,0.0,0.0,0.0,0.0,0.6666666666666666,166.66666666666666,4.0,9.33333333333336,0.0,0,0,0,0.20691936040879372,0,0.025576248232383827,0.17537217987829684,0.0032324646774819455,0.00274523054917903,0.001412108517031528,0.0,0.00056792167
8923.5,65.0,270.0,316.6666666666667,100.0,300.0,4.0,rough,0.1,None,0,1.0,Fresh,55.0,330.0,343.3333333333333,60.0,700.0,4.0,rough,0.1,None,0,1.0,Fresh,70.0,70.0,156.66666666666669,200.0,300.0,4.0,rough,0,None,0,0,0,5.700877125495689,10.0,90.13878188659973,-10.0,54.772255750516436,-100.0,89.44271909999135,200.0,0.0,0.0,0.0,0.0,8.215838362577495,-10.0,122.14745187681977,-10.0,57.27128425310556,-40.0,268.32815729997486,600.0,0.0,0.0,0.0,0.0,7.582875444051551,15.0,0.0,0.0,0.0,0.0,89.44271909999128,200.0,0.0,0.0,0.0,0.0,0.6666666666666666,120.0,4.0,-9.333333333333304,-0.03333333333333335,0,0,0,0.4102932579457355,0,0.39385897635063394,0.41054450324924024,0.3013373002068099,0.9201576476487121,0.0533050654288981,0.14285714285714285,0.68893266
8926.5,60.0,300.0,333.3333333333333,200.0,100.0,4.0,rough,0.1,None,0,1.0,Fresh,60.0,330.0,346.6666666666667,100.0,100.0,4.0,rough,0.1,2mm thick silty clay,1,1.5,Fresh to Slightly Weathered,60.0,330.0,253.33333333333334,200.0,100.0,4.0,rough,0,None,0,0,0,5.700877125495689,-5.0,96.17692030835673,30.0,44.721359549995604,100.0,89.44271909999135,-200.0,0.0,0.0,0.0,0.0,7.905694150420952,5.0,119.91663771137016,0.0,52.15361924162135,40.0,268.32815729997486,-600.0,0.0,0.0,0.223606797749979,0.5,6.123724356957945,-10.0,116.27553482998907,260.0,0.0,0.0,89.44271909999128,-200.0,0.0,0.0,0.0,0.0,0.8333333333333334,166.66666666666666,4.0,9.33333333333336,0.03333333333333335,0,0,0,0.19986163846258811,0,0.13781166776233744,0.20248408296843806,0.020933536197228673,0.0085048461288576,0.006213889383632289,0.0,0.036990214
8929.5,60.0,270.0,350.0,200.0,100.0,4.0,rough,0.1,None,0,1.0,Fresh,65.0,350.0,350.0,100.0,100.0,4.0,rough,0.1,Silty Clay,1,1.5,Fresh to Slightly Weathered,65.0,70.0,350.0,200.0,100.0,4.0,rough,0,None,0,0,0,5.700877125495689,0.0,15.165750888103101,-30.0,44.721359549995604,0.0,89.44271909999135,0.0,0.0,0.0,0.0,0.0,5.700877125495695,5.0,10.000000000000181,20.0,52.15361924162135,0.0,268.32815729997486,0.0,0.0,0.0,0.2738612787525832,0.0,6.519202405202649,5.0,116.27553482998907,-260.0,0.0,0.0,89.44271909999128,0.0,0.0,0.0,0.0,0.0,0.8333333333333334,166.66666666666666,4.0,2.842170943040401e-14,0.03333333333333335,0,0,0,0.24606781661189853,0,0.16393176984145374,0.2542753734012695,0.012711720465715226,0.006641409256499164,0.0036059063705428467,0.0,0.008874349
8934.0,70.0,75.0,350.0,200.0,60.0,2.0,slightly rough,0.1,None,0,1.0,Fresh,70.0,75.0,0.0,200.0,60.0,2.0,slightly rough,0.1,None,0,1.0,Fresh,70.0,75.0,0.0,200.0,60.0,2.0,slightly rough,0,None,0,0,0,5.700877125495689,10.0,92.49324299644812,-195.0,44.721359549995604,0.0,95.49869109050634,-40.0,0.8944271909999159,-2.0,0.0,0.0,5.700877125495695,5.0,117.68602295939822,-275.0,52.15361924162135,100.0,273.3495930123183,-40.0,0.8944271909999154,-2.0,0.2738612787525832,-0.5,6.519202405202649,5.0,115.73677030226824,5.0,0.0,0.0,95.49869109050628,-40.0,0.8944271909999155,-2.0,0.0,0.0,0.6666666666666666,200.0,2.0,2.842170943040401e-14,0.0,0,0,0,0.2748868059979897,0,0.07469714575708158,0.21787568669295657,0.004123010132473846,0.029034895039583328,0.014341123400902852,0.0,0.003297084
8938.5,60.0,280.0,350.0,200.0,100.0,4.0,Rough,0.1,None,0,1.0,Fresh,60.0,340.0,116.66666666666667,100.0,100.0,4.0,Rough,0.1,Silty Clay,1,1.5,Fresh to Slightly Weathered,65.0,70.0,116.66666666666667,200.0,100.0,4.0,Rough,0,None,0,0,0,4.472135954999578,-10.0,92.49324299644812,205.0,44.721359549995604,0.0,95.49869109050634,40.0,0.8944271909999159,2.0,0.0,0.0,5.700877125495695,-10.0,117.68602295939822,265.0,52.15361924162135,-100.0,273.3495930123183,40.0,0.8944271909999154,2.0,0.2738612787525834,0.5,4.183300132670378,-5.0,115.73677030226824,-5.0,0.0,0.0,95.49869109050628,40.0,0.8944271909999155,2.0,0.0,0.0,0.8333333333333334,166.66666666666666,4.0,2.842170943040401e-14,0.03333333333333335,0,0,0,0.2381877340893027,0,0.14780275646602958,0.257730387265825,0.006472416772156214,0.054735832169381965,0.015402105936630378,0.0,0.0014915002
8942.0,60.0,270.0,350.0,200.0,100.0,4.0,rough,0.1,None,0,1.0,Fresh,70.0,350.0,233.33333333333334,100.0,100.0,4.0,rough,0.1,Silty Clay,1,1.5,Fresh to Slightly Weathered,65.0,60.0,233.33333333333334,200.0,100.0,4.0,rough,0,None,0,0,0,4.472135954999578,0.0,92.49324299644812,-10.0,0.0,0.0,17.88854381999676,0.0,0.8944271909999159,0.0,0.0,0.0,5.000000000000005,10.0,119.91663771137016,10.0,44.72135954999597,0.0,17.88854381999834,0.0,0.8944271909999154,0.0,0.2236067977499796,0.0,3.5355339059327378,0.0,116.96153213770756,-10.0,0.0,0.0,17.888543819996695,0.0,0.8944271909999155,0.0,0.0,0.0,0.8333333333333334,166.66666666666666,4.0,9.33333333333336,0.03333333333333335,0,0,0,0.21638987391675807,0,0.0268517401057514,0.24046803398211372,0.0018296912182134617,0.0014821490376372918,0.004336317994310261,0.0,0.00017046496
8945.5,65.0,270.0,350.0,100.0,100.0,4.0,rough,0.1,None,0,1.0,Fresh,70.0,350.0,350.0,60.0,100.0,4.0,rough,0.1,Silty Clay,1,1.0,Fresh,65.0,70.0,350.0,200.0,100.0,4.0,rough,0,None,0,0,0,4.472135954999578,5.0,88.43076387773658,0.0,44.721359549995604,-100.0,17.88854381999676,0.0,0.8944271909999159,0.0,0.0,0.0,4.472135954999586,0.0,121.94260945215173,0.0,52.15361924162135,-40.0,17.88854381999834,0.0,0.8944271909999154,0.0,0.2738612787525834,-0.5,2.23606797749979,0.0,5.477225575051661,10.0,0.0,0.0,17.888543819996695,0.0,0.8944271909999155,0.0,0.0,0.0,0.6666666666666666,120.0,4.0,-9.333333333333304,-0.03333333333333335,0,0,0,0.3401631129691261,0,0.12545063819990196,0.3673125984423269,0.0044040201031732675,0.10515945453983447,0.13959614404463097,0.0,0.004552456
8950.0,60.0,280.0,316.6666666666667,200.0,100.0,4.0,rough,0.1,None,0,1.0,Fresh,70.0,340.0,316.6666666666667,100.0,100.0,4.0,rough,0.1,Silty Clay,1,1.5,Fresh to Slightly Weathered,65.0,90.0,0.0,200.0,100.0,4.0,rough,0,None,0,0,0,4.472135954999578,-5.0,89.58236433584459,10.0,44.721359549995604,100.0,17.88854381999676,0.0,0.8944271909999159,0.0,0.0,0.0,4.472135954999586,0.0,120.85114811204734,-10.0,52.15361924162135,40.0,17.88854381999834,0.0,0.8944271909999154,0.0,0.2738612787525834,0.5,2.23606797749979,0.0,10.954451150103322,20.0,0.0,0.0,17.888543819996695,0.0,0.8944271909999155,0.0,0.0,0.0,0.8333333333333334,166.66666666666666,4.0,2.842170943040401e-14,0.0,0,0,0,0.2714528496914589,0,0.026279879454517634,0.28013453060339955,0.001644892580572954,0.1338316089393934,0.035674662724394436,0.0,0.00042260718
8954.0,70.0,250.0,283.3333333333333,200.0,100.0,2.0,slightly rough,0.1,Silty Clay,1,1.0,Fresh,65.0,355.0,283.3333333333333,60.0,100.0,2.0,slightly rough,0.1,Silty Clay,1,1.0,Fresh,80.0,85.0,30.0,200.0,100.0,4.0,Rough,0,None,0,0,0,4.472135954999578,10.0,12.24744871391589,-30.0,44.721359549995604,0.0,0.0,0.0,0.8944271909999159,-2.0,0.0,0.0,4.472135954999586,-5.0,6.70820393249964,15.0,21.908902300207085,-40.0,0.0,0.0,0.8944271909999154,-2.0,0.2738612787525834,-0.5,6.708203932499369,15.0,12.24744871391589,-5.0,0.0,0.0,0.0,0.0,0.0,0.0,0.0,0.0,0.6666666666666666,153.33333333333334,2.6666666666666665,-9.333333333333304,0.0,0,0,0,0.30270415614867213,0,0.07050817779534176,0.2714910491522896,0.003315093972377413,0.28866568374278023,0.03757639042394214,0.0,0.0010174036
8957.5,70.0,350.0,250.0,200.0,100.0,2.0,slightly rough,0.1,silty clayey material,1,1.0,Fresh,75.0,70.0,250.0,200.0,100.0,2.0,slightly rough,0.1,silty clay,1,1.0,Fresh,75.0,200.0,60.0,200.0,100.0,2.0,slightly rough,0,None,0,0,0,4.999999999999998,0.0,38.47076812334269,100.0,44.721359549995604,0.0,0.0,0.0,1.0954451150103324,0.0,0.0,0.0,3.5355339059327457,10.0,124.77980605851255,-285.0,57.27128425310556,140.0,0.0,0.0,1.095445115010332,0.0,0.2738612787525832,0.0,7.0710678118654755,-5.0,56.61271941887264,115.0,0.0,0.0,0.0,0.0,0.8944271909999155,-2.0,0.0,0.0,0.6666666666666666,200.0,2.0,6.666666666666697,-0.03333333333333335,0,0,0,0.217062414763997,0,0.035131867211782374,0.1787116719011162,0.001288301676196183,0.04474684745046614,0.01817221048153982,0.0,0.0008881324
8962.0,60.0,260.0,216.66666666666666,200.0,100.0,4.0,rough,0.1,None,0,1.0,Fresh,70.0,350.0,216.66666666666666,100.0,100.0,4.0,rough,0.1,None,0,1.0,Fresh,70.0,80.0,90.0,200.0,100.0,4.0,rough,0,None,0,0,0,4.999999999999998,-10.0,39.6232255123179,-90.0,44.721359549995604,0.0,0.0,0.0,1.0954451150103324,2.0,0.0,0.0,3.5355339059327457,-5.0,124.77980605851255,280.0,57.27128425310556,-100.0,0.0,0.0,1.095445115010332,2.0,0.223606797749979,0.0,6.519202405202649,-5.0,53.61902647381804,-120.0,0.0,0.0,0.0,0.0,0.8944271909999155,2.0,0.0,0.0,0.6666666666666666,166.66666666666666,4.0,2.842170943040401e-14,-0.03333333333333335,0,0,0,0.21498182055514695,0,0.040756736521126075,0.23452238360506925,0.0012498829553314066,0.03290304544754912,0.007529122135335394,0.0,0.00030005685
8965.0,65.0,270.0,183.33333333333331,200.0,100.0,3.0,rough to slightly rough,1.0,silty clayey material,1,1.0,Not Recorded,70.0,350.0,183.33333333333331,60.0,100.0,3.0,rough to slightly rough,0.1,silty clay,1,1.25,Not Recorded,70.0,70.0,120.0,200.0,100.0,3.0,rough to slightly rough,0,None,0,0,0,4.999999999999998,5.0,39.6232255123179,10.0,0.0,0.0,0.0,0.0,1.0,-1.0,0.0,0.0,3.5355339059327457,0.0,124.77980605851255,0.0,57.27128425310556,-40.0,0.0,0.0,0.9999999999999997,-1.0,0.2236067977499791,0.25,5.70087712549569,0.0,53.61902647381804,-10.0,0.0,0.0,0.0,0.0,0.8944271909999155,-1.0,0.0,0.0,0.75,153.33333333333334,3.0,6.666666666666697,0.016666666666666673,0,0,0,0.21038952360255456,0,0.03490590685526524,0.19883927917951547,0.0014578453524000249,0.01748662350804051,0.017484967612129258,0.0,0.0015609085
8969.0,60.0,270.0,150.0,200.0,100.0,4.0,rough,0.1,None,0,1.0,Fresh,65.0,330.0,150.0,60.0,100.0,4.0,rough,0.1,Silty Clay,1,1.5,Fresh to Slightly Weathered,60.0,60.0,150.0,200.0,100.0,4.0,Rough,0,None,0,0,0,4.999999999999998,-5.0,40.0,0.0,0.0,0.0,0.0,0.0,1.0,1.0,0.0,0.0,4.183300132670385,-5.0,123.91529364852428,-20.0,60.663003552412555,0.0,0.0,0.0,0.9999999999999997,1.0,0.2236067977499791,0.25,7.416198487095663,-10.0,57.271284253105414,-10.0,0.0,0.0,0.0,0.0,0.8944271909999155,1.0,0.0,0.0,0.8333333333333334,153.33333333333334,4.0,-2.6666666666666345,0.0,0,0,0,0.1916739098330873,0,0.022776086769973298,0.20460216250853047,0.001121636164856436,0.007383274303575484,0.003825156137844621,0.0,0.0002917684
8972.0,65.0,250.0,190.0,200.0,100.0,3.0,Rough to Slightly Rough,0.1,None,0,1.0,Not Recorded,70.0,340.0,190.0,60.0,100.0,3.0,Rough to Slightly Rough,0.1,None,0,1.25,Not Recorded,70.0,70.0,190.0,60.0,100.0,3.0,Rough to Slightly Rough,0,None,0,0,0,4.183300132670376,5.0,40.0,-20.0,0.0,0.0,0.0,0.0,0.8366600265340757,-1.0,0.0,0.0,3.5355339059327457,5.0,122.14745187681977,10.0,60.663003552412555,0.0,0.0,0.0,0.8366600265340751,-1.0,0.20916500663351914,-0.25,5.477225575051661,10.0,58.56620185738529,10.0,62.609903369993404,-140.0,0.0,0.0,0.8366600265340751,-1.0,0.0,0.0,0.75,106.66666666666667,3.0,-9.333333333333306,0.016666666666666673,0,0,0,0.2436661821260085,0,0.0553351029313743,0.25558122442885356,0.0021034244926900936,0.018112298847084537,0.021323482668297603,0.0,0.00023556847
8975.0,60.0,270.0,230.0,100.0,100.0,4.0,Rough,0.1,None,0,1.0,Fresh,65.0,330.0,230.0,60.0,100.0,4.0,Rough,0.1,None,0,1.0,Fresh,65.0,330.0,230.0,200.0,100.0,4.0,Rough,0,None,0,0,0,2.738612787525828,-5.0,8.94427190999916,20.0,44.721359549995604,-100.0,0.0,0.0,0.5477225575051662,1.0,0.0,0.0,2.738612787525841,-5.0,10.000000000000181,-10.0,17.888543819998908,0.0,0.0,0.0,0.5477225575051654,1.0,0.20916500663351914,-0.25,4.47213595499958,-5.0,116.4903429473877,260.0,62.609903369993404,140.0,0.0,0.0,0.5477225575051654,1.0,0.0,0.0,0.6666666666666666,120.0,4.0,-15.999999999999972,0.0,0,0,0,0.22551175397490647,0,0.06743335308298254,0.22302204580355464,0.0023635825920530987,0.016168044354081087,0.009422508190011867,0.0,0.001693716
8981.5,60.0,270.0,270.0,100.0,100.0,4.0,rough,0.1,None,0,1.0,Fresh,60.0,350.0,270.0,60.0,100.0,4.0,rough,0.1,Silty Clay,1,1.5,Fresh to Slightly Weathered,70.0,100.0,270.0,200.0,100.0,4.0,rough,0,None,0,0,0,2.738612787525828,0.0,8.94427190999916,0.0,54.772255750516436,0.0,0.0,0.0,0.5477225575051662,0.0,0.0,0.0,4.183300132670385,-5.0,10.000000000000181,20.0,0.0,0.0,0.0,0.0,0.5477225575051654,0.0,0.20916500663351933,0.5,4.47213595499958,5.0,115.02173707608489,-230.0,62.609903369993404,0.0,0.0,0.0,0.5477225575051654,0.0,0.0,0.0,0.8333333333333334,120.0,4.0,-9.333333333333304,0.03333333333333335,0,0,0,0.20226314107044194,0,0.04890159796288349,0.23215750195783622,0.0021120024828774663,0.0068584354399141385,0.010803874293408143,0.0,0.00055129325
8985.0,70.0,340.0,270.0,200.0,100.0,2.0,slightly rough,0.1,silty clayey material,1,1.0,Fresh,70.0,75.0,284.0,60.0,100.0,2.0,slightly rough,0.1,silty clay,1,1.0,Fresh,70.0,190.0,235.0,200.0,100.0,4.0,Rough,0,None,0,0,0,4.472135954999578,10.0,34.64101615137755,70.0,54.772255750516436,100.0,0.0,0.0,0.8944271909999159,-2.0,0.0,0.0,4.183300132670385,10.0,117.68602295939822,-275.0,0.0,0.0,0.0,0.0,0.8944271909999154,-2.0,0.2500000000000003,-0.5,4.47213595499958,0.0,112.91589790636215,90.0,62.609903369993404,0.0,0.0,0.0,0.44721359549995704,0.0,0.0,0.0,0.6666666666666666,153.33333333333334,2.6666666666666665,2.842170943040401e-14,-0.016666666666666673,0,0,0,0.2030401363267397,0,0.05931158552296375,0.20990808963383462,0.0031902376367885206,0.010748504541473384,0.014573802284377593,0.0,0.0005944363
8988.5,60.0,270.0,270.0,100.0,100.0,4.0,Rough,0.1,None,0,1.0,Fresh,60.0,340.0,298.0,60.0,100.0,4.0,Rough,0.1,Silty Clay,1,1.5,Fresh to Slightly Weathered,60.0,70.0,200.0,200.0,100.0,4.0,Rough,0,None,0,0,0,4.472135954999578,-10.0,34.64101615137755,-70.0,54.77225575051641,-100.0,0.0,0.0,0.8944271909999159,2.0,0.0,0.0,5.000000000000005,-10.0,118.72236520555006,265.0,0.0,0.0,0.0,0.0,0.8944271909999154,2.0,0.2500000000000003,0.5,4.47213595499958,-10.0,110.99549540409286,-120.0,62.609903369993404,0.0,0.0,0.0,0.44721359549995704,0.0,0.0,0.0,0.8333333333333334,120.0,4.0,-6.66666666666664,0.0,0,0,0,0.17024266701423793,0,0.023700046282024944,0.14252290058430128,0.0010015264818582967,0.0014475330119196718,0.003117679713642033,0.0,0.0002220248
8992.5,60.0,260.0,270.0,100.0,100.0,2.0,slightly rough,0.1,None,0,1.0,Fresh,70.0,340.0,312.0,60.0,100.0,2.0,slightly rough,0.1,None,0,1.0,Fresh,70.0,70.0,133.33333333333331,200.0,100.0,4.0,Rough,0,None,0,0,0,4.472135954999578,0.0,32.71085446759225,-10.0,44.72135954999551,0.0,0.0,0.0,1.0954451150103324,-2.0,0.0,0.0,5.000000000000005,10.0,118.72236520555006,0.0,0.0,0.0,0.0,0.0,1.095445115010332,-2.0,0.2738612787525832,-0.5,4.47213595499958,10.0,110.99549540409286,0.0,0.0,0.0,0.0,0.0,0.0,0.0,0.0,0.0,0.6666666666666666,120.0,2.6666666666666665,2.666666666666694,-0.016666666666666673,0,0,0,0.19405650367763247,0,0.02989558684549526,0.1478581601045277,0.0020304249896059647,0.0036761597050652575,0.0053465062480108705,0.0,0.00051636354
8996.0,65.0,250.0,270.0,100.0,100.0,4.0,rough,0.1,None,0,1.0,Fresh,65.0,340.0,326.0,60.0,100.0,4.0,rough,0.1,Silty Clay,1,1.5,Fresh to Slightly Weathered,65.0,60.0,66.66666666666666,200.0,100.0,4.0,rough,0,None,0,0,0,4.472135954999578,5.0,35.63705936241092,-10.0,44.72135954999551,0.0,0.0,0.0,1.0954451150103324,2.0,0.0,0.0,5.000000000000005,-5.0,119.70797801316337,0.0,0.0,0.0,0.0,0.0,1.095445115010332,2.0,0.2738612787525834,0.5,4.47213595499958,-5.0,53.5723809439155,-10.0,0.0,0.0,0.0,0.0,0.0,0.0,0.0,0.0,0.8333333333333334,120.0,4.0,2.842170943040401e-14,0.03333333333333335,0,0,0,0.18995992642002482,0,0.04613310674043767,0.1735415320114462,0.002369913119515247,0.03165824639777447,0.0026358044886841503,0.0,0.00049843895
9000.0,65.0,75.0,270.0,200.0,200.0,2.0,slightly rough surfaces,1.0,None,0,1.0,Not Recorded,70.0,85.0,340.0,200.0,200.0,2.0,slightly rough surfaces,1.0,None,0,1.5,Not Recorded,70.0,75.0,0.0,200.0,200.0,2.0,slightly rough surfaces,0,None,0,0,0,4.183300132670376,0.0,98.2598595561789,-175.0,54.77225575051641,100.0,44.72135954999526,100.0,1.0954451150103324,-2.0,0.0,0.0,4.472135954999586,5.0,142.4517462160433,-255.0,62.609903369994264,140.0,44.72135954999594,100.0,1.095445115010332,-2.0,0.2738612787525834,0.0,4.47213595499958,5.0,54.49770637375485,15.0,0.0,0.0,44.721359549995164,100.0,0.8944271909999155,-2.0,0.0,0.0,0.8333333333333334,200.0,2.0,16.00000000000003,0.0,0,0,0,0.2579103726642035,0,0.21801982392254327,0.2917079700975242,0.007598353031068776,0.09840931732423895,0.029704078965363395,0.0,0.00523824
9003.5,70.0,310.0,291.25,200.0,166.66666666666666,4.0,rough,0.1,None,0,1.0,Fresh,65.0,330.0,255.0,200.0,166.66666666666666,4.0,rough,0.1,Silty Clay,1,1.5,Fresh to Slightly Weathered,65.0,70.0,21.25,130.0,166.66666666666666,4.0,rough,0,None,0,0,0,4.183300132670376,5.0,91.21403400793103,235.0,54.77225575051641,0.0,47.1404520791027,-33.33333333333334,1.0954451150103324,2.0,0.0,0.0,4.183300132670385,-5.0,113.0044246921332,245.0,76.68115805072335,0.0,47.14045207910336,-33.33333333333334,1.095445115010332,2.0,0.2236067977499796,0.0,4.183300132670378,-5.0,5.477225575051661,-5.0,31.304951684995675,-70.0,47.14045207910258,-33.33333333333334,0.8944271909999155,2.0,0.0,0.0,0.8333333333333334,176.66666666666666,4.0,4.666666666666691,0.03333333333333335,0,0,0,0.311721980640894,0,0.37689669813644094,0.32347695762148004,0.10364064887846094,0.17684041635677689,0.018023268672988466,0.0,0.19032179
9007.0,70.0,355.0,312.5,60.0,133.33333333333331,2.0,slightly rough,0.1,None,0,1.25,Not Recorded,70.0,60.0,170.0,60.0,133.33333333333331,2.0,slightly rough,0.1,None,0,1.5,Not Recorded,70.0,160.0,42.5,60.0,133.33333333333331,2.0,slightly rough,0,None,0,0,0,4.183300132670376,0.0,106.47769719523427,45.0,64.18722614352467,-140.0,43.46134936801717,-33.33333333333334,1.0954451150103324,-2.0,0.11180339887499019,0.25,2.738612787525841,5.0,145.01724035437994,-270.0,76.68115805072335,-140.0,43.4613493680179,-33.33333333333334,1.095445115010332,-2.0,0.2236067977499796,0.0,2.7386127875258306,5.0,41.1703777004778,90.0,62.60990336999339,-70.0,43.461349368017025,-33.33333333333334,1.095445115010332,-2.0,0.0,0.0,0.9166666666666666,60.0,2.0,-11.999999999999972,0.016666666666666653,0,0,0,0.3109983816662751,0,0.18788090738607954,0.3092356772794716,0.008988615926782675,0.21221522419064762,0.11684216445290108,0.14285714285714285,0.010111442
9011.0,60.0,260.0,333.75,100.0,100.0,2.0,slightly rough,0.1,None,0,1.5,Fresh to Slightly Weathered,65.0,340.0,85.0,100.0,100.0,2.0,slightly rough,0.1,Silty Clay,1,1.5,Fresh to Slightly Weathered,65.0,70.0,63.75,200.0,100.0,4.0,Rough,0,None,0,0,0,4.183300132670376,-10.0,106.47769719523427,-95.0,64.18722614352467,40.0,43.46134936801717,-33.333333333333314,1.0954451150103324,0.0,0.2236067977499795,0.25,2.738612787525841,-5.0,145.01724035437994,280.0,71.27411872482195,40.0,43.4613493680179,-33.333333333333314,1.095445115010332,0.0,0.0,0.0,2.7386127875258306,-5.0,41.1703777004778,-90.0,62.60990336999339,140.0,43.461349368017025,-33.333333333333314,1.095445115010332,2.0,0.0,0.0,1.0,133.33333333333334,2.6666666666666665,2.666666666666697,0.06666666666666668,0,0,0,0.32496937718471924,0,0.19611528305932724,0.35936227414301775,0.00552513085299986,0.8558164139830151,0.17634420032649623,0.14285714285714285,0.0032560255
9014.5,70.0,250.0,355.0,150.0,100.0,2.0,slightly rough,0.1,None,0,1.25,Not Recorded,60.0,355.0,0.0,100.0,100.0,2.0,slightly rough,0.1,None,0,1.25,Not Recorded,70.0,0.0,85.0,200.0,100.0,2.0,slightly rough,0,None,0,0,0,4.472135954999578,10.0,106.47769719523427,-10.0,61.8061485614496,50.0,43.46134936801717,0.0,0.8944271909999159,0.0,0.20916500663351956,-0.25,4.183300132670385,-5.0,147.96114354789233,15.0,64.18722614352495,0.0,43.4613493680179,0.0,0.8944271909999154,0.0,0.11180339887499095,-0.25,2.7386127875258306,5.0,56.789083458002736,-70.0,62.60990336999339,0.0,43.461349368017025,0.0,1.095445115010332,-2.0,0.0,0.0,0.8333333333333334,150.0,2.0,6.000000000000028,0.0,0,0,0,0.30867460829764104,0,0.12953122259177094,0.3060508649515798,0.004754521121961849,0.29415078001649203,0.13658254099889258,0.0,0.011134549
9018.5,60.0,260.0,350.0,200.0,100.0,2.0,slightly rough,0.1,None,0,1.0,Fresh,65.0,350.0,350.0,100.0,100.0,2.0,slightly rough,0.1,None,0,1.0,Fresh,60.0,70.0,70.0,200.0,100.0,4.0,rough,0,None,0,0,0,5.477225575051659,-10.0,44.66542286825459,10.0,61.80614856144959,50.0,29.81423969999639,0.0,0.8944271909999159,0.0,0.20916500663351956,-0.25,3.5355339059327457,5.0,127.25957724273644,-5.0,52.15361924162135,0.0,29.814239699997405,0.0,0.8944271909999154,0.0,0.2236067977499795,-0.25,4.183300132670378,-10.0,56.83308895353129,70.0,62.60990336999339,0.0,29.814239699996254,0.0,1.095445115010332,2.0,0.0,0.0,0.6666666666666666,166.66666666666666,2.6666666666666665,-6.66666666666664,-0.03333333333333335,0,0,0,0.28134203638757377,0,0.16594183783525374,0.3018937939523476,0.007484664756187855,0.10638380758498889,0.016812176704122793,0.0,0.0012841277
9022.0,60.0,300.0,348.0,200.0,100.0,2.0,slightly rough,0.1,None,0,1.0,Fresh,70.0,355.0,280.0,100.0,100.0,2.0,slightly rough,0.1,Silty Clay,1,1.5,Fresh to Slightly Weathered,70.0,70.0,56.0,200.0,100.0,4.0,rough,0,None,0,0,0,5.477225575051659,0.0,43.58898943540674,40.0,61.80614856144959,0.0,14.907119849996867,0.0,0.0,0.0,0.20916500663351956,0.0,4.183300132670385,5.0,129.83643556413585,5.0,17.88854381999887,0.0,14.90711984999883,0.0,0.0,0.0,0.2236067977499795,0.5,4.47213595499958,10.0,56.83308895353129,0.0,62.609903369993404,0.0,14.907119849996688,0.0,1.095445115010332,0.0,0.0,0.0,0.8333333333333334,166.66666666666666,2.6666666666666665,-1.9999999999999716,0.0,0,0,0,0.22552958888393065,0,0.019659183133833875,0.22504506399860139,0.0010349750342253472,0.04333157427356958,0.03693638210198687,0.0,0.00028438424
9025.5,65.0,250.0,346.0,200.0,100.0,3.0,rough to slightly rough,0.1,None,0,1.0,Fresh,70.0,10.0,210.0,133.33333333333334,100.0,3.0,rough to slightly rough,0.1,None,0,1.5,Fresh to Slightly Weathered,75.0,60.0,42.0,200.0,100.0,3.0,rough to slightly rough,0,None,0,0,0,4.472135954999578,5.0,20.73644135332772,-50.0,44.72135954999558,0.0,0.0,0.0,0.44721359549995787,1.0,0.2236067977499795,0.0,4.183300132670385,0.0,152.1758850803898,-345.0,14.907119849999193,33.33333333333334,0.0,0.0,0.4472135954999569,1.0,0.2236067977499795,0.0,5.70087712549569,5.0,30.495901363953813,-10.0,0.0,0.0,0.0,0.0,0.8944271909999154,-1.0,0.0,0.0,0.8333333333333334,177.7777777777778,3.0,23.55555555555559,-0.016666666666666653,0,0,0,0.25891159130800817,0,0.038408762936002386,0.27599052190572965,0.005726195889184308,0.05401182819568753,0.07970337562640681,0.0,0.000553469
9029.0,65.0,250.0,344.0,200.0,100.0,3.0,rough to slightly rough,0.1,silty clayey material,1,1.0,Fresh,70.0,0.0,140.0,166.66666666666669,100.0,3.0,rough to slightly rough,0.1,silty clay,1,1.0,Fresh,75.0,175.0,28.0,200.0,100.0,3.0,rough to slightly rough,0,None,0,0,0,4.183300132670376,0.0,21.6794833886788,0.0,22.36067977499753,0.0,0.0,0.0,0.5477225575051661,0.0,0.11180339887499018,0.0,4.472135954999586,0.0,190.83369723400529,-10.0,29.814239699997465,33.33333333333334,0.0,0.0,0.5477225575051653,0.0,0.2500000000000003,-0.5,6.123724356957945,0.0,63.047601064592456,115.0,0.0,0.0,0.0,0.0,0.836660026534075,0.0,0.0,0.0,0.6666666666666666,188.8888888888889,3.0,11.111111111111143,-0.06666666666666668,0,0,0,0.23222967350231769,0,0.06137435899386116,0.23955062230077748,0.0022557677481506336,0.0037667651639433863,0.01107934313806882,0.0,0.0016387149
9032.5,80.0,260.0,342.0,200.0,100.0,3.0,rough to slightly rough,0.1,Silty Clay,1,1.0,Fresh,70.0,340.0,70.0,200.0,100.0,3.0,rough to slightly rough,0.1,Silty Clay,1,1.5,Fresh to slightly weathered,75.0,80.0,14.0,200.0,100.0,4.0,Rough,0,None,0,0,0,8.215838362577491,15.0,20.73644135332772,10.0,0.0,0.0,0.0,0.0,0.5477225575051661,0.0,0.0,0.0,2.2360679774998022,0.0,188.16216410320115,340.0,43.46134936801781,33.333333333333314,0.0,0.0,0.5477225575051653,0.0,0.2738612787525834,0.5,6.519202405202649,0.0,47.486840282335066,-95.0,0.0,0.0,0.0,0.0,0.5477225575051652,1.0,0.0,0.0,0.8333333333333334,200.0,3.3333333333333335,10.000000000000028,0.0,0,0,0,0.20401452316578264,0,0.08382722585694492,0.21329589976382252,0.021983905208917853,0.039890079157322386,0.015844080059129313,0.14285714285714285,0.0012860763
9036.5,70.0,260.0,340.0,200.0,600.0,3.0,rough to slightly rough,0.1,None,0,1.0,Fresh,70.0,75.0,0.0,200.0,600.0,3.0,rough to slightly rough,0.1,None,0,1.0,Fresh,70.0,75.0,0.0,200.0,600.0,3.0,rough to slightly rough,0,None,0,0,0,7.58287544405155,-10.0,20.73644135332772,0.0,0.0,0.0,223.6067977499789,500.0,0.44721359549995787,0.0,0.0,0.0,0.0,0.0,177.24982369525787,-265.0,43.46134936801778,0.0,223.60679774997908,500.0,0.4472135954999569,0.0,0.2738612787525834,-0.5,2.7386127875258306,-5.0,46.98403984333403,-5.0,0.0,0.0,223.60679774997885,500.0,0.5477225575051652,-1.0,0.0,0.0,0.6666666666666666,200.0,3.0,6.666666666666697,0.0,0,0,0,0.3339221747701164,0,0.13645901829149681,0.2987302415097439,0.07515880474765081,0.023294536943978133,0.08028597262412684,0.2857142857142857,0.002872905
9039.5,75.0,260.0,350.0,200.0,60.0,3.0,rough to slightly rough,0.1,None,0,1.0,Not Recorded,70.0,350.0,350.0,60.0,200.0,3.0,rough to slightly rough,0.1,None,0,1.0,Not Recorded,55.0,60.0,60.0,60.0,200.0,2.0,slightly rough,0,None,0,0,0,6.519202405202647,5.0,5.477225575051661,0.0,0.0,0.0,228.7356552879327,-540.0,0.0,0.0,0.0,0.0,0.0,0.0,175.85505395068975,275.0,58.385690788830274,-140.0,216.79483388678813,-400.0,0.0,0.0,0.2738612787525832,0.0,8.660254037844387,-15.0,48.34769901453429,-15.0,62.609903369993404,-140.0,216.79483388678787,-400.0,0.7071067811865468,-1.0,0.0,0.0,0.6666666666666666,106.66666666666667,2.6666666666666665,-11.999999999999968,-0.03333333333333335,0,0,0,0.32162513242200247,0,0.1870889881414193,0.3426117246178805,0.014373775316331104,0.18153704352905412,0.03572431421699549,0.14285714285714285,0.002841041
9043.0,70.0,80.0,260.0,200.0,100.0,4.0,Rough,0.1,Silty Clay,1,1.0,Fresh,70.0,85.0,355.0,200.0,100.0,4.0,Rough,0.1,Silty Clay,1,1.0,Fresh,75.0,80.0,210.0,200.0,100.0,4.0,Rough,0,None,0,0,0,5.700877125495689,-5.0,79.49842765740716,-180.0,0.0,0.0,228.7356552879327,40.0,0.44721359549995787,1.0,0.0,0.0,0.0,0.0,163.1333810107545,-265.0,60.626360236744915,140.0,216.79483388678813,-100.0,0.4472135954999569,1.0,0.223606797749979,0.0,8.660254037844387,20.0,46.016301459374155,20.0,62.609903369993404,140.0,216.79483388678787,-100.0,0.8366600265340749,2.0,0.0,0.0,0.6666666666666666,200.0,4.0,4.444444444444469,-0.03333333333333335,0,0,0,0.3661668504062504,0,0.1772962202629678,0.383859412654756,0.016434880047467997,0.170911834001824,0.1404699794536133,0.14285714285714285,0.0031149688
9046.5,65.0,355.0,300.0,200.0,80.0,2.0,slightly rough,0.1,None,0,1.0,Not Recorded,65.0,65.0,347.5,60.0,80.0,2.0,slightly rough,0.1,None,0,1.0,Not Recorded,65.0,65.0,275.0,200.0,80.0,2.0,slightly rough,0,None,0,0,0,5.700877125495689,-5.0,99.9749968742185,275.0,0.0,0.0,230.91123835794562,-20.0,0.7071067811865475,-2.0,0.0,0.0,2.2360679774998022,-5.0,148.09625248465946,-20.0,76.68115805072334,-140.0,219.7271034715564,-20.0,0.7071067811865468,-2.0,0.223606797749979,0.0,8.366600265340756,-10.0,9.082951062292475,-15.0,62.609903369993404,0.0,219.72710347155615,-20.0,0.9999999999999994,-2.0,0.0,0.0,0.6666666666666666,153.33333333333334,2.0,-7.111111111111086,0.0,0,0,0,0.3996448081929381,0,0.28771531954739654,0.4080943931579425,0.01503199466608434,0.48812440203353274,0.2776001849616182,0.14285714285714285,0.0066415654
9049.5,75.0,280.0,340.0,200.0,60.0,3.0,rough to slightly rough,0.1,None,0,1.0,Fresh,60.0,340.0,340.0,200.0,60.0,3.0,rough to slightly rough,0.1,None,0,1.0,Fresh,75.0,220.0,340.0,200.0,60.0,3.0,tight to open,0,None,0,0,0,4.183300132670376,10.0,101.21758740456127,-75.0,0.0,0.0,235.37204591879635,-20.0,0.7071067811865475,1.0,0.0,0.0,4.472135954999586,-5.0,148.09625248465946,275.0,76.68115805072334,140.0,225.6546033210935,-20.0,0.7071067811865468,1.0,0.0,0.0,8.366600265340756,10.0,67.54628043053148,155.0,62.609903369993404,0.0,225.65460332109325,-20.0,0.8366600265340749,1.0,0.0,0.0,0.6666666666666666,200.0,3.0,2.842170943040401e-14,-0.03333333333333335,0,0,0,0.3536560424115237,0,0.1029343853027842,0.3234428433298912,0.0026742340544690987,0.1387889213111895,0.07216477878399165,0.14285714285714285,0.00046502598
9053.0,70.0,240.0,290.0,200.0,80.0,3.0,Not Recorded,0.1,None,0,1.25,Not Recorded,55.0,340.0,342.5,200.0,80.0,3.0,Not Recorded,0.1,None,0,1.0,Not Recorded,75.0,80.0,217.5,200.0,80.0,3.0,Not Recorded,0,None,0,0,0,4.183300132670376,-5.0,100.97029266076235,-40.0,0.0,0.0,16.733200530679998,20.0,0.7071067811865475,0.0,0.11180339887499018,0.25,6.519202405202653,-5.0,147.19884510416514,0.0,76.68115805072334,0.0,55.49774770204654,20.0,0.7071067811865468,0.0,0.0,0.0,8.94427190999916,0.0,67.11929677819934,-140.0,62.609903369993404,0.0,55.497747702045906,20.0,0.8366600265340749,0.0,0.0,0.0,0.75,200.0,3.0,2.842170943040401e-14,0.016666666666666673,0,0,0,0.2594685646065076,0,0.04837460343138334,0.27218279540991375,0.0011376587831337577,0.0029915309518914464,0.003916508271184645,0.0,0.00023304363
9056.5,70.0,240.0,240.0,200.0,100.0,3.0,rough to slightly rough,0.1,Silty Clay,1,1.5,Fresh to slightly weathered,75.0,345.0,345.0,200.0,100.0,3.0,rough to slightly rough,0.1,Silty Clay,1,1.0,Fresh,70.0,95.0,95.0,200.0,100.0,3.0,rough to slightly rough,0,None,0,0,0,3.5355339059327355,0.0,100.5236290630218,0.0,0.0,0.0,16.733200530680065,20.0,0.7071067811865475,0.0,0.2236067977499795,0.25,7.905694150420952,20.0,146.24465802209664,5.0,62.609903369994186,0.0,16.733200530681604,20.0,0.7071067811865468,0.0,0.0,0.0,4.47213595499958,-5.0,63.50196847342608,15.0,0.0,0.0,16.733200530679724,20.0,0.7071067811865467,0.0,0.0,0.0,0.8333333333333334,200.0,3.0,18.666666666666693,0.03333333333333335,0,0,0,0.25775925060194416,0,0.0326410814141088,0.2851215933792716,0.0017441650055785567,0.0015197216234819836,0.0035347850280872694,0.0,0.00035575067
9060.0,70.0,665.0,160.0,200.0,0.6,2.0,slightly rough,0.55,None,0,1.25,Not Recorded,55.0,340.0,0.0,60.0,0.6,2.0,slightly rough,0.55,None,0,1.0,Not Recorded,20.0,160.0,0.0,0.6,0.6,2.0,slightly rough,0,None,0,0,0,3.5355339059327355,0.0,179.00418989509714,425.0,0.0,0.0,38.22135528732525,-99.4,0.5477225575051661,-1.0,0.20916500663351956,-0.25,8.36660026534076,-20.0,123.5617254654531,-5.0,76.68115805072334,-140.0,38.22135528732589,-99.4,0.5477225575051653,-1.0,0.0,0.0,23.29162939770423,-50.0,64.7495173727187,65.0,89.17439094269112,-199.4,38.22135528732516,-99.4,0.5477225575051652,-1.0,0.0,0.0,0.75,86.86666666666667,2.0,-22.626666666666637,0.016666666666666673,0,0,0,0.26094942720200714,0,0.21710117132735823,0.3096242990234289,0.018087770418032487,0.11418698307679334,0.03473097569786113,0.0,0.03998131
9063.5,70.0,250.0,160.0,200.0,60.0,4.0,rough,1.0,silty clayey material,1,1.0,fresh,65.0,340.0,0.0,200.0,60.0,4.0,rough,1.0,silty clayey material,1,1.0,fresh,70.0,80.0,0.0,200.0,60.0,4.0,rough,0,None,0,0,0,2.2360679774997867,0.0,185.20259177452135,-415.0,0.0,0.0,37.176228964217785,59.4,0.7071067811865475,2.0,0.20916500663351956,-0.25,8.36660026534076,10.0,2.23606797749979,0.0,62.609903369994186,140.0,37.17622896421843,59.4,0.7071067811865468,2.0,0.0,0.0,23.61143790623519,50.0,61.603571325045756,-80.0,89.17439094269112,199.4,37.1762289642177,59.4,0.7071067811865467,2.0,0.0,0.0,0.6666666666666666,200.0,4.0,9.33333333333336,0.0,0,0,0,0.2706243874352479,0,0.20260549729860836,0.3014960219354777,0.001943841571445492,0.245588318714803,0.04826899250282871,0.14285714285714285,0.008958964
9074.5,75.0,250.0,117.5,200.0,330.0,3.0,Not Recorded,0.55,None,0,1.0,Not Recorded,60.0,355.0,37.5,200.0,330.0,3.0,Not Recorded,0.55,None,0,1.0,Not Recorded,35.0,70.0,0.0,200.0,1030.0,3.0,Not Recorded,0,None,0,0,0,2.2360679774997867,5.0,187.89624796679684,0.0,0.0,0.0,126.27696543708976,270.0,0.7071067811865475,-1.0,0.20916500663351956,0.0,8.36660026534076,-5.0,6.519202405202649,15.0,62.609903369994186,0.0,126.27696543708997,270.0,0.7071067811865468,-1.0,0.0,0.0,24.849547279578356,-35.0,36.3318042491699,-10.0,89.17439094269112,0.0,435.32042451509204,970.0,0.7071067811865467,-1.0,0.0,0.0,0.6666666666666666,200.0,3.0,2.842170943040401e-14,0.0,0,0,0,0.28220039876699693,0,0.20080467316563475,0.31571536562566477,0.03305163847034442,0.03877570356930309,0.05711481760899932,0.0,0.011817001
9078.0,75.0,230.0,75.0,200.0,600.0,2.0,slightly rough,0.1,Silty Clay,1,1.0,Fresh,70.0,350.0,75.0,200.0,600.0,2.0,slightly rough,0.1,Silty Clay,1,1.0,Fresh,75.0,75.0,0.0,200.0,2000.0,2.0,Slightly rough,0,None,0,0,0,2.738612787525828,0.0,189.12958520548815,-20.0,0.0,0.0,247.29470677715685,270.0,0.8366600265340755,-1.0,0.2236067977499795,0.0,7.905694150420952,10.0,6.519202405202649,-5.0,62.609903369994186,0.0,247.294706777157,270.0,0.8366600265340749,-1.0,0.0,0.0,24.849547279578356,40.0,36.979724174201195,5.0,89.17439094269112,0.0,871.5667914738376,970.0,0.8366600265340749,-1.0,0.0,0.0,0.6666666666666666,200.0,2.0,2.842170943040401e-14,-0.016666666666666673,0,0,0,0.25542315303246593,0,0.22829949620145418,0.3105369192757342,0.004493616194211112,0.361953115815565,0.0608600658543937,0.0,0.003359283
9085.0,75.0,80.0,260.0,200.0,50.0,4.0,Rough,0.1,None,0,1.0,Fresh,75.0,80.0,0.0,200.0,100.0,4.0,Rough,0.1,None,0,1.5,Fresh to slightly Weathered,35.0,70.0,0.0,200.0,100.0,4.0,Rough,0,None,0,0,0,2.738612787525828,0.0,218.74642854227358,-150.0,0.0,0.0,254.18039263483715,-550.0,0.9999999999999999,2.0,0.11180339887499018,0.0,7.905694150420952,5.0,119.24764148611074,-270.0,62.609903369994186,0.0,247.294706777157,-500.0,0.9999999999999994,2.0,0.223606797749979,0.5,24.13503677229434,-40.0,38.79432948254165,-5.0,89.17439094269112,0.0,871.5667914738376,-1900.0,0.9999999999999994,2.0,0.0,0.0,0.8333333333333334,200.0,4.0,2.842170943040401e-14,0.0,0,0,0,0.17910481038337736,0,0.12493245569336577,0.23305160207988146,0.002414717348202122,0.020114038516285328,0.021711612098014314,0.0,0.0021390487
9087.5,70.0,250.0,170.0,200.0,60.0,4.0,Rough,1.0,None,0,1.0,Not Recorded,65.0,340.0,0.0,200.0,60.0,3.0,Rough to slightly rough,1.0,None,0,1.5,Not Recorded,70.0,70.0,0.0,200.0,60.0,4.0,Rough,0,None,0,0,0,2.738612787525828,-5.0,74.29670248402684,170.0,0.0,0.0,243.20773014030615,10.0,0.8944271909999157,0.0,0.0,0.0,5.700877125495695,-10.0,119.24764148611074,260.0,0.0,0.0,235.37204591879652,-40.0,0.8366600265340749,-1.0,0.2738612787525832,0.0,20.18662923818635,35.0,4.47213595499958,0.0,0.0,0.0,861.0458756651705,-40.0,0.8944271909999153,0.0,0.0,0.0,0.8333333333333334,200.0,3.6666666666666665,22.626666666666694,0.016666666666666673,0,0,0,0.26510537063939293,0,0.2540075609391177,0.31788187253760636,0.0054312454319315265,0.02800113684860882,0.021336099619802516,0.0,0.005912372
9091.5,70.0,250.0,160.0,200.0,60.0,4.0,rough,0.7,None,0,1.0,Not Recorded,75.0,345.0,10.0,200.0,60.0,4.0,rough,0.7,None,0,1.5,Not Recorded,75.0,80.0,50.0,200.0,60.0,4.0,rough,0,None,0,0,0,2.738612787525828,0.0,74.29670248402684,0.0,0.0,0.0,243.20773014030615,0.0,0.8944271909999157,0.0,0.0,0.0,6.519202405202653,10.0,119.76017702057726,5.0,0.0,0.0,235.37204591879652,0.0,0.8366600265340749,1.0,0.2738612787525834,0.0,21.095023109728988,5.0,4.47213595499958,10.0,0.0,0.0,861.0458756651705,0.0,0.8944271909999153,0.0,0.0,0.0,0.8333333333333334,200.0,4.0,0.0,0.03333333333333335,0,0,0,0.2590858073533637,0,0.2417840045012771,0.31424260931557657,0.005554336652739638,0.0008888974911893069,0.010487561199770278,0.2857142857142857,0.0013217215
9094.5,75.0,260.0,350.0,200.0,66.66666666666667,4.0,Rough,0.4,None,0,1.0,Fresh,70.0,350.0,0.0,60.0,66.66666666666667,3.0,Rough to slightly rough,0.4,None,0,1.5,Fresh to Slightly Weathered,70.0,90.0,0.0,60.0,66.66666666666667,4.0,Rough,0,None,0,0,0,2.738612787525828,5.0,75.69676347110224,10.0,0.0,0.0,241.94122334888598,6.666666666666671,0.8944271909999157,0.0,0.0,0.0,4.183300132670385,-5.0,119.14277149705725,5.0,62.609903369994186,-140.0,236.85907671487334,6.666666666666671,0.8366600265340749,-1.0,0.2236067977499796,0.0,16.95582495781317,-5.0,8.366600265340756,10.0,62.609903369993404,-140.0,862.5363116349879,6.666666666666671,0.8944271909999153,0.0,0.0,0.0,0.8333333333333334,106.66666666666667,3.6666666666666665,-18.666666666666636,0.03333333333333335,0,0,0,0.32735300666873396,0,0.27684228068093397,0.3540805170632769,0.012865241958879992,0.08566623115324873,0.043677310689670505,0.2857142857142857,0.0038167126
9098.0,75.0,270.0,175.0,200.0,73.33333333333333,2.0,slightly rough,0.1,None,0,1.0,Not Recorded,70.0,350.0,0.0,68.0,73.33333333333333,2.0,slightly rough,0.1,None,0,1.25,Not Recorded,70.0,350.0,0.0,88.0,73.33333333333333,2.0,slightly rough,0,None,0,0,0,2.738612787525828,0.0,79.81227975693966,10.0,0.0,0.0,8.692269873600491,6.666666666666657,0.8944271909999157,-2.0,0.0,0.0,4.183300132670385,0.0,119.14277149705725,0.0,74.54394676967414,8.0,16.59986613065099,6.666666666666657,0.8366600265340749,-1.0,0.11180339887499095,-0.25,16.355427233796124,0.0,122.14745187681976,260.0,69.71943774873625,28.0,16.599866130651645,6.666666666666657,0.8944271909999153,-2.0,0.0,0.0,0.75,118.66666666666667,2.0,-16.266666666666637,0.016666666666666673,0,0,0,0.21212713415036313,0,0.03863906341994863,0.21006129611115795,0.001368078883957361,0.013968292918575606,0.023488241004640868,0.0,0.0006711905
9101.5,75.0,80.0,0.0,200.0,80.0,2.0,slightly rough,0.1,silty clay material,1,1.0,Fresh,75.0,80.0,0.0,76.0,80.0,2.0,slightly rough,0.1,None,0,1.0,Fresh,75.0,80.0,0.0,116.0,80.0,2.0,slightly rough,0,None,0,0,0,2.738612787525828,0.0,79.81227975693966,-190.0,0.0,0.0,8.69226987360056,6.666666666666671,1.0954451150103321,0.0,0.0,0.0,4.183300132670385,5.0,119.14277149705725,-270.0,72.52034197382149,8.0,8.69226987360217,6.666666666666671,0.8366600265340749,0.0,0.2236067977499795,-0.25,2.7386127875258306,5.0,120.95453691366852,-270.0,64.46084082603878,28.0,8.692269873603484,6.666666666666671,1.0954451150103317,0.0,0.0,0.0,0.6666666666666666,130.66666666666666,2.0,-13.86666666666664,-0.03333333333333335,0,0,0,0.19220484161486961,0,0.06425299018559777,0.20903527844317463,0.003811930341562528,0.011693108176208453,0.010871196038753644,0.0,0.0018643537
9103.0,70.0,175.0,172.5,200.0,86.66666666666667,2.0,Not Recorded,0.1,None,0,1.1666666666666667,Not Recorded,70.0,77.5,0.0,84.0,86.66666666666667,2.0,Not Recorded,0.1,None,0,1.1666666666666667,Not Recorded,72.5,82.5,0.0,144.0,86.66666666666667,2.0,Not Recorded,0,None,0,0,0,2.738612787525828,-5.0,80.2807573457052,95.0,0.0,0.0,10.540925533892207,6.666666666666671,1.0954451150103321,0.0,0.07453559924999395,0.16666666666666674,2.738612787525841,-5.0,147.6736266230365,-2.5,57.93789778719985,8.0,10.540925533893605,6.666666666666671,0.8944271909999153,0.0,0.21730674684008872,0.16666666666666674,2.5,-2.5,119.42047563127522,2.5,53.8590753726789,28.0,10.540925533894617,6.666666666666671,1.0954451150103317,0.0,0.0,0.0,0.7777777777777778,142.66666666666666,2.0,-11.46666666666664,-0.011111111111111117,0,0,0,0.19228051814255495,0,0.01942039489133626,0.22965494108929926,0.0019466843163494355,0.016874161548171222,0.01158775492770089,0.0,0.00035390962
9107.5,65.0,270.0,345.0,200.0,93.33333333333334,2.0,slightly rough,0.1,None,0,1.3333333333333333,Not Recorded,65.0,75.0,0.0,92.0,93.33333333333334,2.0,slightly rough,0.1,None,0,1.3333333333333333,Not Recorded,70.0,85.0,0.0,172.0,93.33333333333334,2.0,slightly rough,0,None,0,0,0,4.472135954999578,-5.0,83.3966426182733,95.0,0.0,0.0,10.54092553389228,6.666666666666671,0.8944271909999156,0.0,0.1490711984999866,0.16666666666666652,3.5355339059327457,-5.0,149.26486525636233,-2.5,12.649110640674309,8.0,10.540925533893766,6.666666666666671,0.4472135954999568,0.0,0.18633899812498286,0.16666666666666652,2.23606797749979,-2.5,118.84864324004712,2.5,44.27188724235625,28.0,10.54092553389469,6.666666666666671,0.8944271909999152,0.0,0.0,0.0,0.8888888888888888,154.66666666666666,2.0,-9.06666666666664,0.011111111111111094,0,0,0,0.20913261020560747,0,0.026471024189327452,0.21124499940043293,0.002025713287072858,0.005714835037013643,0.00567464611779397,0.0,0.00038815843
9111.0,75.0,265.0,350.0,200.0,100.0,4.0,rough,0.1,Silty Clay,1,1.5,Fresh to slightly Weathered,75.0,85.0,350.0,100.0,100.0,4.0,rough,0.1,Silty Clay,1,1.5,Fresh to slightly Weathered,75.0,80.0,260.0,200.0,100.0,4.0,rough,0,None,0,0,0,4.472135954999578,10.0,84.15759026968394,-5.0,0.0,0.0,10.540925533892347,6.666666666666657,0.8944271909999156,2.0,0.21730674684008888,0.16666666666666674,4.183300132670385,10.0,121.0836487722434,10.0,12.649110640674273,8.0,10.540925533893923,6.666666666666657,0.8944271909999154,2.0,0.18633899812498286,0.16666666666666674,2.5,5.0,119.92706116636062,-5.0,44.27188724235629,28.0,10.540925533894757,6.666666666666657,0.8944271909999152,2.0,0.0,0.0,1.0,166.66666666666666,4.0,12.000000000000025,0.033333333333333326,0,0,0,0.18987071552305013,0,0.01688364509331736,0.1946893710855757,0.0012982498256001007,0.004759032032235929,0.013607866355156192,0.0,0.00022969695
9115.0,70.0,265.0,343.3333333333333,100.0,100.0,4.0,Rough,0.1,Silty Clay,1,1.0,Fresh,65.0,355.0,343.3333333333333,60.0,100.0,3.0,Rough to slightly rough,0.1,Silty Clay,1,1.5,Fresh to Slightly Weathered,70.0,95.0,196.66666666666666,200.0,100.0,4.0,Rough,0,None,0,0,0,4.183300132670376,-5.0,83.32166584988565,0.0,44.7213595499956,-100.0,8.69226987360086,0.0,1.0954451150103321,0.0,0.21730674684008888,-0.5,5.000000000000005,-10.0,123.31869282472954,270.0,15.388307249337704,-40.0,8.69226987360286,0.0,0.8944271909999154,-1.0,0.21730674684008866,0.0,2.5,-5.0,6.224949798994366,15.0,36.507533469133634,0.0,8.692269873603784,0.0,1.0954451150103317,0.0,0.0,0.0,0.8333333333333334,120.0,3.6666666666666665,0.26666666666669414,0.016666666666666673,0,0,0,0.3316646758481135,0,0.05870295372822691,0.29219385412911575,0.004269373063761189,0.008505480199392249,0.012333785384876875,0.0,0.001123581
9119.0,70.0,265.0,336.6666666666667,200.0,100.0,2.0,slightly rough,0.1,silty clay,1,1.5,Fresh to slightly Weathered,75.0,355.0,336.6666666666667,200.0,100.0,2.0,slightly rough,0.1,silty clay,1,1.0,Fresh,75.0,195.0,133.33333333333331,200.0,100.0,2.0,slightly rough,0,None,0,0,0,3.5355339059327355,0.0,40.8656334834051,0.0,44.7213595499956,100.0,5.96284793999562,0.0,1.0954451150103321,-2.0,0.21730674684008908,0.5,5.000000000000005,10.0,151.12494830437495,0.0,53.99259208447041,140.0,5.96284793999863,0.0,0.8944271909999154,-1.0,0.21730674684008866,-0.5,2.5,5.0,49.24428900898052,100.0,25.04396134799594,0.0,5.9628479399998815,0.0,1.0954451150103317,-2.0,0.0,0.0,0.8333333333333334,200.0,2.0,13.866666666666697,0.03333333333333335,0,0,0,0.2066636968528298,0,0.04600713791346648,0.2173984368464225,0.001210088812675118,0.014350225703552077,0.010390474837666334,0.0,0.00038760857
9122.0,70.0,270.0,330.0,200.0,100.0,3.0,rough to slightly rough,0.1,Silty Clay,1,1.0,Fresh,65.0,330.0,330.0,100.0,100.0,3.0,rough to slightly rough,0.1,Silty Clay,1,1.5,Fresh to Slightly Weathered,70.0,70.0,70.0,100.0,100.0,3.0,rough to slightly rough,0,None,0,0,0,3.5355339059327355,0.0,2.7386127875258306,5.0,44.7213595499956,0.0,2.98142396999218,0.0,0.9999999999999999,1.0,0.25276251480171896,-0.5,5.4772255750516665,-10.0,146.4581851587681,-25.0,52.73329119256654,-100.0,2.981423969998327,0.0,0.836660026534075,1.0,0.21730674684008874,0.5,2.7386127875258306,-5.0,51.112620750652184,-125.0,43.32204981299839,-100.0,2.9814239700007024,0.0,0.9999999999999994,1.0,0.0,0.0,0.8333333333333334,133.33333333333334,3.0,-1.8666666666666345,0.011111111111111117,0,0,0,0.20361084368334884,0,0.07417829302747736,0.2121547367989192,0.005464475714234572,0.02155931447362684,0.013195834998375516,0.0,0.0008615514
9125.5,70.0,265.0,342.5,200.0,100.0,3.0,rough to slightly rough,0.1,Silty Clay,1,1.0,Fresh,75.0,355.0,165.0,100.0,100.0,3.0,rough to slightly rough,0.1,silty clay materials of thickness 1 - 2 mm,1,1.5,Fresh to slightly Weathered,75.0,70.0,70.0,200.0,100.0,3.0,rough to slightly rough,0,None,0,0,0,2.2360679774997867,0.0,2.23606797749979,-5.0,44.7213595499956,0.0,0.0,0.0,0.8366600265340753,0.0,0.2738612787525835,0.0,5.4772255750516665,10.0,118.4483009586883,25.0,52.15361924162134,0.0,0.0,0.0,0.7071067811865469,0.0,0.22360679774997944,0.0,2.7386127875258306,5.0,52.98584716695582,0.0,44.72135954999483,100.0,0.0,0.0,0.8366600265340749,0.0,0.0,0.0,0.8333333333333334,166.66666666666666,3.0,2.4000000000000283,-0.011111111111111094,0,0,0,0.27817459252856636,0,0.08539047249017628,0.2436520349980212,0.0055903990655588156,0.013135616273415692,0.015548193166738786,0.0,0.0010794634
9130.0,70.0,260.0,355.0,200.0,100.0,3.0,Rough to slightly rough,0.1,None,0,1.0,Fresh,60.0,355.0,0.0,100.0,100.0,2.5,Rough to smooth,0.1,None,0,1.5,Fresh to Slightly Weathered,70.0,70.0,70.0,200.0,100.0,2.5,Rough to smooth,0,None,0,0,0,0.0,0.0,3.5355339059327378,-5.0,44.7213595499956,0.0,0.0,0.0,0.7071067811865474,0.0,0.2236067977499792,0.0,6.708203932499373,-15.0,11.180339887498949,0.0,52.15361924162134,0.0,0.0,0.0,0.447213595499957,-0.5,0.22360679774997944,0.0,2.7386127875258306,-5.0,54.198708471696996,0.0,44.72135954999483,0.0,0.0,0.0,0.7416198487095655,-0.5,0.0,0.0,0.8333333333333334,166.66666666666666,2.6666666666666665,2.842170943040401e-14,-0.033333333333333326,0,0,0,0.3152118284823427,0,0.0652491839723201,0.32888349723037025,0.0061989416416152205,0.013400717893011192,0.06323500361044282,0.2857142857142857,0.001790946
9134.0,75.0,250.0,347.5,200.0,100.0,2.0,Slightly Rough,0.1,Silty Clay,1,1.5,Fresh to slightly Weathered,60.0,360.0,0.0,100.0,100.0,2.0,Slightly Rough,0.1,Silty Clay,1,1.5,Fresh to slightly Weathered,70.0,110.0,35.0,200.0,100.0,2.0,Slightly Rough,0,None,0,0,0,2.2360679774997867,5.0,7.582875444051551,-10.0,0.0,0.0,0.0,0.0,0.547722557505166,-1.0,0.2738612787525835,0.5,7.582875444051554,0.0,11.937336386313323,5.0,44.72135954999596,0.0,0.0,0.0,0.4999999999999991,-0.5,0.22360679774997944,0.0,2.7386127875258306,0.0,54.26785420486054,40.0,44.72135954999483,0.0,0.0,0.0,0.4999999999999989,-0.5,0.0,0.0,1.0,166.66666666666666,2.0,9.33333333333336,0.033333333333333326,0,0,0,0.28673912684740827,0,0.060392403564675984,0.3257463858581664,0.003369334440859499,0.00931576992859475,0.016338602942388772,0.14285714285714285,0.0015315791
9138.5,75.0,250.0,340.0,150.0,100.0,3.0,Rough to slightly rough,0.1,Silty Clay,1,1.0,Fresh,70.0,340.0,0.0,80.0,100.0,3.0,Rough to slightly rough,0.15000000000000002,Silty Clay,1,1.5,Fresh to Slightly Weathered,80.0,70.0,0.0,150.0,100.0,3.0,Rough to slightly rough,0,None,0,0,0,2.738612787525828,0.0,8.94427190999916,0.0,22.36067977499753,-50.0,0.0,0.0,0.44721359549995776,1.0,0.2236067977499792,-0.5,6.519202405202653,10.0,12.549900398011133,-20.0,8.944271910000149,-20.0,0.0,0.0,0.447213595499957,1.0,0.0,0.0,4.47213595499958,10.0,17.88854381999832,-40.0,44.721359549994816,-50.0,0.0,0.0,0.4472135954999567,1.0,0.0,0.0,0.8333333333333334,126.66666666666667,3.0,-14.666666666666638,0.0,0,0,0,0.3705861744315343,0,0.034467563660708,0.35704428715970826,0.002602452246587912,0.15756607142472145,0.11310161284232964,0.42857142857142855,0.0012154377
9143.5,70.0,340.0,340.0,100.0,100.0,2.5,rough to smooth,0.1,silty clay,1,1.5,Fresh to Slightly Weathered,70.0,70.0,340.0,60.0,100.0,2.5,rough to smooth,0.2,silty clay,1,1.5,Fresh to Slightly Weathered,75.0,165.0,165.0,100.0,100.0,3.0,Rough to slightly rough,0,None,0,0,0,2.738612787525828,-5.0,38.01315561749642,90.0,44.72135954999558,-50.0,0.0,0.0,0.44721359549995776,-0.5,0.2738612787525835,0.5,6.708203932499373,0.0,126.56026232589754,-270.0,17.888543819998837,-20.0,0.0,0.0,0.4183300132670368,-0.5,0.0,0.0,4.183300132670378,-5.0,41.773197148410844,95.0,44.721359549994816,-50.0,0.0,0.0,0.4472135954999567,0.0,0.0,0.0,1.0,86.66666666666667,2.6666666666666665,-9.333333333333306,0.033333333333333326,0,0,0,0.30285214609915573,0,0.046126468254649416,0.30222153227183196,0.0031816688331315936,0.03459619876477616,0.020349711219711995,0.0,0.0012937998
9147.5,65.0,350.0,70.0,100.0,100.0,3.0,rough to slightly rough,0.1,Silty Clay,1,1.5,Fresh to Slightly Weathered,65.0,70.0,341.42857142857144,60.0,100.0,3.0,Rough to Slightly Rough,0.1,Silty Clay,1,1.5,Fresh to Slightly Weathered,65.0,70.0,151.42857142857142,200.0,100.0,3.0,Rough to Slightly Rough,0,None,0,0,0,4.183300132670376,-5.0,50.49752469181039,10.0,49.99999999999978,0.0,0.0,0.0,0.44721359549995776,0.5,0.2738612787525837,0.0,5.000000000000005,-5.0,154.45063936416707,0.0,20.000000000000487,0.0,0.0,0.0,0.4183300132670368,0.5,0.0,0.0,5.70087712549569,-10.0,41.773197148410844,-95.0,44.721359549994816,100.0,0.0,0.0,0.4472135954999567,0.0,0.0,0.0,1.0,120.0,3.0,-9.333333333333304,0.033333333333333326,0,0,0,0.29202709486898765,0,0.020722150640702274,0.2625328574354597,0.00393968252694176,0.08149868685260696,0.018028420010825247,0.0,0.00075950194
9151.5,60.0,270.0,106.66666666666666,100.0,100.0,3.0,rough to slightly rough,0.1,Silty Clay,1,1.5,Fresh to Slightly Weathered,65.0,350.0,342.85714285714283,60.0,100.0,3.0,rough to slightly rough,0.1,Silty Clay,1,1.5,Fresh to Slightly Weathered,65.0,70.0,137.85714285714286,200.0,100.0,3.0,rough to slightly rough,0,None,0,0,0,6.519202405202647,-5.0,49.193495504995376,-80.0,44.72135954999552,0.0,0.0,0.0,0.44721359549995776,0.0,0.22360679774998016,0.0,4.183300132670385,0.0,153.52524222420234,280.0,17.888543819998887,0.0,0.0,0.0,0.447213595499957,0.0,0.0,0.0,6.519202405202649,0.0,41.773197148410844,0.0,44.721359549994816,0.0,0.0,0.0,0.4472135954999567,0.0,0.0,0.0,1.0,120.0,3.0,-9.333333333333304,0.033333333333333326,0,0,0,0.30080701938517007,0,0.05061738486689748,0.2684693645328362,0.0012871879624108515,0.09197455647073749,0.013763762777665473,0.0,0.0007299779
9155.5,65.0,310.0,143.33333333333331,200.0,60.0,3.0,rough to slightly rough,0.1,None,0,1.5,Fresh to Slightly Weathered,60.0,340.0,344.2857142857143,70.0,0.0,3.0,rough to slightly rough,0.1,1mm thick silty clay,1,1.5,Fresh to Slightly Weathered,65.0,90.0,124.28571428571428,200.0,100.0,3.0,rough to slightly rough,0,None,0,0,0,5.700877125495689,5.0,43.3589667773576,40.0,44.72135954999552,100.0,17.888543819997018,-40.0,0.2236067977499785,0.0,0.22360679774998016,0.0,4.183300132670385,-5.0,149.76648490233055,-10.0,8.944271910000337,10.0,44.7213595499956,-100.0,0.223606797749977,0.0,0.0,0.0,7.0710678118654755,0.0,41.1703777004778,20.0,44.721359549994816,0.0,0.0,0.0,0.0,0.0,0.0,0.0,1.0,156.66666666666666,3.0,-1.9999999999999716,0.0,0,0,0,0.3050187419208977,0,0.05306452270498314,0.2738746832796997,0.002638983593915122,0.2697403313889588,0.03578120173679406,0.0,0.0008704922
9159.0,75.0,265.0,180.0,200.0,100.0,4.0,Rough,0.1,Silty Clay,1,1.0,Fresh,70.0,10.0,345.7142857142857,100.0,100.0,4.0,Rough,0.1,Silty Clay,1,1.0,Fresh,70.0,70.0,110.71428571428572,200.0,100.0,3.0,Rough to Slightly Rough,0,None,0,0,0,5.700877125495689,10.0,38.98717737923585,-45.0,54.7722557505164,0.0,17.888543819997018,40.0,0.5477225575051659,1.0,0.22360679774998016,-0.5,4.183300132670385,10.0,163.4625339336204,-330.0,17.320508075689368,30.0,44.7213595499956,100.0,0.5477225575051653,1.0,0.22360679774997944,-0.5,4.47213595499958,5.0,41.1703777004778,-20.0,44.72135954999483,0.0,0.0,0.0,0.0,0.0,0.0,0.0,0.6666666666666666,166.66666666666666,3.6666666666666665,8.000000000000025,-0.03333333333333335,0,0,0,0.26482193671705334,0,0.0901101064159527,0.28168029784937476,0.006123400503963341,0.07598173425977124,0.040823928714151206,0.0,0.0026032631
9164.0,60.0,270.0,216.66666666666666,200.0,100.0,3.0,rough to slightly rough,0.1,None,0,1.0,Fresh,60.0,70.0,347.14285714285717,60.0,100.0,3.0,rough to slightly rough,0.1,None,0,1.5,Fresh to Slightly Weathered,65.0,75.0,97.14285714285714,200.0,100.0,3.0,rough to slightly rough,0,None,0,0,0,6.123724356957944,-15.0,36.6742416417845,5.0,54.77225575051643,0.0,17.888543819997018,0.0,0.44721359549995765,-1.0,0.2738612787525837,0.0,4.183300132670385,-10.0,163.4625339336204,60.0,17.320508075689368,-40.0,44.7213595499956,0.0,0.44721359549995693,-1.0,0.22360679774997944,0.5,2.23606797749979,-5.0,8.660254037844387,5.0,0.0,0.0,0.0,0.0,0.0,0.0,0.0,0.0,0.8333333333333334,153.33333333333334,3.0,13.333333333333362,-0.033333333333333326,0,0,0,0.24501689263696064,0,0.09851992859934074,0.24664503083702385,0.008112931606259092,0.06402909673142694,0.007491726376587165,0.0,0.013818238
9168.0,75.0,260.0,253.33333333333331,200.0,100.0,1.0,smooth,0.1,None,0,1.0,Fresh,75.0,15.0,348.57142857142856,60.0,300.0,1.0,smooth,1.0,Silty Clay,1,1.5,Fresh to slightly Weathered,70.0,75.0,83.57142857142857,200.0,100.0,3.0,Rough to Slightly Rough,0,None,0,0,0,7.58287544405155,15.0,20.0,-10.0,44.7213595499956,0.0,17.888543819997018,0.0,1.0954451150103321,-2.0,0.2738612787525834,0.0,6.519202405202653,15.0,173.26280616450836,-55.0,17.320508075689368,0.0,109.54451150103323,200.0,1.0954451150103317,-2.0,0.22360679774997944,0.0,2.7386127875258306,5.0,8.215838362577491,0.0,0.0,0.0,0.0,0.0,0.0,0.0,0.0,0.0,0.8333333333333334,153.33333333333334,1.6666666666666667,6.666666666666697,-0.033333333333333326,0,0,0,0.2498340532953352,0,0.15745280064219755,0.31068501018843936,0.045457379034558196,0.7277653247710637,0.04395629706917373,0.0,0.004077832
9171.0,60.0,290.0,290.0,200.0,100.0,3.0,rough to slightly rough,0.1,None,0,1.0,Fresh,60.0,350.0,350.0,60.0,100.0,3.0,rough to slightly rough,0.1,None,0,1.0,Fresh,60.0,70.0,70.0,200.0,100.0,3.0,rough to slightly rough,0,None,0,0,0,7.58287544405155,-15.0,20.73644135332772,30.0,0.0,0.0,17.888543819997018,0.0,1.0954451150103321,2.0,0.223606797749979,0.0,7.071067811865479,-15.0,173.26280616450836,335.0,17.320508075689368,0.0,109.54451150103323,-200.0,1.0954451150103317,2.0,0.2738612787525834,-0.5,4.183300132670378,-10.0,8.215838362577491,-5.0,0.0,0.0,0.0,0.0,0.0,0.0,0.0,0.0,0.6666666666666666,153.33333333333334,3.0,6.666666666666697,-0.06666666666666668,0,0,0,0.26031917243799696,0,0.13366292050801723,0.25527208550200375,0.042543011738505734,0.06182614709923541,0.02253955797104098,0.0,0.005938124
9174.5,70.0,265.0,170.0,200.0,50.0,4.0,Rough,0.1,None,0,1.5,Fresh to slightly Weathered,75.0,275.0,0.0,100.0,100.0,4.0,Rough,0.1,None,0,1.5,Fresh to slightly Weathered,70.0,275.0,0.0,200.0,50.0,3.0,Rough to Slightly Rough,0,None,0,0,0,7.58287544405155,10.0,11.726039399558575,-25.0,0.0,0.0,22.36067977499685,-50.0,1.224744871391589,1.0,0.223606797749979,0.5,7.582875444051554,15.0,157.852779513064,-75.0,21.9089023002071,40.0,89.44271909999165,0.0,1.2247448713915887,1.0,0.2738612787525834,0.5,4.47213595499958,10.0,90.5952537388135,205.0,0.0,0.0,22.360679774997983,-50.0,0.0,0.0,0.0,0.0,1.0,166.66666666666666,3.6666666666666665,2.0000000000000284,0.0,0,0,0,0.15102653783670927,0,0.05576576638812953,0.17226323353276926,0.00466599145091967,0.00381514735528677,0.0023095102837231707,0.0,0.00084119185
9179.0,65.0,270.0,170.0,200.0,100.0,3.0,rough to slightly rough,0.1,None,0,1.0,Fresh,60.0,340.0,355.0,60.0,100.0,3.0,rough to slightly rough,0.1,None,0,1.0,Fresh,60.0,80.0,80.0,200.0,100.0,3.0,rough to slightly rough,0,None,0,0,0,6.519202405202647,-5.0,11.40175425099138,5.0,0.0,0.0,22.36067977499685,50.0,1.0954451150103321,-1.0,0.223606797749979,-0.5,8.215838362577495,-15.0,156.8040178056672,65.0,17.888543819998898,-40.0,89.44271909999165,0.0,1.0954451150103317,-1.0,0.2738612787525834,-0.5,5.0,-10.0,89.51256894984078,-195.0,0.0,0.0,22.360679774997983,50.0,0.0,0.0,0.0,0.0,0.6666666666666666,153.33333333333334,3.0,-2.6666666666666345,0.0,0,0,0,0.18840150815875992,0,0.10083892402190038,0.2028651581838313,0.0032959048984431776,0.001253496096745423,0.0027564624206765547,0.0,0.0024277652
9182.5,70.5,270.0,165.0,200.0,400.0,3.0,rough to slightly rough,0.5,None,0,1.0,Fresh,73.5,350.0,165.0,60.0,400.0,3.0,rough to slightly rough,0.5,None,0,1.5,Fresh to Slightly Weathered,65.5,70.0,70.0,200.0,400.0,3.0,Rough to Slightly Rough,0,None,0,0,0,5.748912940721923,5.5,11.40175425099138,0.0,0.0,0.0,141.4213562373094,300.0,1.0954451150103321,0.0,0.223606797749979,0.0,7.965550828411056,13.5,143.76195602453384,10.0,17.888543819998898,0.0,141.42135623730965,300.0,1.0954451150103317,0.0,0.2738612787525834,0.5,5.004997502496879,5.5,90.09716976686893,-10.0,0.0,0.0,141.42135623730957,300.0,0.0,0.0,0.0,0.0,0.8333333333333334,153.33333333333334,3.0,2.842170943040401e-14,0.0,0,0,0,0.24235149395146346,0,0.14925067314550255,0.252418375314458,0.004732924403388178,0.0022510048725400884,0.011734648613004049,0.0,0.0025507512
9187.0,70.0,65.0,330.0,100.0,700.0,3.0,Rough to Slightly Rough,0.1,Silty Clay,1,1.5,Fresh to slightly Weathered,70.0,65.0,330.0,100.0,700.0,3.0,Rough to Slightly Rough,0.1,Silty Clay,1,1.5,Fresh to slightly Weathered,70.0,65.0,330.0,100.0,700.0,3.0,Rough to Slightly Rough,0,None,0,0,0,4.56070170039655,-0.5,93.84828181698373,-205.0,44.7213595499956,-100.0,277.48873851023217,300.0,0.4472135954999577,0.0,0.2738612787525834,0.5,7.259476565152618,-3.5,122.03483109342184,-285.0,21.9089023002071,40.0,268.3281572999749,300.0,0.447213595499957,0.0,0.2738612787525834,0.0,5.004997502496879,4.5,91.28252844876724,-5.0,44.72135954999483,-100.0,277.4887385102323,300.0,0.0,0.0,0.0,0.0,1.0,100.0,3.0,-10.66666666666664,0.033333333333333326,0,0,0,0.2683762466890318,0,0.19297384323752825,0.30991387284327554,0.020798667220455338,0.011314823144373033,0.01580726889923489,0.0,0.006050983
9191.0,65.0,270.0,330.0,60.0,0.6,3.0,rough to slightly rough,0.1,None,0,1.0,Fresh,65.0,350.0,197.5,60.0,0.6,3.0,rough to slightly rough,0.1,None,0,1.0,Fresh,65.0,80.0,80.0,200.0,1.0,3.0,Rough to Slightly Rough,0,None,0,0,0,2.8372521918222198,-5.0,91.14548809458425,205.0,67.23094525588628,-40.0,295.67731059382965,-699.4,0.4472135954999577,0.0,0.2738612787525834,-0.5,6.200806399171002,-5.0,122.03483109342184,285.0,21.9089023002071,-40.0,287.9619280391074,-699.4,0.447213595499957,0.0,0.2738612787525834,-0.5,4.159326868617085,-5.0,90.23580220732788,15.0,44.72135954999483,100.0,295.5929633803891,-699.0,0.0,0.0,0.0,0.0,0.6666666666666666,106.66666666666667,3.0,-9.333333333333306,0.0,0,0,0,0.2835140725173117,0,0.1689381392858771,0.32406721201167665,0.00576910160020111,0.09456564209051184,0.11350731266622914,0.2857142857142857,0.0049933875
9195.0,70.0,80.0,330.0,100.0,500.0,3.0,Rough to Slightly Rough,1.0,Silty Clay,1,1.5,Fresh to slightly Weathered,70.0,85.0,65.0,150.0,300.0,3.0,Rough to Slightly Rough,1.0,Silty Clay,1,1.5,Fresh to slightly Weathered,70.0,85.0,65.0,200.0,1500.0,3.0,Rough to Slightly Rough,0,None,0,0,0,2.8372521918222198,5.0,108.30512453249847,-190.0,64.18722614352467,40.0,287.92025284790236,499.4,0.0,0.0,0.2738612787525834,0.5,5.263078946776312,5.0,149.0218104842375,-265.0,39.749213828703816,90.0,273.6970441930276,299.4,0.0,0.0,0.2738612787525834,0.5,4.159326868617085,5.0,8.215838362577491,5.0,44.72135954999483,0.0,602.2708692938752,1499.0,0.0,0.0,0.0,0.0,1.0,150.0,3.0,-3.333333333333303,0.0,0,0,0,0.21879976770864853,0,0.1966982197383195,0.24218956667926983,0.012418772230998699,0.1557591852430301,0.042292317122526735,0.0,0.0020692693
9199.0,60.0,270.0,340.0,200.0,100.0,3.0,Rough to slightly rough,0.1,None,0,1.0,Fresh,60.0,340.0,60.0,60.0,100.0,3.0,Rough to slightly rough,0.1,None,0,1.0,Fresh,60.0,660.0,60.0,200.0,100.0,3.0,Rough to Slightly Rough,0,None,0,0,0,4.56070170039655,-10.0,108.30512453249847,190.0,64.18722614352467,100.0,287.92025284790236,-400.0,0.0,0.0,0.2738612787525834,-0.5,5.263078946776312,-10.0,149.0218104842375,255.0,39.749213828703816,-90.0,273.6970441930276,-200.0,0.0,0.0,0.2738612787525834,-0.5,4.159326868617085,-10.0,261.73937418737745,575.0,44.72135954999483,0.0,602.2708692938752,-1400.0,0.0,0.0,0.0,0.0,0.6666666666666666,153.33333333333334,3.0,2.842170943040401e-14,0.0,0,0,0,0.1674888946587391,0,0.10161270842510732,0.1883113463836566,0.004667850345028426,0.0018042461465463692,0.01679128168435673,0.0,0.00091011764
9202.5,70.0,265.0,340.0,200.0,100.0,4.0,Rough,0.1,None,0,1.5,Fresh to slightly Weathered,75.0,360.0,153.33333333333331,100.0,100.0,4.0,Rough,0.1,None,0,1.5,Fresh to slightly Weathered,70.0,75.0,40.0,200.0,100.0,3.0,Rough to Slightly Rough,0,None,0,0,0,4.472135954999577,10.0,107.41275529470417,-5.0,64.18722614352467,0.0,303.1766349836346,0.0,0.4472135954999577,1.0,0.2738612787525837,0.5,5.700877125495695,15.0,150.95529139450528,20.0,37.14835124201366,40.0,279.15599939818605,0.0,0.447213595499957,1.0,0.2738612787525834,0.5,4.4721359549995805,10.0,261.16565624139787,-585.0,44.72135954999483,0.0,633.8455647868809,0.0,0.0,0.0,0.0,0.0,1.0,166.66666666666666,3.6666666666666665,2.6666666666666914,0.033333333333333326,0,0,0,0.13481345498007677,0,0.06029006266235471,0.1188923882749327,0.0007903390779781394,7.226540084217575e-05,0.0149907309548478,0.0,0.0011628175
9206.5,60.0,270.0,340.0,600.0,100.0,3.0,Rough to slightly rough,0.1,None,0,1.25,Not Recorded,65.0,340.0,246.66666666666666,600.0,100.0,3.0,Rough to slightly rough,0.1,None,0,1.5,Not Recorded,60.0,70.0,20.0,600.0,100.0,3.0,Rough to slightly rough,0,None,0,0,0,4.999999999999998,-10.0,84.4393273303382,5.0,214.75567512873786,400.0,194.81291538293857,0.0,0.4472135954999577,-1.0,0.25000000000000056,-0.25,5.700877125495695,-10.0,117.6860229593982,-20.0,229.95651762887695,500.0,109.38040043810409,0.0,0.447213595499957,-1.0,0.2738612787525834,0.0,5.000000000000001,-10.0,260.5618928393022,-5.0,178.88543819998299,400.0,638.6080174880362,0.0,0.0,0.0,0.0,0.0,0.9166666666666666,600.0,3.0,100.00000000000003,-0.016666666666666673,0,0,0,0.22802986995334987,0,0.12955130485816152,0.2369578127943308,0.003684993273496451,6.414838880059703e-05,0.06776466589918764,0.14285714285714285,0.003367278
9214.0,60.0,280.0,340.0,200.0,100.0,3.0,Rough to Slightly Rough,0.1,None,0,1.0,Fresh,65.0,340.0,340.0,60.0,100.0,3.0,Rough to Slightly Rough,0.1,None,0,1.5,Fresh to Slightly Weathered,60.0,80.0,0.0,200.0,100.0,3.0,Rough to Slightly Rough,0,None,0,0,0,5.477225575051659,0.0,85.70297544426332,10.0,194.93588689617928,-400.0,178.88543819998313,0.0,0.4472135954999577,0.0,0.25000000000000056,-0.25,5.700877125495695,0.0,116.59759860305871,0.0,229.95651762887695,-540.0,89.44271909999165,0.0,0.447213595499957,0.0,0.22360679774997944,0.0,5.477225575051662,0.0,260.5618928393022,10.0,178.88543819998299,-400.0,626.0990336999411,0.0,0.0,0.0,0.0,0.0,0.8333333333333334,153.33333333333334,3.0,9.333333333333371,0.03333333333333335,0,0,0,0.2640368802860549,0,0.16215348247836564,0.31585555900650913,0.004897127753051601,0.0001035053118671404,0.04645079873396612,0.2857142857142857,0.0040754643
9218.0,75.0,10.0,70.0,200.0,100.0,2.5,Rough to smooth,0.1,Silty clay,1,1.5,Fresh to slightly Weathered,70.0,65.0,250.0,60.0,100.0,2.5,Rough to smooth,0.1,Silty clay,1,1.5,Fresh to slightly Weathered,70.0,65.0,65.0,200.0,100.0,2.5,Rough to smooth,0,None,0,0,0,7.071067811865474,15.0,116.96153213770756,-270.0,178.88543819998318,0.0,0.0,0.0,0.547722557505166,-0.5,0.25000000000000056,0.5,5.700877125495695,5.0,125.51892287619425,-275.0,237.65521244020718,0.0,0.0,0.0,0.5477225575051653,-0.5,0.22360679774997944,0.0,5.477225575051662,10.0,262.797450520358,-15.0,178.88543819998299,0.0,0.0,0.0,0.22360679774997652,-0.5,0.0,0.0,1.0,153.33333333333334,2.5,0.6666666666667084,0.0,0,0,0,0.21198194466304876,0,0.06019945128529712,0.2592830850107799,0.0028637025533829108,0.0036783358933402885,0.037031489690809494,0.14285714285714285,0.006932674
9225.5,75.0,250.0,250.0,200.0,60.0,2.5,rough to smooth,0.1,silty clay,1,1.5,Fresh to slightly Weathered,70.0,10.0,100.0,200.0,60.0,2.5,rough to smooth,0.1,silty clay,1,1.5,Fresh to slightly Weathered,80.0,70.0,170.0,200.0,75.0,4.0,Rough,0,None,0,0,0,7.582875444051549,0.0,115.10864433221339,240.0,178.88543819998318,0.0,17.888543819997572,-40.0,0.6123724356957944,0.0,0.22360679774998,0.0,4.183300132670385,0.0,170.64583206161234,-55.0,228.6482013924448,140.0,17.888543819998045,-40.0,0.6123724356957938,0.0,0.0,0.0,8.366600265340756,10.0,5.70087712549569,5.0,178.88543819998299,0.0,11.18033988749364,-25.0,0.5477225575051651,1.5,0.0,0.0,1.0,200.0,3.0,9.333333333333371,0.06666666666666668,0,0,0,0.35257759563243124,0,0.10573117050746994,0.3628547414883029,0.013995534976559367,0.8625377728771702,0.1830587266332488,0.0,0.011371622
9233.5,75.0,275.0,275.0,200.0,100.0,2.5,Rough to smooth,0.1,Silty clay,1,1.5,Fresh to slightly Weathered,70.0,330.0,330.0,100.0,100.0,2.5,Rough to smooth,0.1,Silty clay,1,1.5,Fresh to slightly Weathered,75.0,95.0,95.0,200.0,50.0,3.0,Rough to Slightly Rough,0,None,0,0,0,8.21583836257749,0.0,116.27553482998907,25.0,178.88543819998318,0.0,17.888543819997572,40.0,0.27386127875258276,0.0,0.22360679774998,0.0,2.738612787525841,0.0,165.0605949341029,320.0,228.6482013924448,-100.0,17.888543819998045,40.0,0.27386127875258154,0.0,0.0,0.0,8.94427190999916,-5.0,11.937336386313323,25.0,178.88543819998299,0.0,22.36067977499514,-25.0,0.5477225575051651,-1.0,0.0,0.0,1.0,166.66666666666666,2.6666666666666665,3.979039320256561e-14,0.0,0,0,0,0.373759422570733,0,0.180372168988937,0.4179987552315795,0.008800666181443118,0.9711014603776527,0.3131449521930872,0.0,0.014300379
9237.5,60.0,300.0,286.0,200.0,75.0,3.0,Rough to slightly rough,0.1,None,0,1.0,Fresh,60.0,340.0,276.0,100.0,75.0,3.0,Rough to slightly rough,0.1,None,0,1.0,Fresh,60.0,70.0,90.0,200.0,50.0,3.0,Rough to slightly rough,0,None,0,0,0,8.21583836257749,-15.0,120.3951826278776,25.0,0.0,0.0,18.574175621005974,-25.0,0.27386127875258276,0.5,0.27386127875258376,-0.5,4.472135954999586,-10.0,165.0605949341029,10.0,57.27128425310554,0.0,18.57417562100639,-25.0,0.27386127875258154,0.5,0.22360679774997944,-0.5,8.94427190999916,-15.0,11.937336386313323,-25.0,0.0,0.0,24.999999999997442,0.0,0.5477225575051651,0.0,0.0,0.0,0.6666666666666666,166.66666666666666,3.0,-86.66666666666663,-0.05,0,0,0,0.29010474246382256,0,0.11150892517531837,0.28958047349201294,0.07910259203071235,0.40127688283019736,0.03682729849392171,0.0,0.0017003266
9241.0,70.0,250.0,297.0,200.0,50.0,2.0,slightly rough,0.1,silty clay,1,1.5,Fresh to slightly Weathered,70.0,340.0,222.0,100.0,50.0,2.0,slightly rough,0.1,silty clay,1,1.5,Fresh to slightly Weathered,75.0,65.0,85.0,200.0,50.0,3.0,Rough to Slightly Rough,0,None,0,0,0,6.5192024052026465,10.0,117.55849607748476,-50.0,0.0,0.0,22.803508501982133,-25.0,0.35355339059327356,-1.0,0.2236067977499802,0.5,4.472135954999586,10.0,165.0605949341029,0.0,52.153619241621314,0.0,22.803508501982407,-25.0,0.3535533905932726,-1.0,0.22360679774997944,0.5,7.582875444051551,15.0,12.549900398011133,-5.0,0.0,0.0,22.360679774994935,0.0,0.5477225575051651,0.0,0.0,0.0,1.0,166.66666666666666,2.3333333333333335,2.666666666666697,0.033333333333333326,0,0,0,0.22644526498577505,0,0.08753877290601693,0.23615642337517354,0.00793059033571262,0.07044899533253891,0.00464997276844333,0.0,0.0009657982
9245.0,65.0,280.0,308.0,200.0,100.0,2.5,rough to smooth,0.1,None,0,1.0,Fresh,65.0,340.0,168.0,60.0,100.0,2.5,rough to smooth,0.1,None,0,1.0,Fresh,65.0,80.0,80.0,200.0,100.0,3.0,Rough to Slightly Rough,0,None,0,0,0,6.5192024052026465,-5.0,21.330729007701542,30.0,0.0,0.0,22.803508501982133,50.0,0.35355339059327356,0.5,0.27386127875258376,-0.5,4.472135954999586,-5.0,146.52644812456214,0.0,52.153619241621314,-40.0,22.803508501982407,50.0,0.3535533905932726,0.5,0.2738612787525834,-0.5,8.215838362577491,-10.0,11.937336386313323,15.0,0.0,0.0,22.360679774994935,50.0,0.4472135954999567,0.0,0.0,0.0,0.6666666666666666,153.33333333333334,2.6666666666666665,3.410605131648481e-14,-0.06666666666666668,0,0,0,0.3038005552354953,0,0.17986248248619024,0.31591625545091373,0.025389584114288447,0.11974857380104428,0.053777542422206476,0.0,0.0054229093
9248.5,70.0,265.0,319.0,200.0,800.0,3.0,Rough to Slightly Rough,0.1,Silty Clay,1,1.5,Fresh to slightly Weathered,70.0,340.0,114.0,200.0,800.0,3.0,Rough to Slightly Rough,0.1,None,0,1.5,Fresh to slightly Weathered,70.0,65.0,82.22222222222223,200.0,2000.0,3.0,Rough to Slightly Rough,0,None,0,0,0,5.700877125495688,5.0,18.506755523321747,-15.0,0.0,0.0,322.1024681681281,700.0,0.4183300132670376,0.5,0.27386127875258376,0.5,4.472135954999586,5.0,4.47213595499958,0.0,52.153619241621314,140.0,322.1024681681282,700.0,0.4183300132670368,0.5,0.2738612787525834,0.5,6.519202405202649,5.0,12.747548783981962,-15.0,0.0,0.0,866.7467911679859,1900.0,0.0,0.0,0.0,0.0,1.0,200.0,3.0,3.410605131648481e-14,0.0,0,0,0,0.22861967514412665,0,0.17810523429266908,0.2381150380209463,0.009665766671573702,0.35499588949286265,0.03850511572161995,0.0,0.0015184778
9252.5,60.0,270.0,330.0,200.0,100.0,3.0,rough to slightly rough,0.1,None,0,1.0,Fresh,45.0,330.0,60.0,60.0,100.0,3.0,rough to slightly rough,0.1,None,0,1.5,Fresh to Slightly Weathered,60.0,60.0,84.44444444444444,100.0,100.0,3.0,rough to slightly rough,0,None,0,0,0,4.999999999999997,-10.0,18.57417562100671,5.0,0.0,0.0,322.1024681681281,-700.0,0.44721359549995776,0.0,0.2738612787525835,-0.5,10.368220676663864,-25.0,4.47213595499958,-10.0,57.27128425310554,-140.0,322.1024681681282,-700.0,0.447213595499957,0.0,0.2738612787525834,0.0,6.519202405202649,-10.0,7.582875444051551,-5.0,44.72135954999483,-100.0,861.2490928877662,-1900.0,0.0,0.0,0.0,0.0,0.8333333333333334,120.0,3.0,-9.333333333333297,-0.033333333333333326,0,0,0,0.2585956862651844,0,0.18408762895806474,0.2676460279360233,0.005567244471312848,0.02436265046991189,0.049926350842917334,0.14285714285714285,0.0023419734
9256.0,70.0,260.0,295.0,200.0,100.0,3.0,Rough to Slightly Rough,0.1,Silty Clay,1,1.5,Fresh to slightly Weathered,75.0,340.0,195.0,60.0,100.0,3.0,Rough to Slightly Rough,0.1,Silty Clay,1,1.5,Fresh to slightly Weathered,75.0,85.0,86.66666666666667,150.0,100.0,3.0,Rough to Slightly Rough,0,None,0,0,0,4.472135954999576,10.0,11.180339887498949,-10.0,0.0,0.0,319.3743884534262,0.0,0.44721359549995776,0.0,0.27386127875258376,0.5,11.726039399558577,30.0,4.47213595499958,10.0,60.66300355241253,0.0,319.3743884534263,0.0,0.447213595499957,0.0,0.22360679774997944,0.0,6.519202405202649,15.0,10.8397416943394,25.0,44.721359549994816,50.0,855.5699854482975,0.0,0.0,0.0,0.0,0.0,1.0,136.66666666666666,3.0,-5.999999999999966,0.06666666666666668,0,0,0,0.27666092258341274,0,0.19539382866451505,0.2513514831111682,0.004876268092831481,0.009545873669139133,0.011348455359539558,0.0,0.0044662296
9260.0,60.0,260.0,260.0,100.0,100.0,3.0,rough to slightly rough,0.1,silty clay,1,1.5,Fresh to Slightly Weathered,60.0,330.0,330.0,60.0,100.0,3.0,rough to slightly rough,0.1,silty clay,1,1.0,Fresh,60.0,80.0,88.88888888888889,200.0,100.0,3.0,Rough to Slightly Rough,0,None,0,0,0,4.999999999999997,-10.0,8.366600265340756,0.0,44.72135954999568,-100.0,313.04951684997053,0.0,0.2236067977499785,0.0,0.27386127875258376,0.0,11.510864433221341,-15.0,5.477225575051661,-10.0,62.60990336999424,0.0,313.04951684997064,0.0,0.223606797749977,0.0,0.2738612787525834,-0.5,6.519202405202649,-15.0,10.8397416943394,-5.0,44.721359549994816,50.0,849.7058314499202,0.0,0.0,0.0,0.0,0.0,0.8333333333333334,120.0,3.0,-9.333333333333297,-0.033333333333333326,0,0,0,0.27684257509391713,0,0.1785238952372711,0.2677397324286302,0.005375569857299194,0.025969233190398077,0.013306007039009648,0.0,0.003160512
9264.0,70.0,245.0,268.3333333333333,100.0,100.0,3.0,Rough to Slightly Rough,0.1,Silty Clay,1,1.5,Fresh to slightly Weathered,70.0,355.0,275.0,100.0,100.0,3.0,Rough to Slightly Rough,0.1,Silty Clay,1,1.5,Fresh to slightly Weathered,80.0,65.0,91.11111111111111,100.0,50.0,3.0,Rough to Slightly Rough,0,None,0,0,0,5.4772255750516585,10.0,9.354143466934854,-15.0,54.7722557505165,0.0,313.04951684997053,0.0,0.0,0.0,0.2236067977499802,0.0,11.937336386313325,10.0,10.246950765959598,25.0,60.66300355241253,40.0,313.04951684997064,0.0,0.0,0.0,0.22360679774997944,0.5,8.94427190999916,20.0,10.8397416943394,-15.0,49.9999999999991,-100.0,855.5699854482975,-50.0,0.0,0.0,0.0,0.0,1.0,100.0,3.0,-10.666666666666634,0.06666666666666668,0,0,0,0.2055619226125669,0,0.2832897019479314,0.272473308090441,0.026336137558273187,0.00982617395423764,0.006052555252602402,0.0,0.004831489
9268.0,65.0,270.0,276.6666666666667,200.0,80.0,3.0,rough to slightly rough,0.1,silty clay,1,1.0,Fresh,60.0,330.0,220.0,60.0,80.0,3.0,rough to slightly rough,0.1,silty clay,1,1.5,Fresh to Slightly Weathered,60.0,70.0,93.33333333333333,100.0,50.0,3.0,rough to slightly rough,0,None,0,0,0,4.999999999999997,-5.0,10.246950765959598,25.0,54.7722557505165,100.0,8.94427190999832,-20.0,0.0,0.0,0.27386127875258376,-0.5,11.510864433221341,-10.0,10.954451150103322,-25.0,17.88854381999886,-40.0,8.944271909998243,-20.0,0.0,0.0,0.22360679774997944,0.0,9.746794344808963,-20.0,10.36822067666386,5.0,44.72135954999476,0.0,27.38612787525612,0.0,0.0,0.0,0.0,0.0,0.8333333333333334,120.0,3.0,-15.999999999999966,-0.033333333333333326,0,0,0,0.2820898668529241,0,0.09329092682692869,0.249226693536835,0.0027290464131068297,0.015543694807063394,0.04904882774537466,0.0,0.0022717933
9271.0,70.0,250.0,285.0,200.0,60.0,3.0,slightly undulated and rough,0.1,silty clay,1,2.0,slightly weathered,70.0,320.0,165.0,200.0,60.0,3.0,slightly undulated and rough,0.1,silty clay,1,2.0,slightly weathered,45.0,65.0,95.55555555555556,80.0,50.0,2.0,slightly rough,0,None,0,0,0,4.472135954999576,5.0,9.746794344808963,-20.0,54.7722557505165,0.0,17.888543819997874,-20.0,0.0,0.0,0.3535533905932748,1.0,6.708203932499373,10.0,13.228756555322953,-10.0,60.66300355241253,140.0,17.888543819997757,-20.0,0.0,0.0,0.35355339059327406,0.5,13.874436925511608,-15.0,9.082951062292475,-5.0,48.78524367060092,-20.0,27.386127875256037,0.0,0.4472135954999567,-1.0,0.0,0.0,1.3333333333333333,160.0,2.6666666666666665,8.000000000000034,0.09999999999999998,0,0,0,0.30688533115107913,0,0.11591042093904794,0.3544815242397103,0.004734421970311819,0.017000309816817466,0.016503724243672562,0.14285714285714285,0.0012824318
9275.0,60.0,270.0,293.3333333333333,60.0,80.0,3.0,rough to slightly rough,0.1,None,0,1.0,Fresh,60.0,330.0,110.0,60.0,80.0,3.0,rough to slightly rough,0.1,None,0,1.0,Fresh,60.0,70.0,97.77777777777777,60.0,50.0,3.0,Rough to Slightly Rough,0,None,0,0,0,4.999999999999997,-10.0,11.40175425099138,20.0,64.18722614352473,-140.0,16.733200530681025,20.0,0.0,0.0,0.41833001326703845,-1.0,5.4772255750516665,-10.0,13.038404810405298,10.0,60.66300355241253,-140.0,16.733200530680858,20.0,0.0,0.0,0.418330013267038,-1.0,12.449899597988733,15.0,6.123724356957945,5.0,54.03702434442431,-20.0,22.360679774995013,0.0,0.4472135954999567,1.0,0.0,0.0,0.6666666666666666,60.0,3.0,-15.333333333333297,-0.06666666666666668,0,0,0,0.310287305747196,0,0.15214380546559217,0.32496302828745666,0.009759448613152616,0.42269879883387906,0.1254799860132996,0.14285714285714285,0.0030673293
9278.5,75.0,255.0,301.6666666666667,60.0,100.0,2.0,slightly rough,0.1,None,0,1.5,Fresh to slightly Weathered,70.0,345.0,55.0,60.0,100.0,2.0,slightly rough,0.1,None,0,1.5,Fresh to slightly Weathered,70.0,220.0,100.0,60.0,50.0,2.0,slightly rough,0,None,0,0,0,5.700877125495688,15.0,11.510864433221338,-15.0,71.27411872482172,0.0,16.733200530681025,20.0,0.44721359549995765,-1.0,0.41833001326703845,0.5,5.4772255750516665,10.0,13.874436925511608,15.0,60.66300355241253,0.0,16.733200530680858,20.0,0.4472135954999569,-1.0,0.35355339059327406,0.5,13.038404810405298,10.0,68.24587899646396,150.0,19.999999999997552,0.0,0.0,0.0,0.5477225575051651,-1.0,0.0,0.0,1.0,60.0,2.0,-11.999999999999966,0.033333333333333326,0,0,0,0.3008894225947239,0,0.08591862625178916,0.3200791679242427,0.003680927611225362,0.7007376761438938,0.18139874574638715,0.14285714285714285,0.0014030915
9282.5,65.0,280.0,310.0,200.0,100.0,3.0,rough to slightly rough,0.1,None,0,1.0,Fresh,60.0,350.0,0.0,60.0,100.0,3.0,rough to slightly rough,0.1,None,0,1.0,Fresh,60.0,70.0,100.0,100.0,100.0,3.0,rough to slightly rough,0,None,0,0,0,5.700877125495688,-10.0,12.24744871391589,25.0,76.68115805072316,140.0,16.733200530681025,0.0,0.44721359549995765,1.0,0.44721359549995837,-0.5,5.4772255750516665,-10.0,12.24744871391589,5.0,62.60990336999424,0.0,16.733200530680858,0.0,0.4472135954999569,1.0,0.418330013267038,-0.5,8.94427190999916,-10.0,67.67569726275453,-150.0,19.999999999997552,40.0,22.360679774995013,50.0,0.5477225575051651,1.0,0.0,0.0,0.6666666666666666,120.0,3.0,4.000000000000034,-0.06666666666666668,0,0,0,0.28986007403506897,0,0.09596477713589101,0.2633054763405767,0.001227672466619548,0.27665353209229887,0.06773565785263574,0.14285714285714285,0.0007071667
9286.0,55.0,240.0,240.0,200.0,100.0,2.0,slightly rough,0.1,Silty Clay,1,1.5,Fresh to slightly Weathered,70.0,10.0,101.0,100.0,50.0,2.0,slightly rough,0.1,Silty Clay,1,1.5,Fresh to slightly Weathered,75.0,230.0,170.0,400.0,100.0,2.0,slightly rough,0,None,0,0,0,7.905694150420946,-10.0,15.968719422671311,-40.0,76.68115805072316,0.0,17.888543819997874,0.0,0.5477225575051659,-1.0,0.41833001326703845,0.5,5.4772255750516665,10.0,146.38989036132241,-340.0,60.66300355241253,40.0,22.80350850198222,-50.0,0.5477225575051653,-1.0,0.41833001326703795,0.5,11.510864433221338,15.0,85.90692637965812,160.0,146.28738838327763,300.0,27.386127875256037,0.0,0.5477225575051651,-1.0,0.0,0.0,1.0,233.33333333333334,2.0,22.666666666666703,0.033333333333333326,0,0,0,0.18456774397717954,0,0.03801217351517749,0.16515566039920648,0.0005317741216959114,0.008684348982320568,0.004926608572741439,0.0,0.000540422
9289.0,60.5,250.0,340.0,200.0,60.0,3.0,rough to slightly rough,0.1,2mm thick silty clay,1,1.5,Not Recorded,60.5,340.0,340.0,200.0,60.0,3.0,rough to slightly rough,0.1,2mm thick silty clay,1,1.5,Not Recorded,60.5,60.0,60.0,200.0,60.0,3.0,rough to slightly rough,0,None,0,0,0,7.536577472566707,5.5,15.968719422671311,10.0,76.68115805072316,0.0,17.888543819997874,-40.0,0.5477225575051659,1.0,0.2738612787525837,0.0,5.389805191284751,-9.5,148.32396974191326,330.0,60.66300355241253,100.0,22.80350850198222,10.0,0.5477225575051653,1.0,0.2738612787525833,0.0,6.985699678629191,-14.5,86.89073598491383,-170.0,143.80542409798008,-200.0,25.884358211087186,-40.0,0.5477225575051651,1.0,0.0,0.0,1.0,200.0,3.0,8.000000000000034,-0.06666666666666665,0,0,0,0.20492223668036957,0,0.049196456645896364,0.2097183497573176,0.0006703484757003675,0.004676914569031367,0.021262773369580126,0.0,0.00089251733
9292.5,75.0,355.0,70.0,200.0,100.0,2.0,slightly rough,0.1,Silty Clay,1,1.5,Fresh to slightly Weathered,70.0,65.0,200.0,60.0,100.0,2.0,slightly rough,0.1,Silty Clay,1,1.5,Fresh to slightly Weathered,70.0,65.0,30.0,100.0,50.0,2.0,slightly rough,0,None,0,0,0,8.862843787408192,14.5,46.55641738793912,105.0,62.60990336999402,0.0,17.88854381999789,40.0,0.5477225575051659,-1.0,0.22360679774998013,0.0,5.3432200029570245,9.5,169.5803644293761,-275.0,60.66300355241253,-140.0,24.899799195977007,40.0,0.5477225575051653,-1.0,0.22360679774997927,0.0,6.580273550544841,9.5,87.77812939451375,5.0,137.54999091239486,-100.0,25.884358211087186,-10.0,0.5477225575051651,-1.0,0.0,0.0,1.0,120.0,2.0,12.000000000000034,0.06666666666666668,0,0,0,0.23349586918083845,0,0.11218028995770299,0.2604081493820647,0.005745448406601876,0.03902237043752292,0.02199661959948815,0.0,0.0008021799
9296.0,60.0,270.0,350.0,100.0,500.0,3.0,rough to slightly rough,0.5,2mm thick silty clay,1,1.5,Fresh to Slightly Weathered,60.0,350.0,60.0,600.0,500.0,3.0,rough to slightly rough,0.5,2mm thick silty clay,1,1.5,Fresh to Slightly Weathered,60.0,60.0,0.0,100.0,500.0,3.0,rough to slightly rough,0,None,0,0,0,7.536577472566705,-15.0,45.332107826572546,-85.0,44.72135954999568,-100.0,184.1738309315414,400.0,0.5477225575051659,1.0,0.22360679774998013,0.0,5.389805191284751,-10.0,170.49926686059385,285.0,228.6482013924448,540.0,190.31552748002466,400.0,0.5477225575051653,1.0,0.22360679774997927,0.0,6.985699678629191,-10.0,74.46475676452586,-5.0,130.38404810405265,0.0,190.31552748002437,450.0,0.5477225575051651,1.0,0.0,0.0,1.0,266.6666666666667,3.0,41.33333333333337,0.0,0,0,0,0.22975096103522005,0,0.12222563629817339,0.276778200761524,0.01930719848389394,0.008309421002447196,0.027442376858302878,0.0,0.0009456637
9299.5,70.0,250.0,340.0,200.0,500.0,4.0,rough,0.5,silty clayey material having 1-3mm in thickness,1,1.5,Not Recorded,60.0,350.0,106.66666666666666,60.0,600.0,4.0,rough,0.5,None,0,1.5,Not Recorded,65.0,70.0,30.0,150.0,500.0,3.0,Not Recorded,0,None,0,0,0,8.157818335805226,10.0,47.11687595755899,-20.0,44.72135954999568,100.0,226.98017534577772,0.0,0.8366600265340753,1.0,0.0,0.0,5.389805191284751,0.0,170.49926686059385,0.0,228.6482013924448,-540.0,265.9323222175147,100.0,0.836660026534075,1.0,0.0,0.0,6.407027391856539,5.0,74.46475676452586,10.0,124.49899597988697,50.0,236.26256580338736,0.0,0.5477225575051651,0.0,0.0,0.0,1.0,136.66666666666666,3.6666666666666665,3.3333333333333655,0.06666666666666668,0,0,0,0.33494213895922426,0,0.14048577034464746,0.3558427826919059,0.025399264509113402,0.7878761527990654,0.07503484538930129,0.0,0.0025073492
9302.5,65.0,250.0,330.0,100.0,500.0,3.0,rough to slightly rough,0.5,up to 3mm thick silty clay,1,1.5,Fresh to Slightly Weathered,70.0,355.0,153.33333333333331,60.0,700.0,3.0,rough to slightly rough,0.5,up to 3mm thick silty clay,1,1.5,Fresh to Slightly Weathered,75.0,60.0,60.0,200.0,500.0,3.0,rough to slightly rough,0,None,0,0,0,6.407027391856536,-5.0,45.552167895721496,0.0,54.7722557505165,-100.0,230.47776465420696,0.0,0.7071067811865474,-1.0,0.0,0.0,5.389805191284751,10.0,127.01377878009929,5.0,233.83755044902435,0.0,293.80265485526184,100.0,0.7071067811865469,-1.0,0.0,0.0,6.407027391856539,10.0,4.47213595499958,-10.0,49.99999999999907,50.0,243.76217918290766,0.0,0.4472135954999567,0.0,0.0,0.0,1.0,120.0,3.0,-22.666666666666636,0.0,0,0,0,0.4043002241410344,0,0.26225623073673804,0.43432021320010694,0.007866114840203378,0.6802895624471803,0.12857135260816677,0.0,0.016085522
9306.5,60.0,260.0,320.0,133.33333333333334,390.0,3.3333333333333335,Not Recorded,0.43333333333333335,None,0,1.3333333333333333,Not Recorded,60.0,340.0,200.0,106.66666666666666,540.0,3.0,Not Recorded,0.43333333333333335,None,0,1.5,Not Recorded,60.0,70.0,45.0,200.0,390.0,3.3333333333333335,Not Recorded,0,None,0,0,0,6.519202405202647,-5.0,44.384682042344295,10.0,50.55250296034353,33.33333333333334,173.26280616450845,-110.0,0.7226494462892932,0.3333333333333335,0.07453559924999731,-0.16666666666666674,5.477225575051666,-10.0,127.01377878009929,-15.0,237.14037099480882,46.66666666666666,229.60836221705898,-160.0,0.7071067811865469,0.0,0.0,0.0,6.519202405202649,-15.0,5.0,10.0,49.99999999999907,0.0,194.8589233265955,-110.0,0.5055250296034356,0.3333333333333335,0.0,0.0,0.9444444444444443,146.66666666666666,3.2222222222222228,-10.666666666666634,-0.011111111111111138,0,0,0,0.4129022503542139,0,0.22409781141709323,0.4177013676258353,0.007213383834943052,0.5055051110190389,0.06306038321257701,0.0,0.0025201198
9310.5,70.5,250.0,310.0,166.66666666666669,280.0,3.6666666666666665,Not Recorded,0.3666666666666667,None,0,1.1666666666666667,Not Recorded,65.5,350.0,246.66666666666666,153.33333333333331,380.0,3.0,Not Recorded,0.3666666666666667,None,0,1.5,Not Recorded,65.5,70.0,30.0,200.0,280.0,3.6666666666666665,Not Recorded,0,None,0,0,0,5.128352561983233,10.5,8.94427190999916,-10.0,43.461349368017494,33.33333333333334,98.3869910099909,-110.0,0.4346134936801762,0.33333333333333304,0.1490711984999877,-0.16666666666666652,4.53321078265726,5.5,5.477225575051661,10.0,229.1336339829276,46.66666666666666,118.65917579353138,-160.0,0.447213595499957,0.0,0.0,0.0,6.127805479941413,5.5,5.477225575051661,0.0,44.72135954999479,0.0,98.38699100999091,-110.0,0.2981423969999699,0.33333333333333304,0.0,0.0,0.888888888888889,173.33333333333334,3.444444444444444,10.666666666666703,-0.02222222222222221,0,0,0,0.45457034898932874,0,0.3951331336781475,0.5024843840470413,0.05202979993587326,0.7067889596415955,0.4426791452914056,0.2857142857142857,0.068632014
9314.0,70.0,250.0,300.0,200.0,170.0,4.0,Rough,0.3,silty clayey material,1,1.0,Fresh,70.0,345.0,293.3333333333333,200.0,220.0,3.0,Rough to slightly rough,0.3,Silty Clay,1,1.5,Fresh to Slightly Weathered,60.0,70.0,15.0,200.0,170.0,4.0,Rough,0,None,0,0,0,4.560701700396552,-0.5,4.47213595499958,0.0,43.46134936801751,33.333333333333314,143.42245291445835,-110.0,0.4346134936801762,0.3333333333333335,0.21730674684008908,-0.16666666666666674,5.004997502496885,4.5,5.70087712549569,-5.0,60.84588911522474,46.666666666666686,189.52572384771457,-160.0,0.447213595499957,0.0,0.0,0.0,6.127805479941413,-5.5,4.47213595499958,0.0,22.360679774995937,0.0,143.4224529144583,-110.0,0.43461349368017516,0.3333333333333335,0.0,0.0,0.8333333333333334,200.0,3.6666666666666665,-13.333333333333304,-0.033333333333333326,0,0,0,0.45097449412954377,0,0.27942634186955584,0.4509290129923246,0.009020446303042284,0.15504761150699164,0.18979493384423507,0.2857142857142857,0.0019587118
9317.0,60.0,340.0,290.0,60.0,60.0,3.0,Rough to Slightly Rough,0.23333333333333334,Silty Clay,1,1.5,Fresh to Slightly Weathered,60.0,65.0,340.0,60.0,60.0,3.0,Rough to Slightly Rough,0.23333333333333334,Silty Clay,1,1.5,Fresh to Slightly Weathered,60.0,60.0,0.0,60.0,60.0,4.0,Rough,0,None,0,0,0,5.128352561983233,-10.0,39.370039370059054,90.0,54.853339815264434,-140.0,173.9252713092609,-110.0,0.4346134936801762,-1.0,0.21730674684008908,0.5,5.004997502496885,-10.0,126.4614565786746,-280.0,60.84588911522474,-140.0,252.98221281347057,-160.0,0.0,0.0,0.0,0.0,6.542170893518451,0.0,5.477225575051661,-10.0,62.60990336999339,-140.0,173.92527130926075,-110.0,0.43461349368017516,0.0,0.0,0.0,1.0,60.0,3.3333333333333335,-15.333333333333297,0.0,0,0,0,0.36489771757137535,0,0.2587663220341513,0.36791305638805816,0.03297483184534343,0.1709132372891057,0.04861970278173242,0.14285714285714285,0.01154948
9320.5,70.0,250.0,170.0,200.0,200.0,4.0,rough,0.16666666666666669,None,0,1.5,Not Recorded,65.0,345.0,70.0,60.0,200.0,4.0,rough,0.16666666666666669,None,0,1.5,Not Recorded,65.0,70.0,0.0,60.0,200.0,4.0,rough,0,None,0,0,0,5.572252686302012,10.0,39.370039370059054,-90.0,58.38569078883006,140.0,123.49089035228471,140.0,0.4346134936801762,1.0,0.21730674684008908,0.0,4.219004621945803,5.0,125.26970902816052,280.0,60.84588911522474,0.0,184.39088914585795,140.0,0.447213595499957,1.0,0.0,0.0,2.8809720581775826,5.0,4.47213595499958,10.0,76.68115805072264,0.0,123.49089035228444,140.0,0.2981423969999699,0.0,0.0,0.0,1.0,106.66666666666667,4.0,-2.6666666666666314,0.0,0,0,0,0.43358778178679425,0,0.35692745881522164,0.45037783988405217,0.00576139808011808,0.8812775563332692,0.16973880418894802,0.0,0.019331874
9324.5,60.0,290.0,255.0,200.0,100.0,3.0,rough to slightly rough,0.1,up to 2mm thick silty clay,1,1.5,Fresh to Slightly Weathered,60.0,340.0,205.0,60.0,100.0,3.0,rough to slightly rough,0.1,up to 2mm thick silty clay,1,1.5,Fresh to Slightly Weathered,60.0,70.0,170.0,100.0,100.0,3.0,rough to slightly rough,0,None,0,0,0,5.572252686302012,-10.0,39.74921382870358,40.0,60.62636023674474,0.0,86.1394218694321,-100.0,0.5055250296034365,-1.0,0.2357022603955167,0.0,4.219004621945803,-5.0,125.26970902816052,-5.0,65.99663291074445,0.0,124.57929201917963,-100.0,0.447213595499957,-1.0,0.0,0.0,2.8809720581775826,-5.0,4.47213595499958,0.0,71.27411872482116,40.0,86.13942186943162,-100.0,0.4346134936801752,-1.0,0.0,0.0,1.0,120.0,3.0,-5.3333333333332975,0.011111111111111138,0,0,0,0.4230928622686013,0,0.36984148807526057,0.4377217117016468,0.009227841661273025,0.35144416954842755,0.1286844437459053,0.0,0.12958804
9328.5,60.0,260.0,340.0,100.0,700.0,3.0,Rough to slightly rough,0.1,Silty Clay,1,1.0,Fresh,60.0,70.0,340.0,60.0,700.0,3.0,Rough to slightly rough,0.1,Silty Clay,1,1.5,Fresh to Slightly Weathered,60.0,70.0,340.0,200.0,400.0,3.0,Rough to slightly rough,0,None,0,0,0,5.47722557505166,0.0,38.34057902536163,-30.0,67.23094525588635,-100.0,259.7691282658507,600.0,0.547722557505166,0.0,0.2738612787525837,-0.5,4.472135954999583,0.0,151.10426863593233,-270.0,62.60990336999415,0.0,257.06030420895416,600.0,0.447213595499957,0.0,0.0,0.0,2.2360679774997805,0.0,4.47213595499958,0.0,71.27411872482116,100.0,131.8332279814157,300.0,0.5477225575051651,0.0,0.0,0.0,0.8333333333333334,120.0,3.0,-10.666666666666634,-0.011111111111111117,0,0,0,0.44113297096008164,0,0.3673337731004313,0.44257840395675835,0.015723931155533374,0.7074757492432477,0.32738352917550956,0.14285714285714285,0.00095700903
9332.5,70.0,270.0,345.0,60.0,533.3333333333334,2.0,slightly rough,0.1,Silty Clay,1,1.0,Fresh,65.0,355.0,200.0,60.0,533.3333333333334,2.0,slightly rough,0.1,slilty clay,1,1.5,Fresh to Slightly Weathered,75.0,70.0,338.0,150.0,333.3333333333333,2.0,slightly rough,0,None,0,0,0,5.47722557505166,10.0,35.63705936241092,10.0,71.27411872482175,-40.0,282.9762455676369,-166.66666666666663,0.7071067811865477,-1.0,0.2738612787525837,0.0,2.7386127875258337,5.0,153.01143748099355,285.0,0.0,0.0,282.9762455676371,-166.66666666666663,0.7071067811865469,-1.0,0.0,0.0,6.519202405202649,15.0,4.47213595499958,0.0,60.6630035524116,-50.0,146.3177668257988,-66.66666666666669,0.8366600265340749,-1.0,0.0,0.0,0.8333333333333334,90.0,2.0,-21.999999999999964,0.0,0,0,0,0.46043043108101717,0,0.47964678822274276,0.43820423265528896,0.08472585616923609,0.8700812156221404,0.3822515138514809,0.14285714285714285,0.32450432
9336.0,60.0,290.0,350.0,200.0,366.6666666666667,3.0,Rough to slightly rough,0.1,Silty Clay,1,1.5,Fresh to Slightly Weathered,65.0,60.0,60.0,60.0,366.6666666666667,3.0,Rough to slightly rough,0.1,Silty Clay,1,1.5,Fresh to Slightly Weathered,65.0,60.0,336.0,100.0,266.66666666666663,3.0,Rough to Slightly Rough,0,None,0,0,0,5.47722557505166,-10.0,17.88854381999832,20.0,67.23094525588635,140.0,243.35616331258643,-166.66666666666669,0.7071067811865477,1.0,0.2738612787525837,0.5,2.7386127875258364,0.0,154.41016805897206,-295.0,0.0,0.0,243.3561633125866,-166.66666666666669,0.7071067811865469,1.0,0.0,0.0,6.123724356957948,-10.0,4.47213595499958,-10.0,54.03702434442429,-50.0,116.42832797715302,-66.66666666666669,0.7071067811865467,1.0,0.0,0.0,1.0,120.0,3.0,12.000000000000034,0.0,0,0,0,0.432745045486593,0,0.3871163178482836,0.4499287742343926,0.022715846861300733,0.9516508695827307,0.3894561722240334,0.14285714285714285,0.046176977
9340.0,60.0,350.0,338.3333333333333,60.0,200.0,3.0,rough to slightly rough,0.5,Silty Clay,1,1.5,Fresh to Slightly Weathered,60.0,350.0,140.0,60.0,200.0,3.0,rough to slightly rough,0.5,Silty Clay,1,1.5,Fresh to Slightly Weathered,60.0,70.0,334.0,100.0,200.0,3.0,Rough to Slightly Rough,0,None,0,0,0,4.472135954999578,0.0,34.92849839314596,60.0,71.27411872482175,-140.0,243.35616331258643,-166.66666666666669,0.44721359549995837,0.0,0.2738612787525837,0.0,2.7386127875258337,-5.0,155.32224567009067,290.0,0.0,0.0,243.3561633125866,-166.66666666666669,0.447213595499957,0.0,0.0,0.0,6.519202405202649,-5.0,4.47213595499958,10.0,44.72135954999472,0.0,116.42832797715302,-66.66666666666663,0.4472135954999567,0.0,0.0,0.0,1.0,73.33333333333333,3.0,-6.666666666666634,0.0,0,0,0,0.45495835640406235,0,0.40043769161300713,0.44543002466899345,0.03388937660190803,0.7577912965334516,0.5,0.14285714285714285,0.013542324
9343.5,60.0,270.0,326.6666666666667,200.0,100.0,3.0,rough to slightly rough,0.1,Silty Clay,1,1.5,Fresh to Slightly Weathered,60.0,350.0,220.0,60.0,100.0,3.0,rough to slightly rough,0.1,Silty Clay,1,1.5,Fresh to Slightly Weathered,60.0,60.0,332.0,100.0,100.0,3.0,rough to slightly rough,0,None,0,0,0,4.472135954999578,0.0,36.3318042491699,-80.0,71.27411872482175,140.0,243.35616331258643,-100.0,0.44721359549995837,0.0,0.2738612787525837,0.0,2.7386127875258337,0.0,157.0668647423765,0.0,0.0,0.0,243.3561633125866,-100.0,0.447213595499957,0.0,0.0,0.0,6.519202405202649,0.0,5.477225575051661,-10.0,44.72135954999472,0.0,116.42832797715302,-100.0,0.4472135954999567,0.0,0.0,0.0,1.0,120.0,3.0,3.410605131648481e-14,0.0,0,0,0,0.4628696429735868,0,0.3757210858567166,0.4439214118470071,0.013694060030297462,0.7493155506714841,0.2549175672243554,0.0,0.004609767
9347.5,60.0,250.0,315.0,15.0,0.5,3.0,rough to slightly rough,2.0,Silty clay,1,3.0,Moderately Weathered,60.0,350.0,300.0,20.0,0.8,3.0,rough to slightly rough,3.0,Silty clay,1,3.0,Moderately Weathered,65.0,660.0,330.0,25.0,1.0,2.5,Moderate,0,None,0,0,0,4.472135954999578,0.0,38.47076812334269,-20.0,86.86195945291577,-185.0,212.5141694622319,-99.5,0.44721359549995837,0.0,0.7582875444051558,1.5,2.7386127875258337,0.0,130.26895255585654,0.0,17.888543819998524,-40.0,212.42963593204752,-99.2,0.447213595499957,0.0,0.670820393249937,1.5,6.123724356957948,5.0,266.1390613946025,600.0,44.72135954999467,-75.0,132.15807033834696,-99.0,0.4472135954999567,-0.5,0.0,0.0,2.0,20.0,2.8333333333333335,-19.999999999999964,0.2333333333333333,0,0,0,0.11363735802762011,0,0.14887173638191703,0.1463077635724779,0.0035710873720124327,0.0006663909380615783,0.01998788258255735,0.0,0.0010638315
9351.5,70.0,260.0,350.0,100.0,700.0,3.0,Rough to slightly rough,0.1,None,0,1.0,Fresh,70.0,350.0,0.0,60.0,200.0,3.0,Rough to slightly rough,0.1,None,0,1.0,Fresh,70.0,0.0,90.0,200.0,2000.0,3.0,Rough to slightly rough,0,None,0,0,0,4.472135954999578,10.0,39.74921382870358,10.0,83.21658488546609,85.0,274.1421873570153,699.5,0.0,0.0,0.7582875444051558,-2.0,4.472135954999583,10.0,129.6919426949878,0.0,17.888543819998524,40.0,135.9645182473068,199.2,0.0,0.0,0.7582875444051551,-2.0,4.183300132670377,5.0,275.3179979587241,-660.0,62.24949798994287,175.0,837.0378857747254,1999.0,0.22360679774997644,0.5,0.0,0.0,0.6666666666666666,120.0,3.0,6.000000000000034,-0.033333333333333395,0,0,0,0.08372374454111359,0,0.14152771257166527,0.09763388333804768,0.003842010437883722,4.029661238267172e-06,0.03977297135552882,0.0,0.0028350668
9355.5,60.0,340.0,262.5,200.0,550.0,3.0,rough to slightly rough,0.1,silty clay,1,1.5,Fresh to Slightly Weathered,60.0,340.0,35.0,60.0,175.0,3.0,rough to slightly rough,0.1,silty clay,1,1.5,Fresh to Slightly Weathered,60.0,70.0,80.0,100.0,1525.0,3.0,Rough to Slightly Rough,0,None,0,0,0,4.472135954999578,-10.0,47.22287581247038,80.0,83.2165848854661,100.0,300.7034253213621,-150.0,0.0,0.0,0.7582875444051558,0.5,4.472135954999581,-10.0,4.47213595499958,-10.0,17.888543819998524,0.0,85.56359038750061,-25.0,0.0,0.0,0.7582875444051551,0.5,4.472135954999575,-10.0,274.35378619585333,70.0,62.24949798994287,-100.0,928.4356197389242,-475.0,0.22360679774997644,0.0,0.0,0.0,1.0,120.0,3.0,3.410605131648481e-14,-4.4408920985006264e-17,0,0,0,0.11413397252215703,0,0.07677588667860459,0.09279445768061337,0.000731724213636791,5.529744545868226e-05,0.011748614496992512,0.0,0.0008613298
9359.5,60.0,250.0,175.0,200.0,400.0,3.0,Rough to slightly rough,0.1,silty clayey material,1,1.0,Fresh,65.0,340.0,70.0,60.0,150.0,3.0,Rough to slightly rough,0.1,None,0,1.0,Fresh,70.0,0.0,70.0,60.0,1050.0,3.0,Rough to slightly rough,0,None,0,0,0,4.472135954999578,0.0,37.815340802378074,-90.0,83.63611660042561,0.0,295.6561347241082,-150.0,0.0,0.0,0.8215838362577497,-0.5,4.472135954999583,5.0,5.477225575051661,0.0,17.888543819998524,0.0,78.74089153673575,-25.0,0.0,0.0,0.8215838362577492,-0.5,5.000000000000003,10.0,282.52433523503777,-70.0,65.53624951124301,-40.0,875.3757478934405,-475.0,0.22360679774997644,0.0,0.0,0.0,0.6666666666666666,106.66666666666667,3.0,6.6666666666667025,-0.06666666666666672,0,0,0,0.11288957951392753,0,0.12216531703123375,0.11483154409488111,0.003362831890967506,1.352357916159962e-05,0.005033450260448327,0.0,0.0021425528
9363.0,60.0,260.0,191.5,150.0,250.0,3.0,rough to slightly rough,0.1,Silty Clay,1,1.5,Fresh to Slightly Weathered,65.0,340.0,70.0,60.0,125.0,3.0,rough to slightly rough,0.1,Silty Clay,1,1.5,Fresh to Slightly Weathered,65.0,70.0,61.25,130.0,575.0,3.0,rough to slightly rough,0,None,0,0,0,4.472135954999578,0.0,38.34057902536163,10.0,77.91020472312974,-50.0,270.4719024224143,-150.0,0.0,0.0,0.8215838362577497,0.5,4.183300132670383,0.0,5.477225575051661,0.0,17.888543819998524,0.0,77.52824001613854,-25.0,0.0,0.0,0.8215838362577492,0.5,4.183300132670385,-5.0,281.6913204200655,70.0,67.2309452558857,70.0,782.9736266311913,-475.0,0.22360679774997644,0.0,0.0,0.0,1.0,113.33333333333333,3.0,-1.3333333333333002,-4.4408920985006264e-17,0,0,0,0.11963361321742638,0,0.09489934302866301,0.10700355782077046,0.0025463472068420995,1.9602532988137217e-05,0.007840412739046293,0.0,0.0025143716
9366.5,70.0,270.0,208.0,100.0,100.0,3.0,Rough to slightly rough,0.1,Silty Clay,1,1.5,Fresh to Slightly Weathered,65.0,350.0,70.0,60.0,100.0,3.0,Rough to slightly rough,0.1,Silty Clay,1,1.5,Fresh to Slightly Weathered,60.0,60.0,52.5,200.0,100.0,3.0,Rough to slightly rough,0,None,0,0,0,5.47722557505166,10.0,36.46916505762094,10.0,49.99999999999987,-50.0,237.17082451262849,-150.0,0.0,0.0,0.2738612787525834,0.0,3.5355339059327475,0.0,5.477225575051661,10.0,0.0,0.0,39.528470752104674,-25.0,0.0,0.0,0.2738612787525835,0.0,5.000000000000003,-5.0,36.742346141747674,-10.0,61.806148561449014,70.0,751.0409442899902,-475.0,0.0,0.0,0.0,0.0,1.0,120.0,3.0,20.000000000000036,-0.20000000000000004,0,0,0,0.31997734439758696,0,0.28014483100651383,0.32636235049732426,0.02358555275333545,0.5398780835415139,0.16633055078506992,0.14285714285714285,0.00822909
9373.5,60.0,250.0,224.5,100.0,100.0,3.0,Rough to slightly rough,0.1,Silty Clay,1,1.0,Fresh,65.0,340.0,70.0,60.0,100.0,3.0,Rough to slightly rough,0.1,Silty Clay,1,1.5,Fresh to Slightly Weathered,70.0,0.0,43.75,200.0,100.0,3.0,Rough to slightly rough,0,None,0,0,0,4.472135954999578,-10.0,37.815340802378074,-20.0,49.99999999999987,0.0,195.57607215607945,0.0,0.0,0.0,0.2738612787525834,-0.5,2.2360679774997982,0.0,4.47213595499958,-10.0,0.0,0.0,32.59601202601303,0.0,0.0,0.0,0.22360679774997946,0.0,5.000000000000003,10.0,36.742346141747674,-60.0,61.806148561449014,0.0,619.3242284942515,0.0,0.0,0.0,0.0,0.0,0.8333333333333334,120.0,3.0,3.410605131648481e-14,0.033333333333333326,0,0,0,0.30787032201372583,0,0.2542635767768018,0.35878500591638995,0.010606812492176286,0.05280623680167508,0.005552429975571185,0.0,0.0024906371
9377.0,60.0,270.0,241.0,200.0,100.0,3.0,rough to slightly rough,1.0,2mm thick silty clay,1,1.5,Fresh to Slightly Weathered,60.0,70.0,70.0,60.0,100.0,3.0,rough to slightly rough,1.0,2mm thick silty clay,1,1.5,Fresh to Slightly Weathered,65.0,70.0,35.0,100.0,100.0,3.0,rough to slightly rough,0,None,0,0,0,4.472135954999578,0.0,10.0,20.0,49.99999999999987,100.0,134.16407864998735,0.0,0.0,0.0,0.2738612787525834,0.5,2.2360679774997982,-5.0,121.94260945215171,-270.0,0.0,0.0,22.36067977499744,0.0,0.0,0.0,0.22360679774997946,0.0,4.183300132670385,-5.0,36.742346141747674,70.0,61.806148561449014,-100.0,424.8529157249595,0.0,0.0,0.0,0.0,0.0,1.0,120.0,3.0,3.410605131648481e-14,-2.2204460492503132e-17,0,0,0,0.30020952542299334,0,0.16581479822066486,0.28274094062255195,0.007206293948103311,0.04052450129572421,0.01720958042319415,0.0,0.0022858102
9380.5,70.0,270.0,257.5,200.0,92.0,2.0,Slightly rough,0.1,None,0,1.0,Fresh,60.0,355.0,70.0,60.0,100.0,2.0,Slightly rough,0.1,Silty Clay,1,1.5,Fresh to Slightly Weathered,50.0,70.0,26.25,100.0,100.0,3.0,Rough to slightly rough,0,None,0,0,0,5.47722557505166,10.0,8.94427190999916,0.0,49.99999999999987,0.0,68.06467512594166,-8.0,0.44721359549995837,-1.0,0.2738612787525834,-0.5,2.7386127875258315,0.0,123.71337841963576,285.0,0.0,0.0,11.18033988749784,0.0,0.447213595499957,-1.0,0.0,0.0,7.582875444051546,-15.0,30.495901363953813,0.0,50.79370039680026,0.0,212.42645786247837,0.0,0.0,0.0,0.0,0.0,0.8333333333333334,120.0,2.3333333333333335,2.6666666666667,0.033333333333333326,0,0,0,0.3678696616762999,0,0.3207980727162453,0.39826350967198165,0.010026867929872531,0.3923415943808099,0.06769362336786157,0.0,0.035982866
9384.0,60.0,300.0,274.0,200.0,84.0,3.0,rough to slightly rough,0.1,2mm thick silty clay,1,1.0,Fresh,60.0,350.0,70.0,200.0,90.0,3.0,rough to slightly rough,0.1,2mm thick silty clay,1,1.5,Fresh to Slightly Weathered,60.0,60.0,17.5,200.0,90.0,3.0,rough to slightly rough,0,None,0,0,0,5.47722557505166,-10.0,17.88854381999832,30.0,54.7722557505165,0.0,7.1554175279977175,-8.0,0.44721359549995837,1.0,0.2738612787525831,0.0,2.7386127875258257,0.0,124.77980605851253,-5.0,62.60990336999415,140.0,4.472135954996478,-10.0,0.447213595499957,1.0,0.0,0.0,7.416198487095656,10.0,29.49576240750525,-10.0,54.772255750515775,100.0,4.472135954909029,-10.0,0.0,0.0,0.0,0.0,0.8333333333333334,200.0,3.0,17.333333333333368,-0.03333333333333335,0,0,0,0.2865444966470113,0,0.06985974675069163,0.29073842292675317,0.009208463549487511,0.3998011619466657,0.060706361792117816,0.0,0.0015410241
9387.5,60.0,300.0,290.5,200.0,76.0,3.0,Rough to slightly rough,0.1,None,0,1.0,Fresh,60.0,355.0,70.0,200.0,80.0,3.0,Rough to slightly rough,0.16666666666666669,None,0,1.5,Fresh to Slightly Weathered,70.0,75.0,8.75,200.0,80.0,3.0,Rough to slightly rough,0,None,0,0,0,4.472135954999578,0.0,21.6794833886788,0.0,44.72135954999567,0.0,10.430723848323106,-8.0,0.44721359549995837,0.0,0.22360679774997863,0.0,2.2360679774997765,0.0,125.36945401492343,5.0,76.68115805072328,0.0,8.944271909997513,-10.0,0.447213595499957,0.0,0.0,0.0,8.366600265340754,10.0,31.22498999199199,15.0,54.772255750515775,0.0,8.94427190995363,-10.0,0.0,0.0,0.0,0.0,0.8333333333333334,200.0,3.0,16.000000000000036,-0.03333333333333335,0,0,0,0.3101677069907204,0,0.048034260692701294,0.32229387186121267,0.007967183125545174,0.2937256135189349,0.04889570643812954,0.0,0.0010106672
9391.5,70.0,270.0,307.0,200.0,68.0,2.0,slightly rough,0.1,None,0,1.0,Fresh,50.0,350.0,70.0,200.0,70.0,2.0,slightly rough,0.23333333333333334,None,0,1.5,Fresh to Slightly Weathered,70.0,70.0,0.0,200.0,70.0,3.0,Rough to slightly rough,0,None,0,0,0,5.47722557505166,10.0,16.431676725154983,-30.0,0.0,0.0,12.649110640672555,-8.0,0.5477225575051666,-1.0,0.22360679774997863,0.0,4.472135954999562,-10.0,126.3625735730323,-5.0,76.68115805072327,0.0,13.03840481040407,-10.0,0.5477225575051653,-1.0,0.0,0.0,8.366600265340754,0.0,5.477225575051661,-5.0,54.772255750515775,0.0,13.038404810373803,-10.0,0.0,0.0,0.0,0.0,0.8333333333333334,200.0,2.3333333333333335,16.000000000000036,-2.2204460492503132e-17,0,0,0,0.29693904197825044,0,0.032271966950689096,0.2804643481228423,0.002615915989451545,0.10101185180498283,0.028779665053920628,0.0,0.00048921665
9394.5,70.0,270.0,323.5,200.0,60.0,4.0,rough,0.1,None,0,1.0,Fresh,55.0,350.0,70.0,200.0,60.0,4.0,rough,0.30000000000000004,None,0,1.5,Fresh to Slightly Weathered,60.0,65.0,0.0,200.0,60.0,4.0,rough,0,None,0,0,0,5.47722557505166,0.0,16.431676725154983,0.0,0.0,0.0,12.649110640672522,-8.0,0.8366600265340757,2.0,0.0,0.0,4.472135954999559,5.0,2.7386127875258306,0.0,62.609903369994115,0.0,15.811388300840777,-10.0,0.8366600265340751,2.0,0.0,0.0,8.366600265340752,-10.0,5.70087712549569,-5.0,44.7213595499948,0.0,15.811388300815638,-10.0,0.44721359549995665,1.0,0.0,0.0,0.8333333333333334,200.0,4.0,16.000000000000036,-0.03333333333333335,0,0,0,0.3416482616162688,0,0.0734744148419305,0.32916472229466254,0.004835473025139621,0.19589036481231256,0.01688117711088186,0.0,0.000850699
9398.0,60.0,270.0,340.0,100.0,100.0,3.0,rough to slightly rough,0.1,up to 1mm thick silty clay,1,1.5,Fresh to Slightly Weathered,65.0,70.0,70.0,60.0,100.0,3.0,rough to slightly rough,0.3666666666666667,up to 1mm thick silty clay,1,1.0,Fresh,40.0,140.0,170.0,100.0,300.0,3.0,rough to slightly rough,0,None,0,0,0,5.47722557505166,-10.0,16.431676725154983,0.0,44.72135954999567,-100.0,15.388307249336263,40.0,0.7071067811865475,-1.0,0.22360679774997863,0.5,5.700877125495676,10.0,125.79745625409124,-280.0,62.609903369994115,-140.0,15.811388300840777,40.0,0.707106781186547,-1.0,0.22360679774997946,-0.5,12.247448713915885,-20.0,32.901367752724205,75.0,44.7213595499948,-100.0,101.24228365657905,240.0,0.44721359549995665,-1.0,0.0,0.0,0.8333333333333334,86.66666666666667,3.0,-6.666666666666631,0.0,0,0,0,0.2761237048877197,0,0.07599147360009113,0.24203727857552423,0.0018130609739321053,0.0031947163438073483,0.00906983225594998,0.0,0.0006158166
9402.0,65.0,280.0,286.0,150.0,120.0,3.0,rough to slightly rough,0.30000000000000004,2mm thick silty clay,1,1.5,Not Recorded,60.0,340.0,70.0,130.0,120.0,3.0,rough to slightly rough,0.43333333333333335,2mm thick silty clay,1,1.25,Not Recorded,60.0,70.0,150.0,120.0,280.0,3.0,rough to slightly rough,0,None,0,0,0,4.999999999999999,5.0,13.038404810405298,10.0,44.72135954999566,50.0,24.72245942457942,20.0,0.7071067811865475,0.0,0.2738612787525831,0.0,5.700877125495676,-5.0,124.77980605851253,270.0,62.60990336999412,70.0,24.08318915758391,20.0,0.707106781186547,0.0,0.22360679774997946,0.25,12.247448713915885,20.0,31.50396800404673,-70.0,49.799598391954014,20.0,120.91319200153166,-20.0,0.44721359549995665,0.0,0.0,0.0,0.9166666666666666,133.33333333333334,3.0,-13.333333333333297,0.01666666666666663,0,0,0,0.3030737476206867,0,0.09803947567823819,0.26664792208633775,0.0016982184192462389,0.1318527225467762,0.025710472918620973,0.0,0.0013713568
9406.0,60.0,270.0,232.0,200.0,140.0,3.0,rough to slightly rough,0.5,2mm thick silty clay,1,1.5,Fresh to Slightly Weathered,50.0,340.0,70.0,200.0,140.0,3.0,rough to slightly rough,0.5,2mm thick silty clay,1,1.5,Fresh to Slightly Weathered,60.0,70.0,130.0,140.0,260.0,3.0,rough to slightly rough,0,None,0,0,0,4.999999999999999,-5.0,4.47213595499958,-10.0,44.72135954999566,50.0,33.89395226290344,20.0,0.7071067811865475,0.0,0.2738612787525834,0.0,6.519202405202631,-10.0,123.08533625091171,0.0,62.60990336999412,70.0,33.46640106136261,20.0,0.707106781186547,0.0,0.22360679774997946,0.25,10.954451150103313,0.0,31.937438845342623,0.0,46.04345773288435,20.0,118.65917579352765,-20.0,0.44721359549995665,0.0,0.0,0.0,1.0,180.0,3.0,-3.999999999999966,0.033333333333333305,0,0,0,0.2913873152102091,0,0.16785695915677978,0.2717884202676851,0.5539162131713151,0.013753521280317394,0.0046073782988585565,0.0,0.0017224859
9409.0,60.0,250.0,178.0,333.33333333333337,160.0,4.0,rough,0.6666666666666666,None,0,1.3333333333333333,Not Recorded,55.0,340.0,70.0,333.33333333333337,160.0,4.0,rough,0.6666666666666666,None,0,1.5,Not Recorded,55.0,340.0,110.0,160.0,240.0,4.0,rough,0,None,0,0,0,4.472135954999578,0.0,10.954451150103322,-20.0,86.92269873603527,133.33333333333337,38.470768123342424,20.0,0.5477225575051653,1.0,0.217306746840089,-0.16666666666666674,5.700877125495674,5.0,121.94260945215171,0.0,101.36841497999048,133.33333333333337,38.47076812334243,20.0,0.5477225575051655,1.0,0.22360679774997946,0.0,8.66025403784437,-5.0,117.66477807738389,270.0,38.47076812334147,20.0,96.54014708917393,-20.0,0.5477225575051651,1.0,0.0,0.0,0.9444444444444443,275.5555555555556,4.0,15.111111111111153,0.022222222222222164,0,0,0,0.2293723310319255,0,0.10526853019325941,0.21442446723376998,0.003298810777747624,0.0003995504693053642,0.0008752270876111776,0.0,0.00043238924
9413.0,65.0,255.0,124.0,466.6666666666667,180.0,3.5,Not Recorded,0.8333333333333333,None,0,1.1666666666666667,Not Recorded,55.0,345.0,70.0,466.6666666666667,180.0,3.5,Not Recorded,0.8333333333333333,None,0,1.5,Not Recorded,62.5,205.0,90.0,180.0,220.0,3.5,Not Recorded,0,None,0,0,0,2.738612787525829,5.0,12.24744871391589,5.0,149.07119849998597,133.33333333333331,31.622776601683515,20.0,0.4472135954999571,-0.5,0.14907119849998718,-0.16666666666666652,5.700877125495674,0.0,121.32600710482481,5.0,162.91783887046324,133.33333333333331,31.622776601683643,20.0,0.44721359549995726,-0.5,0.22360679774997946,0.0,9.08295106229246,7.5,112.80514172678478,-135.0,31.622776601682308,20.0,31.62277660167389,-20.0,0.4472135954999566,-0.5,0.0,0.0,0.888888888888889,371.11111111111114,3.5,34.222222222222264,0.011111111111111094,0,0,0,0.2565583045190782,0,0.07878836354976668,0.26507651818290234,0.006667676538116832,0.0008301442762985576,0.007114729079120954,0.0,0.0037291136
9417.0,70.0,260.0,70.0,600.0,200.0,3.0,rough to slightly rough,1.0,Silty Clay,1,1.0,Fresh,55.0,350.0,70.0,600.0,200.0,3.0,rough to slightly rough,1.0,Silty Clay,1,1.5,Fresh to Slightly Weathered,70.0,70.0,70.0,200.0,200.0,3.0,Rough to slightly rough,0,None,0,0,0,4.183300132670376,5.0,12.041594578792296,5.0,186.33899812498245,133.33333333333331,31.622776601683555,20.0,0.4472135954999571,-0.5,0.21730674684008877,-0.16666666666666674,3.5355339059327027,0.0,4.47213595499958,5.0,191.8390529121279,133.33333333333331,31.622776601683782,20.0,0.44721359549995726,-0.5,0.11180339887499043,0.0,5.477225575051654,7.5,120.74767078498864,-135.0,31.622776601682347,20.0,31.622776601673532,-20.0,0.4472135954999566,-0.5,0.0,0.0,0.8333333333333334,466.6666666666667,3.0,76.00000000000003,-2.2204460492503132e-17,0,0,0,0.30188911893327747,0,0.17963281920320404,0.30764771483414144,0.010700757587058119,0.000764198961216352,0.009959664246573048,0.0,0.0017739697
9421.0,60.0,300.0,210.0,200.0,100.0,3.0,rough to slightly rough,0.1,Silty Clay,1,1.5,Fresh to Slightly Weathered,60.0,340.0,35.0,60.0,100.0,3.0,rough to slightly rough,0.1,Silty Clay,1,1.5,Fresh to Slightly Weathered,60.0,660.0,70.0,100.0,100.0,3.0,rough to slightly rough,0,None,0,0,0,4.472135954999578,-10.0,19.87460691435179,40.0,173.84539747207063,-400.0,38.47076812334249,-100.0,0.4472135954999571,0.0,0.21730674684008877,0.5,3.5355339059327027,5.0,4.47213595499958,-10.0,212.93713208884498,-540.0,38.47076812334266,-100.0,0.44721359549995726,0.0,0.0,0.0,5.477225575051654,-10.0,245.57076373216742,590.0,38.47076812334149,-100.0,62.28964600958421,-100.0,0.4472135954999566,0.0,0.0,0.0,1.0,120.0,3.0,-2.6666666666666403,0.016666666666666653,0,0,0,0.2818486096873006,0,0.10577660822764696,0.2534662725057583,0.001606676703003113,0.0034873531061186056,0.02302839823628407,0.0,0.0010399019
9424.0,70.0,260.0,350.0,100.0,300.0,3.0,rough to slightly rough,0.1,Silty Clay,1,1.0,Fresh,60.0,350.0,0.0,60.0,100.0,3.0,rough to slightly rough,0.1,Silty Clay,1,1.0,Fresh,70.0,0.0,70.0,100.0,100.0,1.0,smooth,0,None,0,0,0,4.999999999999999,10.0,20.0,-40.0,200.55478608655096,-100.0,72.9383301152418,200.0,0.4472135954999571,0.0,0.21730674684008838,-0.5,2.738612787525797,0.0,5.0,10.0,241.87232628438957,0.0,46.04345773288529,0.0,0.44721359549995726,0.0,0.2236067977499794,-0.5,6.519202405202647,10.0,261.2470095522626,-660.0,46.04345773288435,0.0,67.23094525588105,0.0,1.1401754250991376,-2.0,0.0,0.0,0.6666666666666666,86.66666666666667,2.3333333333333335,-18.666666666666632,-0.0666666666666667,0,0,0,0.2888233346472195,0,0.236656226502301,0.31583922877679566,0.008597499031955832,0.30916695249455933,0.06551522443670127,0.0,0.038179386
9427.5,70.0,270.0,270.0,200.0,600.0,3.0,Rough to slightly rough,0.1,None,0,1.0,Fresh,65.0,340.0,340.0,200.0,600.0,3.0,Rough to slightly rough,0.1,None,0,1.5,Fresh to Slightly Weathered,60.0,0.0,90.0,150.0,100.0,3.0,Rough to slightly rough,0,None,0,0,0,4.472135954999578,0.0,18.16590212458495,10.0,210.29080394116673,100.0,194.6278500112458,300.0,0.22360679774997805,0.0,0.21730674684008813,0.0,4.183300132670364,5.0,5.0,-10.0,245.15754571748798,140.0,208.51858430365394,500.0,0.2236067977499775,0.0,0.2236067977499794,0.5,5.123475382979801,-10.0,277.34455105518117,0.0,45.6070170039645,50.0,60.66300355240616,0.0,0.9746794344808958,2.0,0.0,0.0,0.8333333333333334,183.33333333333334,3.0,-18.444444444444414,-0.02222222222222221,0,0,0,0.26985855883035903,0,0.15196482710207648,0.30464929351195386,0.1488845099150511,0.19085021071612115,0.03803723747213299,0.0,0.003037314
9431.5,60.0,270.0,215.0,200.0,100.0,3.0,rough to slightly rough,0.1,2mm thick silty clay,1,1.5,Fresh to Slightly Weathered,65.0,340.0,283.3333333333333,60.0,100.0,3.0,rough to slightly rough,0.1,2mm thick silty clay,1,1.5,Fresh to Slightly Weathered,55.0,90.0,90.0,200.0,100.0,3.0,rough to slightly rough,0,None,0,0,0,5.47722557505166,-10.0,16.431676725154983,0.0,194.93588689617926,0.0,207.3644135332772,-500.0,0.0,0.0,0.27386127875258315,0.5,4.183300132670371,0.0,5.477225575051661,0.0,233.83755044902432,-140.0,216.79483388678807,-500.0,0.0,0.0,0.2236067977499794,0.0,6.708203932499367,-5.0,280.2320467041555,90.0,49.99999999999907,50.0,44.72135954998702,0.0,0.8944271909999153,0.0,0.0,0.0,1.0,153.33333333333334,3.0,-43.55555555555553,0.02222222222222219,0,0,0,0.25161265775227576,0,0.19317929996998381,0.3073975944117058,0.011377376426198361,0.002757574830463744,0.02371995930567435,0.14285714285714285,0.0046828627
9434.5,60.0,250.0,160.0,200.0,50.25,3.0,Rough to slightly rough,0.1,None,0,1.0,Fresh,65.0,350.0,226.66666666666669,200.0,50.15,3.0,Rough to slightly rough,0.1,None,0,1.5,Fresh to Slightly Weathered,55.0,70.0,120.0,110.0,50.1,3.0,Rough to slightly rough,0,None,0,0,0,5.47722557505166,0.0,18.708286933869708,-20.0,44.72135954999571,0.0,227.98577258241355,-49.75,0.0,0.0,0.27386127875258315,-0.5,2.738612787525832,0.0,5.477225575051661,10.0,76.68115805072333,140.0,230.19449276644306,-49.85,0.0,0.0,0.2236067977499794,0.0,6.1237243569579345,0.0,280.2320467041555,-20.0,43.243496620878204,-90.0,22.31595841542955,-49.9,0.8944271909999153,0.0,0.0,0.0,0.8333333333333334,170.0,3.0,-59.3333333333333,-2.2204460492503132e-17,0,0,0,0.2619410343717714,0,0.18604441661472346,0.2979870169911536,0.012833356664738437,0.0007906952922979362,0.012523423963411627,0.0,0.0009487339
9439.0,75.0,270.0,105.0,10.0,0.5,1.0,Smooth,2.0,Silty clay,1,3.0,Moderately Weathered,65.0,350.0,170.0,15.0,0.3,3.0,Moderately Rough,3.0,Silty clay,1,3.0,Moderately Weathered,70.0,300.0,150.0,20.0,0.2,4.0,Rough,0,None,0,0,0,6.708203932499368,15.0,8.94427190999916,20.0,85.55699854482971,-190.0,245.82015783901855,-49.75,0.8944271909999161,-2.0,0.8660254037844389,2.0,2.2360679774997982,0.0,5.477225575051661,0.0,86.86195945291594,-185.0,243.85552690066305,-49.85,0.0,0.0,0.7582875444051552,1.5,7.582875444051546,15.0,123.1665539016173,230.0,66.55824516917423,-90.0,44.63191683088637,-49.9,1.0954451150103317,1.0,0.0,0.0,2.0,15.0,2.6666666666666665,-20.99999999999997,0.19999999999999996,0,0,0,0.12421210193696944,0,0.17072210465649099,0.1463015942843525,0.006068838388096996,0.09453311004291096,0.03529392993093649,0.0,0.002541649
9443.0,60.0,260.0,340.0,200.0,60.0,3.0,rough to slightly rough,1.5,2mm thick silty clay,1,2.3333333333333335,Not Recorded,60.0,340.0,340.0,200.0,60.0,3.0,rough to slightly rough,2.1666666666666665,2mm thick silty clay,1,2.5,Not Recorded,60.0,80.0,340.0,200.0,60.0,3.0,rough to slightly rough,0,None,0,0,0,7.071067811865475,-15.0,8.94427190999916,-10.0,84.97058314499196,190.0,247.3166998000741,59.5,0.8944271909999161,2.0,0.8787617550976051,-0.6666666666666665,2.2360679774997982,-5.0,5.477225575051661,-10.0,90.41570660012567,185.0,247.36070423573747,59.7,0.0,0.0,0.7071067811865478,-0.5,6.1237243569579345,-10.0,113.00442469213318,-220.0,75.03332592921565,180.0,41.390916877971534,59.8,0.4472135954999567,-1.0,0.0,0.0,1.6111111111111114,200.0,3.0,22.666666666666693,0.18888888888888888,0,0,0,0.1155294425064726,0,0.14874545017680602,0.16932931187092373,0.007659440437189269,0.2691434072003332,0.057614820348856746,0.0,0.0053374
9447.5,70.0,250.0,297.5,200.0,180.0,3.0,Not Recorded,1.0,None,0,1.6666666666666667,Not Recorded,65.0,350.0,297.5,130.0,80.0,3.0,Not Recorded,1.3333333333333333,None,0,2.0,Not Recorded,60.0,80.0,80.0,200.0,80.0,3.5,Not Recorded,0,None,0,0,0,7.071067811865475,10.0,10.0,-10.0,84.97058314499196,0.0,67.06004771844395,120.0,0.8944271909999161,0.0,0.778174501995251,-0.6666666666666667,2.2360679774997982,5.0,5.477225575051661,10.0,82.94576541331095,-70.0,37.55952608859623,20.0,0.0,0.0,0.6519202405202651,-0.5,6.1237243569579345,0.0,98.64076236526155,0.0,80.49844718999185,0.0,37.600638292443186,20.0,0.4472135954999567,0.5,0.0,0.0,1.2222222222222223,176.66666666666666,3.1666666666666665,-1.3333333333333086,0.07777777777777775,0,0,0,0.2035143190477842,0,0.1651752348938274,0.1843145032662692,0.0046609871416637624,0.016835709876663905,0.0463926106543087,0.0,0.009759431
9452.0,70.75,260.0,255.0,200.0,300.0,3.0,Rough to Slightly Rough,0.5,None,0,1.0,Fresh,65.75,350.0,255.0,60.0,100.0,3.0,Rough to Slightly Rough,0.5,None,0,1.5,Fresh to Slightly Weathered,60.7,70.0,110.0,200.0,100.0,4.0,Rough,0,None,0,0,0,6.799816173985881,0.75,8.366600265340756,10.0,84.97058314499196,0.0,121.16950936601165,120.0,0.8944271909999161,0.0,0.8692269873603538,-0.6666666666666667,2.3425413550245042,0.75,4.47213595499958,0.0,82.94576541331095,-70.0,37.55952608859623,20.0,0.0,0.0,0.6519202405202652,-0.5,5.454172714537,0.7000000000000028,100.74720839804942,-10.0,80.49844718999185,0.0,37.600638292443186,20.0,0.4999999999999989,0.5,0.0,0.0,0.8333333333333334,153.33333333333334,3.3333333333333335,2.842170943040401e-14,-0.03333333333333337,0,0,0,0.19477139422369055,0,0.20896857610581376,0.24312255073589029,0.00718520349849304,0.05435662470130717,0.07047872307605291,0.0,0.005826066
9455.5,60.0,280.0,212.5,105.0,150.25,3.0,rough to slightly rough,0.1,None,0,1.0,Fresh,60.0,330.0,212.5,35.0,50.25,3.0,rough to slightly rough,0.1,up to 1mm thick silty clay,1,1.0,Fresh,70.0,60.0,140.0,105.0,50.25,4.0,Rough,0,None,0,0,0,6.799816173985881,-10.75,11.40175425099138,20.0,84.97058314499196,-95.0,115.26946690255832,-149.75,0.8944271909999161,0.0,0.8692269873603538,0.0,2.8917987481842533,-5.75,8.94427190999916,-20.0,76.20695506317001,-25.0,37.554267400655554,-49.75,0.0,0.0,0.790569415042095,-0.5,5.357051427791226,9.299999999999997,102.07840124139877,-10.0,81.0863737011337,-95.0,37.59275861118927,-49.75,0.4472135954999567,0.0,0.0,0.0,0.6666666666666666,81.66666666666667,3.3333333333333335,-17.666666666666636,-0.033333333333333395,0,0,0,0.1831747573406494,0,0.1857430043617515,0.18753112942467245,0.011595809933449762,0.000788903723043369,0.008356435792845137,0.0,0.021063805
9461.0,65.0,270.0,170.0,10.0,0.5,3.0,rough to slightly rough,2.0,Silty Clay,1,3.0,Moderately Weathered,55.0,340.0,170.0,10.0,0.5,2.5,Moderate,2.0,Silty Clay,1,3.0,Moderately Weathered,65.0,60.0,170.0,10.0,0.5,2.5,Moderate,0,None,0,0,0,5.19494947039911,5.0,11.40175425099138,-10.0,84.97058314499196,-95.0,115.26946690255832,-149.75,0.0,0.0,0.8692269873603538,2.0,4.3717845326594,-5.0,8.366600265340756,10.0,77.42738533619752,-25.0,37.47732647881837,-49.75,0.2236067977499775,-0.5,0.790569415042095,2.0,4.3644014480796764,-5.0,10.0,0.0,84.97058314499145,-95.0,37.477326478807754,-49.75,0.6519202405202641,-1.5,0.0,0.0,2.0,10.0,2.6666666666666665,-0.9999999999999716,0.0,0,0,0,0.2691607073686819,0,0.40356668248099176,0.3076243967330214,0.23287449240117017,0.8793673277836779,0.05576451680027123,0.0,0.29112086
9816.0,60.0,280.0,280.0,60.0,100.0,3.0,rough to slightly rough,0.1,up to 2mm thick silty clay,1,1.5,Fresh to Slightly Weathered,60.0,330.0,330.0,60.0,100.0,3.0,rough to slightly rough,0.1,up to 2mm thick silty clay,1,1.5,Fresh to Slightly Weathered,60.0,80.0,65.0,200.0,100.0,4.0,Rough,0,None,0,0,0,5.19494947039911,-5.0,13.038404810405298,10.0,84.55767262643877,50.0,109.74538714679534,99.5,0.0,0.0,0.8198915917499234,-1.5,4.3717845326594,5.0,10.0,-10.0,44.77722635447642,50.0,41.97082319897889,99.5,0.2236067977499775,0.5,0.7582875444051552,-1.5,4.3644014480796764,-5.0,10.0,20.0,84.97058314499145,190.0,41.97082319896947,99.5,0.6519202405202641,1.5,0.0,0.0,1.0,106.66666666666667,3.3333333333333335,-18.666666666666636,-0.12222222222222227,0,0,0,0.2934913460875507,0,0.3613887813899335,0.32898598179912386,0.03792994873068769,0.889484294910113,0.10947460141185228,0.0,0.09492307
9819.0,65.0,250.0,250.0,200.0,600.0,3.0,Rough to Slightly Rough,0.1,None,0,1.5,Fresh to Slightly Weathered,45.0,330.0,330.0,200.0,600.0,3.0,Rough to Slightly Rough,0.1,None,0,1.5,Fresh to Slightly Weathered,75.0,60.0,60.0,200.0,600.0,3.0,Rough to Slightly Rough,0,None,0,0,0,4.456736474147872,5.0,13.038404810405298,-30.0,84.55767262643877,140.0,233.307843845851,500.0,0.0,0.0,0.8215838362577496,0.0,7.785403008194237,-15.0,8.94427190999916,0.0,73.95944834840249,140.0,243.80842889449085,500.0,0.2236067977499775,0.0,0.7582875444051552,0.0,6.363803893898686,15.0,8.94427190999916,-20.0,84.97058314499145,0.0,243.80842889448937,500.0,0.7071067811865468,-1.0,0.0,0.0,1.0,200.0,3.0,4.666666666666697,-0.04444444444444447,0,0,0,0.21488103341327378,0,0.20863607264552053,0.23409777411614793,0.0038874398427655673,0.2800588161743307,0.1194992940129356,0.2857142857142857,0.015812105
9821.5,60.0,280.0,215.0,100.0,100.0,3.0,rough to slightly rough,0.1,2mm thick silty clay,1,1.5,Fresh to Slightly Weathered,60.0,340.0,275.0,60.0,100.0,3.0,rough to slightly rough,0.1,2mm thick silty clay,1,1.5,Fresh to Slightly Weathered,65.0,70.0,72.5,200.0,100.0,4.0,Rough,0,None,0,0,0,2.7386127875258386,-5.0,13.038404810405298,30.0,69.99999999999994,-100.0,235.47303454960613,-500.0,0.0,0.0,0.7582875444051557,0.0,6.519202405202637,15.0,5.477225575051661,10.0,73.95944834840249,-140.0,243.80842889449085,-500.0,0.2236067977499775,0.0,0.7582875444051552,0.0,5.7008771254957,-10.0,8.94427190999916,10.0,84.97058314499145,0.0,243.80842889448937,-500.0,0.7071067811865468,1.0,0.0,0.0,1.0,120.0,3.3333333333333335,-6.66666666666664,0.033333333333333326,0,0,0,0.2383954014343243,0,0.20767662804238338,0.2648292746106147,0.00272647208256175,0.020383134529032895,0.047862009004600276,0.14285714285714285,0.0026564002
9825.5,50.0,300.0,180.0,166.66666666666669,83.33333333333333,3.0,rough to slightly rough,0.1,Silty Clay,1,1.5,Fresh to Slightly Weathered,70.0,340.0,220.0,73.33333333333333,100.0,2.0,planar to undulated,0.1,silty clay,1,1.5,Fresh to Slightly Weathered,70.0,80.0,85.0,233.33333333333334,83.33333333333333,3.0,Rough to Slightly Rough,0,None,0,0,0,6.123724356957951,-10.0,18.16590212458495,20.0,77.25858456436335,66.66666666666669,240.16266478275833,-16.66666666666667,0.0,0.0,0.6708203932499378,0.0,9.082951062292471,10.0,5.477225575051661,0.0,70.96164848392102,13.333333333333329,238.65257174394748,0.0,0.44721359549995726,-1.0,0.6708203932499371,0.0,5.7008771254957,5.0,10.0,10.0,89.86409491869077,33.33333333333334,240.16266478275685,-16.66666666666667,0.6708203932499361,-1.0,0.0,0.0,1.0,157.7777777777778,2.6666666666666665,15.222222222222253,0.06666666666666668,0,0,0,0.23833921297513128,0,0.14593772387302803,0.2588236977458638,0.006762645267488706,0.2119775657962129,0.05060485419154556,0.14285714285714285,0.0028685085
9828.0,65.0,250.0,145.0,233.33333333333334,66.66666666666666,4.0,Rough,0.1,None,0,1.5,Fresh to Slightly Weathered,65.0,345.0,165.0,86.66666666666667,100.0,4.0,Rough,0.1,None,0,1.5,Fresh to Slightly Weathered,70.0,60.0,97.5,266.6666666666667,66.66666666666666,4.0,Rough,0,None,0,0,0,6.123724356957951,15.0,21.6794833886788,-50.0,71.24293337276019,66.66666666666666,229.61320132392697,-16.66666666666667,0.4472135954999573,1.0,0.0,0.0,9.354143466934852,-5.0,6.708203932499369,5.0,59.179576056459176,13.333333333333343,223.60679774997897,0.0,0.707106781186547,2.0,0.0,0.0,5.700877125495702,0.0,10.0,-20.0,29.814239699995767,33.33333333333334,229.61320132392544,-16.66666666666667,0.5477225575051652,1.0,0.0,0.0,1.0,195.55555555555557,4.0,37.11111111111114,-0.2,0,0,0,0.36447993567662235,0,0.2692645341269473,0.4018749927332297,0.005401191918506342,0.8100373932762617,0.5277661498507862,0.14285714285714285,0.0053625205
9833.0,70.0,80.0,110.0,300.0,50.0,4.0,Rough,0.1,Silty Clay,1,1.5,Fresh to Slightly Weathered,55.0,85.0,110.0,100.0,100.0,4.0,Rough,0.1,Silty Clay,1,1.5,Fresh to Slightly Weathered,70.0,80.0,110.0,300.0,50.0,4.0,Rough,0,None,0,0,0,7.582875444051553,5.0,87.57853618324526,-170.0,74.53559924999291,66.66666666666666,235.52541735919337,-16.666666666666657,0.5477225575051653,0.0,0.0,0.0,9.61769203083567,-10.0,113.61117902741789,-260.0,55.69759619788124,13.333333333333329,223.60679774997897,0.0,0.8366600265340751,0.0,0.0,0.0,3.5355339059327666,0.0,10.0,20.0,43.46134936801669,33.333333333333314,235.52541735919186,-16.666666666666657,0.5477225575051652,0.0,0.0,0.0,1.0,233.33333333333334,4.0,25.333333333333364,0.0,0,0,0,0.3778032522187081,0,0.11264634838204968,0.37720267474497493,0.0018819141852508957,0.039628980980919215,0.03396082629554257,0.0,0.00055909774
9836.0,70.0,80.0,355.0,200.0,60.0,4.0,Rough Surfaces,0.1,None,0,1.5,Not Recorded,70.0,80.0,355.0,200.0,60.0,4.0,Rough Surfaces,0.1,None,0,1.5,Not Recorded,70.0,80.0,355.0,200.0,60.0,4.0,Rough Surfaces,0,None,0,0,0,8.366600265340757,0.0,109.17875251164945,0.0,74.53559924999291,-100.0,19.804601036683845,10.0,0.547722557505165,0.0,0.0,0.0,6.519202405202658,15.0,141.97711083128857,-5.0,55.69759619788124,100.0,17.888543819997,-40.0,0.8944271909999155,0.0,0.0,0.0,2.2360679774998284,0.0,8.94427190999916,0.0,43.46134936801669,-100.0,19.804601036663,10.0,0.4472135954999568,0.0,0.0,0.0,1.0,200.0,4.0,2.842170943040401e-14,0.0,0,0,0,0.3112993208188537,0,0.060903976058348804,0.32138322741695646,0.0023846680699689733,0.01599988034471708,0.02159231314440301,0.0,0.002362319
9839.0,75.0,80.0,250.0,200.0,100.0,3.0,Rough to Slightly Rough,0.1,Silty Clay,1,1.5,Fresh to Slightly Weathered,70.0,80.0,322.0,600.0,100.0,3.0,Rough to Slightly Rough,0.1,Silty Clay,1,1.5,Fresh to Slightly Weathered,70.0,80.0,70.0,60.0,50.0,4.0,Rough,0,None,0,0,0,9.617692030835672,5.0,108.25894882179486,0.0,50.55250296034354,0.0,19.804601036683845,40.0,0.547722557505165,-1.0,0.0,0.0,6.5192024052026625,0.0,142.88981769181456,0.0,222.5808217754221,400.0,17.888543819997,40.0,0.8944271909999155,-1.0,0.0,0.0,0.0,0.0,8.94427190999916,0.0,92.78409825443583,-140.0,13.864422895359953,-10.0,0.4472135954999568,0.0,0.0,0.0,1.0,286.6666666666667,3.3333333333333335,33.333333333333364,0.0,0,0,0,0.3128186131777935,0,0.05818300929091615,0.29695795230547667,0.001635766210119554,0.03185119464973148,0.020401924541849446,0.0,0.000668379
9841.5,60.0,290.0,260.0,200.0,100.0,3.0,Rough to Slightly Rough,0.1,Silty Clay,1,1.5,Fresh to Slightly Weathered,60.0,330.0,326.0,60.0,100.0,2.5,Rough to Smooth,0.1,Silty Clay,1,1.5,Fresh to Slightly Weathered,70.0,80.0,200.0,100.0,100.0,3.0,Rough to Slightly Rough,0,None,0,0,0,5.70087712549569,-15.0,105.02380682492898,210.0,43.46134936801751,0.0,23.285665595430572,0.0,0.547722557505165,0.0,0.0,0.0,6.519202405202659,-10.0,140.24086423008094,250.0,224.72699486759979,-540.0,17.888543819997,0.0,0.7071067811865471,-0.5,0.0,0.0,0.0,0.0,8.94427190999916,0.0,103.64469220477301,40.0,20.628997929000782,50.0,0.4472135954999568,-1.0,0.0,0.0,1.0,120.0,2.8333333333333335,-7.555555555555531,0.0,0,0,0,0.33666903461152137,0,0.15294254101276727,0.34000863653296215,0.004472396226496502,0.1996945570546459,0.01750667328436325,0.0,0.0023166554
9844.5,65.0,80.0,270.0,100.0,800.0,3.0,Rough to Slightly Rough,0.1,Silty Clay,1,1.5,Fresh to Slightly Weathered,65.0,80.0,330.0,100.0,600.0,3.0,Rough to Slightly Rough,0.1,Silty Clay,1,1.5,Fresh to Slightly Weathered,65.0,80.0,330.0,50.0,300.0,3.0,Rough to Slightly Rough,0,None,0,0,0,5.70087712549569,5.0,93.91485505499116,-210.0,70.71067811865467,-100.0,323.91356871857033,700.0,0.5477225575051653,0.0,0.0,0.0,6.519202405202659,5.0,111.26544836560899,-250.0,222.97981971469974,40.0,228.73565528793273,500.0,0.6708203932499365,0.5,0.0,0.0,2.2360679774998284,-5.0,0.0,0.0,106.39548862616266,-50.0,107.09808588391867,200.0,0.5477225575051652,0.0,0.0,0.0,1.0,83.33333333333333,3.0,-22.44444444444442,0.0,0,0,0,0.40132696118441735,0,0.3406765616496507,0.427122357950036,0.05989698089591107,0.6952959875731991,0.14579792668903893,0.14285714285714285,0.005665055
9848.0,70.0,280.0,265.0,200.0,100.0,3.0,rough to slightly rough,0.1,2mm thick silty clay,1,1.5,Fresh to Slightly Weathered,50.0,330.0,325.0,60.0,100.0,3.0,rough to slightly rough,0.1,2mm thick silty clay,1,1.5,Fresh to Slightly Weathered,70.0,75.0,195.0,100.0,100.0,3.0,rough to slightly rough,0,None,0,0,0,5.70087712549569,5.0,112.33877335986894,200.0,44.72135954999569,100.0,317.99371062962865,-700.0,0.4472135954999573,0.0,0.0,0.0,8.366600265340761,-15.0,136.93063937629154,250.0,228.64820139244483,-40.0,228.73565528793273,-500.0,0.5477225575051655,0.0,0.0,0.0,2.2360679774998284,5.0,2.23606797749979,-5.0,59.329587896764515,50.0,102.07840124139499,-200.0,0.5477225575051652,0.0,0.0,0.0,1.0,120.0,3.0,-22.666666666666643,0.0,0,0,0,0.37522770696514385,0,0.27418823550675403,0.3758438340773428,0.004096200258856604,0.7868132470203414,0.06240915474491753,0.14285714285714285,0.0009752445
9851.0,60.0,85.0,260.0,200.0,500.0,3.0,Rough to Slightly Rough,0.1,Silty Clay,1,1.0,Fresh,65.0,75.0,320.0,200.0,600.0,3.0,Rough to Slightly Rough,0.1,Silty Clay,1,1.5,Fresh to Slightly Weathered,60.0,85.0,60.0,200.0,500.0,3.0,Rough to Slightly Rough,0,None,0,0,0,6.519202405202649,-10.0,111.44505372604026,-195.0,44.72135954999569,0.0,319.37438845342626,400.0,0.0,0.0,0.22360679774998005,-0.5,7.582875444051554,15.0,137.85862323409444,-255.0,228.64820139244483,140.0,273.86127875258313,500.0,0.2236067977499775,0.0,0.0,0.0,4.472135954999592,-10.0,3.5355339059327378,10.0,59.329587896764515,100.0,188.41443681416595,400.0,0.4472135954999568,0.0,0.0,0.0,0.8333333333333334,200.0,3.0,2.842170943040401e-14,-0.033333333333333326,0,0,0,0.3209867447459832,0,0.25832875031391944,0.38714182656431323,0.027104944589172356,0.1216936210846286,0.024017848913481316,0.0,0.0034854691
9854.0,65.0,290.0,290.0,60.0,275.0,2.5,rough to smooth,0.1,silty clay,1,1.25,Not Recorded,65.0,330.0,355.0,200.0,350.0,2.5,rough to smooth,0.1,silty clay,1,1.5,Not Recorded,60.0,100.0,60.0,200.0,275.0,3.0,Not Recorded,0,None,0,0,0,4.183300132670378,5.0,111.91514642799696,205.0,67.2309452558864,-140.0,298.1191037152769,-225.0,0.22360679774997883,-0.5,0.22360679774997985,0.25,6.51920240520265,0.0,138.31124321616085,255.0,71.27411872482197,0.0,250.00000000000014,-250.0,0.2738612787525818,-0.5,0.0,0.0,5.000000000000004,0.0,9.617692030835672,15.0,67.082039324993,0.0,166.20770138594477,-225.0,0.0,0.0,0.0,0.0,0.9166666666666666,153.33333333333334,2.6666666666666665,-26.66666666666664,-0.016666666666666673,0,0,0,0.32473488942566625,0,0.1851489857467114,0.3597827925388356,0.017873300065348353,0.2522538818009937,0.06594893558638704,0.0,0.004745146
9856.5,65.0,80.0,250.0,200.0,50.0,2.5,rough to smooth,0.1,Silty Clay,1,1.5,Fresh to Slightly Weathered,65.0,85.0,320.0,200.0,100.0,2.0,planar to undulated,0.1,silty clay,1,1.5,Fresh to Slightly Weathered,60.0,80.0,60.0,200.0,50.0,3.0,Rough to Slightly Rough,0,None,0,0,0,3.5355339059327378,0.0,111.44505372604026,-210.0,67.2309452558864,140.0,309.434968935316,-225.0,0.27386127875258326,0.0,0.22360679774997985,0.25,6.708203932499372,0.0,136.97627531802723,-245.0,67.23094525588655,0.0,250.00000000000014,-250.0,0.44721359549995726,-0.5,0.0,0.0,4.472135954999578,0.0,9.617692030835672,-20.0,70.71067811865412,0.0,178.88543819998142,-225.0,0.0,0.0,0.0,0.0,1.0,200.0,2.5,16.00000000000003,0.0,0,0,0,0.3265352695163511,0,0.14205423016013904,0.3215511762718503,0.0063613465483594814,0.22113249314496244,0.007160122575226582,0.14285714285714285,0.0043044677
9859.0,60.5,280.0,340.0,200.0,600.0,3.0,Rough to Slightly Rough,0.55,Silty Clay,1,1.5,Fresh to Slightly Weathered,65.5,340.0,355.0,60.0,200.0,2.5,Rough to Smooth,0.55,Silty Clay,1,1.5,Fresh to Slightly Weathered,70.0,100.0,58.75,200.0,51.42857142857143,3.0,Rough to Slightly Rough,0,None,0,0,0,4.068169121361597,-4.5,110.09087155618307,200.0,62.60990336999404,0.0,241.35036772294336,550.0,0.27386127875258326,0.5,0.22360679774997985,0.0,6.767569726275456,0.5,138.8614417323974,255.0,76.68115805072337,-140.0,210.95023109728993,100.0,0.418330013267037,0.5,0.0,0.0,5.477225575051662,10.0,11.510864433221338,20.0,44.72135954999481,0.0,193.70554131127273,1.4285714285714306,0.0,0.0,0.0,0.0,1.0,153.33333333333334,2.8333333333333335,14.000000000000032,0.0,0,0,0,0.3230040831097694,0,0.23968713011842174,0.3248168228471071,0.006979336308288997,0.3072672084500452,0.03626237067058515,0.0,0.006779887
9861.0,55.0,80.0,323.3333333333333,200.0,420.0,3.0,Not Recorded,0.325,None,0,1.5,Not Recorded,65.0,80.0,355.0,106.66666666666666,153.33333333333334,2.75,Not Recorded,0.325,None,0,1.5,Not Recorded,55.0,75.0,57.5,200.0,52.857142857142854,3.0,Not Recorded,0,None,0,0,0,4.159326868617079,-5.5,111.44505372604026,-200.0,62.60990336999404,0.0,214.31285542402722,-180.0,0.27386127875258326,0.0,0.22360679774997985,0.0,0.22360679775027967,-0.5,139.75872065813996,-260.0,65.99663291074455,46.66666666666666,201.3344370830673,-46.66666666666666,0.3708099243547823,0.25,0.0,0.0,5.477225575051653,-15.0,11.510864433221338,-25.0,0.0,0.0,200.53016466051886,1.4285714285714235,0.0,0.0,0.0,0.0,1.0,168.88888888888889,2.9166666666666665,9.777777777777805,0.0,0,0,0,0.3811779991222526,0,0.3764049276940977,0.40080570312221,0.050903308470815055,0.9460859342714805,0.11006973133306455,0.14285714285714285,0.14779812
9863.5,70.0,300.0,306.6666666666667,200.0,240.0,3.0,rough to slightly rough,0.1,Silty Clay,1,1.5,Fresh to Slightly Weathered,60.0,340.0,355.0,153.33333333333331,106.66666666666667,3.0,rough to slightly rough,0.1,Silty Clay,1,1.5,Fresh to Slightly Weathered,60.0,90.0,56.25,200.0,54.285714285714285,3.0,rough to slightly rough,0,None,0,0,0,5.639148871948672,15.0,115.23888232710347,220.0,62.60990336999404,0.0,205.96116138728678,-180.0,0.27386127875258326,0.0,0.11180339887499206,0.0,2.3021728866442954,-5.0,139.2838827718412,260.0,60.84588911522486,46.66666666666666,102.18719206545511,-46.66666666666667,0.3708099243547823,0.25,0.0,0.0,5.477225575051653,5.0,11.40175425099138,15.0,0.0,0.0,99.67754132650514,1.4285714285714306,0.0,0.0,0.0,0.0,1.0,184.44444444444443,3.0,-3.111111111111086,0.033333333333333326,0,0,0,0.34821957492844663,0,0.2524135318928588,0.3528073521897987,0.017359620890843055,0.6870740346315151,0.06115361890609868,0.0,0.00772666
9868.0,60.0,290.0,290.0,200.0,60.0,3.0,Rough to slightly rough,0.1,None,0,1.5,Fresh to Slightly Weathered,60.0,75.0,355.0,200.0,60.0,3.0,Rough to slightly rough,0.1,None,0,1.5,Fresh to Slightly Weathered,55.0,80.0,55.0,200.0,55.714285714285715,3.0,Rough to slightly rough,0,None,0,0,0,5.661271941887261,-10.0,115.23888232710347,-10.0,0.0,0.0,237.02320561497766,-180.0,0.22360679774997883,0.0,0.0,0.0,2.8372521918222415,0.0,142.4517462160433,-265.0,60.84588911522486,46.666666666666686,53.87227693556484,-46.66666666666667,0.41833001326703706,0.0,0.0,0.0,6.123724356957935,-5.0,10.0,-10.0,0.0,0.0,2.258769757068975,1.4285714285714306,0.0,0.0,0.0,0.0,1.0,200.0,3.0,9.33333333333336,0.016666666666666673,0,0,0,0.32187882903818366,0,0.19069325462533446,0.3246349595082987,0.023910466222833944,0.058091449297925375,0.0059209720207981445,0.0,0.008841863
9870.0,65.0,250.0,235.0,200.0,60.0,3.0,Rough to Slightly Rough,0.1,Silty Clay,1,1.5,Fresh to Slightly Weathered,45.0,320.0,322.5,60.0,60.0,3.0,Rough to Slightly Rough,0.1,Silty Clay,1,1.5,Fresh to Slightly Weathered,75.0,100.0,202.5,200.0,57.142857142857146,3.0,Rough to Slightly Rough,0,None,0,0,0,5.661271941887261,5.0,91.37833441248533,-40.0,0.0,0.0,234.6912865872953,0.0,0.0,0.0,0.0,0.0,8.309632964216895,-15.0,140.3744991086344,245.0,60.84588911522487,-140.0,60.845889115224445,0.0,0.22360679774997766,0.0,0.0,0.0,9.082951062292473,20.0,11.40175425099138,20.0,0.0,0.0,2.258769757069382,1.4285714285714306,0.0,0.0,0.0,0.0,1.0,153.33333333333334,3.0,-9.333333333333304,0.0,0,0,0,0.2736027567179912,0,0.19415435738859452,0.28950399569390384,0.021668822243829683,0.04161843398790322,0.004763377947931139,0.0,0.012821896
9872.0,70.0,290.0,180.0,200.0,60.0,2.5,rough to smooth,0.4,Clay and silty clay,1,1.5,Not Recorded,35.0,350.0,290.0,130.0,60.0,2.5,rough to smooth,0.7333333333333333,Clay and silty clay,1,1.5,Not Recorded,75.0,80.0,350.0,200.0,58.57142857142857,3.5,Not Recorded,0,None,0,0,0,6.519202405202648,5.0,92.57429448826494,40.0,0.0,0.0,160.99689437998475,0.0,0.22360679774997883,-0.5,0.0,0.0,12.54990039801113,-10.0,142.3727502017152,30.0,52.17491947499526,70.0,41.73993557999556,0.0,0.22360679774997766,-0.5,0.0,0.0,10.246950765959598,0.0,10.0,-20.0,0.0,0.0,2.2587697570697864,1.4285714285714235,0.22360679774997677,0.5,0.0,0.0,1.0,176.66666666666666,2.8333333333333335,4.666666666666691,0.0,0,0,0,0.28824332371699246,0,0.17230911867559373,0.31274112635802337,0.012091444329684438,0.0016149802183425324,0.0029213608580160914,0.0,0.0023142134
9875.0,75.0,280.0,300.0,200.0,60.0,4.0,Rough Surfaces,0.7,None,0,1.5,Not Recorded,45.0,85.0,330.0,200.0,60.0,4.0,Rough Surfaces,1.3666666666666667,None,0,1.5,Not Recorded,50.0,80.0,60.0,200.0,60.0,4.0,Rough Surfaces,0,None,0,0,0,5.7008771254956985,5.0,19.235384061671343,-10.0,0.0,0.0,80.49844718999218,0.0,0.5477225575051659,1.5,0.0,0.0,10.839741694339393,10.0,141.04077424631504,-265.0,58.09953145728088,70.0,20.86996778999684,0.0,0.5477225575051655,1.5,0.0,0.0,11.510864433221338,-25.0,8.94427190999916,0.0,0.0,0.0,2.2587697570701883,1.4285714285714306,0.4472135954999569,0.5,0.0,0.0,1.0,200.0,4.0,6.222222222222252,0.0,0,0,0,0.26583320511676567,0,0.13242539578282367,0.27098632129039646,0.00849137647876894,0.0014702948932824762,0.012853076837435983,0.0,0.0144217415
9878.0,75.0,280.0,297.5,200.0,60.0,4.0,Rough,1.0,Silty Clay,1,1.5,Fresh to Slightly Weathered,45.0,320.0,330.8333333333333,130.0,60.0,4.0,Rough,2.0,Silty Clay,1,1.5,Fresh to Slightly Weathered,60.0,60.0,60.0,200.0,70.0,4.0,Rough,0,None,0,0,0,6.519202405202659,0.0,16.431676725154983,0.0,0.0,0.0,0.0,0.0,0.6708203932499364,0.0,0.0,0.0,8.944271909999149,0.0,137.52272539475067,235.0,58.56620185738542,-70.0,0.0,0.0,0.6708203932499365,0.0,0.0,0.0,11.510864433221338,10.0,14.142135623730951,-20.0,0.0,0.0,5.660460787397346,10.0,0.49999999999999906,0.0,0.0,0.0,1.0,176.66666666666666,4.0,-1.5555555555555258,0.0,0,0,0,0.2553340427622511,0,0.037451388127029216,0.22478740836959707,0.001652467830128869,0.004862550622293188,0.0031312352953441424,0.0,0.00028753257
9880.0,40.0,260.0,295.0,200.0,60.0,3.0,Rough to slightly rough,0.1,Silty Clay,1,1.5,Fresh to Slightly Weathered,35.0,330.0,331.6666666666667,60.0,60.0,3.0,Rough to slightly rough,0.1,Silty Clay,1,1.5,Fresh to Slightly Weathered,50.0,90.0,60.0,200.0,80.0,3.0,Rough to slightly rough,0,None,0,0,0,14.577379737113251,-35.0,16.431676725154983,-20.0,0.0,0.0,0.0,0.0,0.6708203932499364,-1.0,0.0,0.0,5.477225575051638,-10.0,110.24971655292362,10.0,58.56620185738544,-70.0,0.0,0.0,0.6708203932499365,-1.0,0.0,0.0,12.54990039801113,-10.0,14.832396974191326,30.0,0.0,0.0,9.720586192072258,10.0,0.49999999999999906,-1.0,0.0,0.0,1.0,153.33333333333334,3.0,-9.333333333333304,0.0,0,0,0,0.3051758670567424,0,0.0836226000224375,0.29429556024638276,0.005762339508434301,0.0931929143732906,0.022989526823297555,0.0,0.0021897315
9882.5,40.0,260.0,292.5,200.0,60.0,3.0,Rough to Slightly Rough,0.1,None,0,1.5,Fresh to Slightly Weathered,65.0,330.0,332.5,200.0,60.0,3.0,Rough to Slightly Rough,0.1,None,0,1.5,Fresh to Slightly Weathered,50.0,0.0,60.0,200.0,90.0,3.0,Rough to Slightly Rough,0,None,0,0,0,18.37117307087383,0.0,13.416407864998739,0.0,0.0,0.0,0.0,0.0,0.6708203932499364,0.0,0.0,0.0,12.247448713915883,30.0,111.22050170719426,0.0,58.56620185738542,140.0,0.0,0.0,0.6708203932499365,0.0,0.0,0.0,10.954451150103312,0.0,36.3318042491699,-90.0,0.0,0.0,13.378325449617433,10.0,0.49999999999999906,0.0,0.0,0.0,1.0,200.0,3.0,9.33333333333336,0.0,0,0,0,0.2363360918364388,0,0.059211584139792175,0.24596443099902937,0.0032718930913037967,0.0008445988413996872,0.016030027652834962,0.0,0.0006071207
9886.0,65.0,290.0,290.0,200.0,100.0,2.5,rough to smooth,0.1,clay and silty clay fillings upto 3 mm,1,1.5,Fresh to Slightly Weathered,60.0,335.0,333.3333333333333,200.0,100.0,2.5,rough to smooth,0.1,clay and silty clay fillings upto 3 mm,1,1.5,Fresh to Slightly Weathered,60.0,70.0,60.0,200.0,100.0,2.5,rough to smooth,0,None,0,0,0,17.818529681205458,25.0,13.416407864998739,30.0,0.0,0.0,17.88854381999708,40.0,0.6708203932499364,-0.5,0.0,0.0,12.247448713915887,-5.0,109.14439976471537,5.0,62.60990336999423,0.0,17.8885438199969,40.0,0.6708203932499365,-0.5,0.0,0.0,5.477225575051632,10.0,35.35533905932738,70.0,0.0,0.0,15.811388300815242,10.0,0.6708203932499363,-0.5,0.0,0.0,1.0,200.0,2.5,4.666666666666697,0.0,0,0,0,0.30160361195458424,0,0.06822327250561207,0.3023556028634522,0.0044356378017186195,0.00740505906186838,0.04513295064954804,0.0,0.001343708
9888.0,70.0,260.0,287.5,200.0,60.0,3.0,Rough to Slightly Rough,0.1,None,0,1.5,Fresh to Slightly Weathered,70.0,355.0,334.1666666666667,200.0,60.0,3.0,Rough to Slightly Rough,0.1,None,0,1.5,Fresh to Slightly Weathered,60.0,75.0,60.0,200.0,60.0,3.0,Rough to Slightly Rough,0,None,0,0,0,16.807736313971606,5.0,14.142135623730951,-30.0,0.0,0.0,17.88854381999708,-40.0,0.5477225575051659,0.5,0.0,0.0,14.577379737113251,10.0,12.942179105544785,20.0,62.60990336999423,0.0,17.8885438199969,-40.0,0.5477225575051655,0.5,0.0,0.0,5.477225575051638,0.0,34.713109915419565,5.0,0.0,0.0,15.811388300815242,-40.0,0.5477225575051652,0.5,0.0,0.0,1.0,200.0,3.0,2.842170943040401e-14,0.0,0,0,0,0.3077819854667469,0,0.07468876170778786,0.3048758699339281,0.00285673428621081,0.0029650117013140425,0.03500388573476735,0.0,0.00094925374
9892.0,65.0,285.0,285.0,200.0,300.0,4.0,Rough,0.1,Silty Clay,1,1.0,Fresh,60.0,335.0,335.0,60.0,100.0,3.0,Rough to slightly rough,0.1,Silty Clay,1,1.5,Fresh to Slightly Weathered,70.0,60.0,60.0,100.0,100.0,3.0,Rough to slightly rough,0,None,0,0,0,14.747881203752618,-5.0,15.165750888103101,25.0,0.0,0.0,104.3072384832422,240.0,0.5477225575051659,1.0,0.22360679774998005,-0.5,13.509256086106298,-10.0,10.36822067666386,-20.0,76.68115805072335,-140.0,21.90890230020555,40.0,0.2236067977499775,0.0,0.0,0.0,8.366600265340745,10.0,34.713109915419565,-15.0,44.72135954999481,-100.0,16.73320053065655,40.0,0.22360679774997674,0.0,0.0,0.0,0.8333333333333334,120.0,3.3333333333333335,-11.333333333333304,-0.033333333333333326,0,0,0,0.3514240319037242,0,0.20503918170516408,0.3887214998861066,0.08299540679781532,0.005416322242386537,0.0471031362357137,0.0,0.034590986
9894.5,70.0,85.0,280.0,50.0,50.0,3.0,Rough to Slightly Rough,0.1,Silty Clay,1,1.5,Fresh to Slightly Weathered,70.0,345.0,300.0,50.0,50.0,3.0,Rough to Slightly Rough,0.1,Silty Clay,1,1.5,Fresh to Slightly Weathered,70.0,90.0,100.0,50.0,50.0,3.0,Rough to Slightly Rough,0,None,0,0,0,12.54990039801113,5.0,85.5423871539718,-200.0,67.08203932499363,-150.0,105.73551910309024,-250.0,0.5477225575051659,-1.0,0.22360679774998005,0.5,5.000000000000012,10.0,10.0,10.0,79.49842765740726,-10.0,24.083189157583583,-50.0,0.2236067977499775,0.0,0.0,0.0,8.366600265340752,0.0,34.713109915419565,30.0,70.71067811865412,-50.0,23.452078799099176,-50.0,0.22360679774997674,0.0,0.0,0.0,1.0,50.0,3.0,-20.66666666666664,0.0,0,0,0,0.4506414544729831,0,0.33830071592589916,0.4821493419337049,0.026847288667633997,0.8934822981263528,0.12880029984797167,0.14285714285714285,0.34316954
9897.5,50.0,280.0,292.5,200.0,100.0,4.0,Rough,0.1,Silty Clay,1,1.0,Fresh,65.0,335.0,307.5,60.0,100.0,3.0,Rough to slightly rough,0.1,Silty Clay,1,1.5,Fresh to Slightly Weathered,60.0,75.0,92.5,200.0,100.0,3.0,Rough to slightly rough,0,None,0,0,0,8.215838362577491,-20.0,87.39279146474267,195.0,67.08203932499363,150.0,102.07840124139858,50.0,0.6708203932499364,1.0,0.27386127875258365,-0.5,5.000000000000012,-5.0,8.94427190999916,-10.0,78.6129760281343,10.0,24.89979919597655,50.0,0.2236067977499775,0.0,0.0,0.0,5.477225575051661,-10.0,10.8397416943394,-15.0,70.71067811865412,150.0,24.89979919596059,50.0,0.22360679774997674,0.0,0.0,0.0,0.8333333333333334,153.33333333333334,3.3333333333333335,-9.333333333333304,-0.033333333333333326,0,0,0,0.41147430328793405,0,0.31905431575994875,0.4271915831658864,0.03443003706028199,0.7211270892786553,0.08274325447893194,0.0,0.17360312
9900.0,70.0,270.0,305.0,200.0,86.66666666666667,3.0,Rough to Slightly Rough,0.1,Silty Clay,1,1.5,Fresh to Slightly Weathered,65.0,340.0,315.0,106.66666666666666,86.66666666666667,4.0,Rough,0.1,Silty Clay,1,1.5,Fresh to Slightly Weathered,60.0,70.0,85.0,200.0,86.66666666666667,4.0,Rough,0,None,0,0,0,8.660254037844387,20.0,84.95587089777845,-10.0,67.08203932499363,0.0,102.96709290944455,-13.333333333333329,0.5477225575051653,-1.0,0.27386127875258365,0.5,4.183300132670392,0.0,8.366600265340756,5.0,62.52110754688297,46.66666666666666,23.142073276945368,-13.333333333333329,0.44721359549995715,1.0,0.0,0.0,5.477225575051661,0.0,10.8397416943394,-5.0,70.71067811865412,0.0,23.142073276928148,-13.333333333333329,0.44721359549995676,1.0,0.0,0.0,1.0,168.88888888888889,3.6666666666666665,-6.222222222222195,0.0,0,0,0,0.43782701153429154,0,0.32657968165368567,0.46717400716744456,0.020687282774897103,0.6792519182544224,0.2557560050686267,0.14285714285714285,0.019214705
9902.0,70.0,275.0,317.5,200.0,73.33333333333333,2.75,Not Recorded,0.1,None,0,1.5,Not Recorded,67.5,335.0,322.5,153.33333333333331,73.33333333333333,3.25,Not Recorded,0.1,None,0,1.5,Not Recorded,65.0,70.0,77.5,200.0,73.33333333333333,3.5,Not Recorded,0,None,0,0,0,8.660254037844387,0.0,86.26992523469578,5.0,67.08203932499363,0.0,101.20386466050684,-13.333333333333343,0.6020797289396141,-0.25,0.27386127875258365,0.0,3.708099243547848,2.5,4.47213595499958,-5.0,43.61447262345654,46.66666666666666,21.029080394115585,-13.333333333333343,0.43301270189221847,-0.75,0.0,0.0,5.0000000000000036,5.0,10.954451150103322,0.0,70.71067811865412,0.0,21.02908039409669,-13.333333333333343,0.44721359549995676,-0.5,0.0,0.0,1.0,184.44444444444443,3.1666666666666665,-3.111111111111086,0.0,0,0,0,0.46207450169155484,0,0.19341411680579038,0.42054601405012854,0.009839457170038021,0.32761310105797564,0.1521649230494506,0.14285714285714285,0.023289088
9905.5,70.0,280.0,330.0,200.0,60.0,2.5,Rough to smooth,0.1,Silty Clay,1,1.5,Fresh to Slightly Weathered,70.0,330.0,330.0,200.0,60.0,2.5,Rough to smooth,0.1,Silty Clay,1,1.5,Fresh to Slightly Weathered,70.0,70.0,70.0,200.0,60.0,3.0,Rough to Slightly Rough,0,None,0,0,0,8.944271909999163,0.0,85.63001810113087,5.0,67.08203932499363,0.0,20.055478608654006,-13.333333333333329,0.5700877125495688,-0.25,0.22360679774998007,0.0,2.500000000000024,2.5,5.70087712549569,-5.0,63.263118973239365,46.666666666666686,20.055478608653896,-13.333333333333329,0.5477225575051654,-0.75,0.0,0.0,5.0000000000000036,5.0,8.660254037844387,0.0,67.08203932499303,0.0,20.055478608633894,-13.333333333333329,0.44721359549995676,-0.5,0.0,0.0,1.0,200.0,2.6666666666666665,16.00000000000003,0.033333333333333326,0,0,0,0.3938355482952924,0,0.09994536118809101,0.40057299343342395,0.004151929055310173,0.8999719170320258,0.3298842272745869,0.2857142857142857,0.0026049267
9909.5,65.0,290.0,322.85714285714283,200.0,60.0,4.0,rough,0.1,Silty Clay,1,1.0,Fresh,50.0,335.0,331.42857142857144,60.0,60.0,1.0,smooth,0.1,Silty Clay,1,1.5,Fresh to Slightly Weathered,65.0,40.0,52.5,60.0,60.0,3.0,Rough to slightly rough,0,None,0,0,0,8.660254037844387,-5.0,7.416198487095663,10.0,0.0,0.0,17.384539747205814,0.0,0.707106781186547,1.5,0.27386127875258365,-0.5,7.826237921249271,-20.0,3.5355339059327378,5.0,60.84588911522485,-140.0,17.384539747205693,0.0,1.1180339887498945,-1.5,0.0,0.0,4.183300132670378,-5.0,14.142135623730951,-30.0,62.6099033699934,-140.0,17.384539747182675,0.0,0.44721359549995676,0.0,0.0,0.0,0.8333333333333334,106.66666666666667,2.6666666666666665,11.333333333333362,-0.033333333333333326,0,0,0,0.34656922806391427,0,0.12360354101814391,0.3728284099583292,0.01214106494301986,0.8266615015674342,0.10456767856940755,0.14285714285714285,0.0025265613
9912.5,70.0,270.0,315.7142857142857,200.0,50.0,3.0,Rough to Slightly Rough,0.1,Silty Clay,1,1.5,Fresh to Slightly Weathered,65.0,320.0,332.85714285714283,60.0,50.0,3.0,Rough to Slightly Rough,0.1,Silty Clay,1,1.5,Fresh to Slightly Weathered,65.0,70.0,35.0,200.0,50.0,3.0,Rough to Slightly Rough,0,None,0,0,0,2.236067977499823,5.0,8.366600265340756,-20.0,0.0,0.0,14.220486005132782,-10.0,0.5700877125495687,-1.0,0.22360679774998007,0.5,7.826237921249271,15.0,7.582875444051551,-15.0,60.84588911522485,0.0,14.220486005132575,-10.0,1.1180339887498945,2.0,0.0,0.0,3.5355339059327426,0.0,13.416407864998739,30.0,62.6099033699934,140.0,14.220486005104096,-10.0,0.44721359549995676,0.0,0.0,0.0,1.0,153.33333333333334,3.0,2.842170943040401e-14,0.033333333333333326,0,0,0,0.3338722216906146,0,0.07356576248739327,0.335404585866114,0.002846702192891139,0.2332169312729468,0.04657837254797826,0.2857142857142857,0.0020999478
9914.0,70.0,290.0,308.57142857142856,130.0,50.0,4.0,Rough,0.1,None,0,1.5,Not Recorded,65.0,330.0,334.2857142857143,60.0,50.0,3.0,Rough to Slightly Rough,0.1,None,0,1.5,Not Recorded,50.0,70.0,17.5,150.0,75.0,3.0,Rough to Slightly Rough,0,None,0,0,0,2.236067977499823,0.0,8.94427190999916,20.0,31.304951684996897,-70.0,9.603240193922893,0.0,0.707106781186547,1.0,0.22360679774998007,0.0,7.826237921249271,0.0,6.123724356957945,10.0,65.99663291074457,0.0,9.603240193922518,0.0,0.9082951062292471,0.0,0.0,0.0,7.582875444051549,-15.0,13.416407864998739,0.0,60.991802727906894,-50.0,10.434983894957629,25.0,0.22360679774997655,0.0,0.0,0.0,1.0,113.33333333333333,3.3333333333333335,-11.111111111111082,0.0,0,0,0,0.3590818076642092,0,0.09658671522973875,0.3786088530935898,0.004415000823419747,0.1586556141123812,0.03783810329066374,0.14285714285714285,0.016245933
9916.5,60.0,280.0,301.42857142857144,60.0,50.0,2.5,rough to smooth,0.1,clay and silty clayey material,1,1.5,Fresh to Slightly Weathered,60.0,340.0,335.7142857142857,60.0,50.0,2.5,rough to smooth,0.1,clay and silty clayey material,1,1.5,Fresh to Slightly Weathered,70.0,90.0,0.0,100.0,100.0,3.0,Rough to slightly rough,0,None,0,0,0,4.4721359549995885,-10.0,8.366600265340756,-10.0,62.60990336999404,-70.0,5.477225575047402,0.0,0.7582875444051547,-1.5,0.22360679774998007,0.0,7.582875444051559,-5.0,7.416198487095663,10.0,62.609903369994264,0.0,5.477225575046667,0.0,0.8215838362577488,-0.5,0.0,0.0,8.215838362577491,20.0,17.88854381999832,20.0,61.806148561449035,-50.0,19.493588689595946,25.0,0.0,0.0,0.0,0.0,1.0,73.33333333333333,2.6666666666666665,-22.222222222222193,0.0,0,0,0,0.3461388490219381,0,0.10086263913702288,0.3544843569675508,0.007688644572655902,0.39593640385153694,0.08134063147719078,0.14285714285714285,0.0014097516
9919.0,60.0,75.0,294.2857142857143,106.66666666666666,66.66666666666667,3.0,Rough to Slightly Rough,0.1,Silty Clay,1,1.5,Fresh to Slightly Weathered,65.0,80.0,337.14285714285717,73.33333333333333,66.66666666666667,3.0,Rough to Slightly Rough,0.1,Silty Clay,1,1.5,Fresh to Slightly Weathered,65.0,75.0,93.33333333333333,133.33333333333334,83.33333333333333,3.0,Rough to Slightly Rough,0,None,0,0,0,5.000000000000002,0.0,93.16651759081692,-205.0,60.845889115224665,46.66666666666666,7.673909622144532,16.66666666666667,0.6708203932499364,0.5,0.22360679774998007,0.0,6.519202405202658,5.0,112.60550608207397,-260.0,5.962847940001137,13.333333333333329,7.6739096221440235,16.66666666666667,0.8660254037844383,0.5,0.0,0.0,7.582875444051548,-5.0,18.16590212458495,-15.0,52.68354160034672,33.33333333333334,19.593082679559075,-16.66666666666667,0.0,0.0,0.0,0.0,1.0,104.44444444444446,3.0,-19.11111111111108,0.0,0,0,0,0.32239692396846503,0,0.13480597925535376,0.31735661308070445,0.003235001024114722,0.6294598331299249,0.07040430053629487,0.0,0.0043554534
9921.5,55.0,280.0,287.1428571428571,153.33333333333331,83.33333333333334,2.5,rough to smooth,4.0,clay and silty clay,1,1.5,Not Recorded,55.0,335.0,338.57142857142856,86.66666666666667,83.33333333333334,2.5,rough to smooth,4.0,clay and silty clay,1,1.5,Not Recorded,60.0,75.0,186.66666666666666,166.66666666666669,66.66666666666666,3.0,Not Recorded,0,None,0,0,0,6.708203932499366,-5.0,91.95107394696377,205.0,52.17491947499503,46.66666666666666,14.907119849997065,16.66666666666667,0.6123724356957944,-0.5,0.0,0.0,4.472135954999593,-10.0,112.60550608207397,255.0,11.925695879999715,13.333333333333343,14.907119849996832,16.66666666666667,0.2738612787525818,-0.5,0.0,0.0,7.582875444051546,-5.0,8.215838362577491,0.0,37.26779962499528,33.33333333333334,18.63389981247546,-16.66666666666667,0.0,0.0,0.0,0.0,1.0,135.55555555555557,2.6666666666666665,5.777777777777809,0.033333333333333326,0,0,0,0.3022087212703591,0,0.08839700603991292,0.2767226183168841,0.005386380143038747,0.47518716253380505,0.03375211244692918,0.0,0.002855411
9924.5,70.0,280.0,280.0,200.0,100.0,3.0,Rough to slightly rough,0.1,Silty Clay,1,1.5,Fresh to Slightly Weathered,65.0,340.0,340.0,100.0,100.0,3.0,Rough to slightly rough,0.1,Silty Clay,1,1.5,Fresh to Slightly Weathered,70.0,90.0,280.0,200.0,50.0,3.0,Rough to slightly rough,0,None,0,0,0,6.708203932499366,15.0,92.89779329994873,0.0,52.17491947499503,46.666666666666686,21.73067468400781,16.666666666666657,0.6123724356957944,0.5,0.0,0.0,4.472135954999593,10.0,114.67344941179715,5.0,17.384539747207622,13.333333333333329,21.730674684007692,16.666666666666657,0.2738612787525818,0.5,0.0,0.0,8.366600265340754,10.0,9.354143466934854,15.0,37.26779962499528,33.333333333333314,18.63389981247546,-16.666666666666657,0.0,0.0,0.0,0.0,1.0,166.66666666666666,3.0,2.6666666666666914,0.0,0,0,0,0.3174297383444839,0,0.10558042012229,0.2749210415101584,0.001588734166363219,0.5709374710053381,0.045440468203095045,0.0,0.0016677578
9928.0,70.0,280.0,250.83333333333334,200.0,90.0,3.0,Rough to Slightly Rough,0.1,Silty Clay,1,1.5,Fresh to Slightly Weathered,60.0,340.0,299.1666666666667,200.0,90.0,3.0,Rough to Slightly Rough,0.1,Silty Clay,1,1.5,Fresh to Slightly Weathered,35.0,70.0,190.0,186.66666666666666,41.7,3.0,Rough to Slightly Rough,0,None,0,0,0,6.708203932499366,0.0,91.67878707749138,0.0,60.845889115224665,0.0,19.80460103668284,-10.0,0.2738612787525834,0.0,0.0,0.0,4.183300132670392,-5.0,115.73677030226824,0.0,55.69759619788129,100.0,19.804601036682747,-10.0,0.2738612787525818,0.0,0.0,0.0,14.577379737113247,-35.0,9.354143466934854,-20.0,40.715817292272135,-13.333333333333343,23.85372554175478,-8.299999999999997,0.0,0.0,0.0,0.0,1.0,195.55555555555554,3.0,16.44444444444447,0.0,0,0,0,0.2711908084487742,0,0.08969701701758077,0.2581067828690356,0.003283868619133618,0.4144841763972195,0.020775051090486097,0.0,0.0011818452
9931.5,55.0,295.0,221.66666666666666,200.0,80.0,3.0,Rough to slightly rough,0.1,Silty Clay,1,1.5,Fresh to Slightly Weathered,60.0,350.0,258.3333333333333,200.0,80.0,3.0,Rough to slightly rough,0.1,Silty Clay,1,1.5,Fresh to Slightly Weathered,60.0,100.0,100.0,173.33333333333334,33.400000000000006,3.0,Rough to slightly rough,0,None,0,0,0,7.582875444051545,-15.0,93.58151526877516,15.0,41.73993557999599,0.0,12.337837015546114,-10.0,0.223606797749979,0.0,0.0,0.0,4.183300132670392,0.0,116.96153213770756,10.0,62.78711828251268,0.0,12.33783701554601,-10.0,0.2236067977499775,0.0,0.0,0.0,13.509256086106289,25.0,12.549900398011133,30.0,25.121924908553876,-13.333333333333314,20.04580310741746,-8.299999999999997,0.0,0.0,0.0,0.0,1.0,191.11111111111111,3.0,23.555555555555586,0.0,0,0,0,0.256145365336023,0,0.053171030288316545,0.2585522933091984,0.003721787950264009,0.25966953376546537,0.012671472327200634,0.0,0.0010037228
9934.0,50.0,260.0,192.5,200.0,70.0,3.0,rough to slightly rough,0.1,Silty Clay,1,1.5,Fresh to Slightly Weathered,65.0,320.0,217.5,200.0,70.0,3.0,rough to slightly rough,0.1,Silty Clay,1,1.5,Fresh to Slightly Weathered,50.0,90.0,95.0,160.0,25.1,3.0,Rough to Slightly Rough,0,None,0,0,0,9.354143466934845,-5.0,12.449899597988733,-35.0,20.869967789997858,0.0,11.205157542645853,-10.0,0.223606797749979,0.0,0.0,0.0,4.183300132670392,5.0,10.954451150103322,-30.0,58.61361237422216,0.0,11.205157542645745,-10.0,0.2236067977499775,0.0,0.0,0.0,13.228756555322944,-10.0,12.24744871391589,-10.0,16.05545943838687,-13.333333333333343,15.989639006389918,-8.300000000000004,0.0,0.0,0.0,0.0,1.0,186.66666666666666,3.0,16.444444444444468,0.0,0,0,0,0.3196783462853482,0,0.05750744478819963,0.2899546799123808,0.0025309217310469853,0.20341375771243211,0.12661782155998103,0.0,0.0024585405
9937.0,70.0,270.0,163.33333333333331,200.0,60.0,3.0,Rough to slightly rough,0.1,Silty Clay,1,1.5,Fresh to Slightly Weathered,55.0,10.0,176.66666666666666,200.0,60.0,3.0,Rough to slightly rough,0.1,Silty Clay,1,1.5,Fresh to Slightly Weathered,65.0,80.0,90.0,146.66666666666666,16.800000000000004,3.0,Rough to slightly rough,0,None,0,0,0,9.746794344808961,20.0,13.038404810405298,10.0,0.0,0.0,15.811388300840534,-10.0,0.0,0.0,0.0,0.0,4.183300132670392,-10.0,146.8672870315238,-310.0,44.72135954999592,0.0,15.811388300840438,-10.0,0.0,0.0,0.0,0.0,13.8744369255116,15.0,11.40175425099138,-10.0,21.081851067787028,-13.333333333333343,13.123452289664403,-8.299999999999997,0.0,0.0,0.0,0.0,1.0,182.2222222222222,3.0,9.333333333333353,0.0,0,0,0,0.2477602686032326,0,0.05835372837119158,0.20831484260479033,0.0023911569830397015,0.05705051279398444,0.05337118997098892,0.0,0.0028653515
9940.0,50.0,260.0,134.16666666666666,235.0,30.25,3.0,Rough to slightly rough,0.1,Clay filling of thickness 1-3mm,1,2.0,Slightly Weathered,70.0,330.0,135.83333333333331,190.0,30.15,3.0,Rough to slightly rough,0.1,Clay filling of thickness 1-3mm,1,2.0,Slightly Weathered,60.0,60.0,85.0,133.33333333333331,8.500000000000007,3.0,Rough to slightly rough,0,None,0,0,0,10.24695076595959,-20.0,14.832396974191326,-10.0,15.652475842498248,35.0,22.924059413636897,-29.75,0.0,0.0,0.2236067977499809,0.5,5.7008771254957,15.0,145.7737973711325,320.0,4.472135955000549,-10.0,22.963111722934013,-29.85,0.0,0.0,0.22360679774997982,0.5,11.93733638631331,-5.0,15.811388300841896,-20.0,21.081851067787042,-13.333333333333343,13.123452289664,-8.299999999999997,0.0,0.0,0.0,0.0,1.3333333333333333,186.1111111111111,3.0,3.888888888888914,0.06666666666666665,0,0,0,0.19924695820330374,0,0.13054352605304792,0.27887281735681424,0.006029972835980235,0.004361332595613293,0.0020291360756780536,0.0,0.00049601134
9943.0,75.0,185.0,105.0,270.0,0.5,2.5,Moderate,2.0,Silty clay,1,3.0,Moderately Weathered,65.0,270.0,95.0,180.0,0.3,2.5,Moderate,1.0,Silty clay,1,3.0,Moderately Weathered,70.0,340.0,80.0,120.0,0.2,2.5,Moderate,0,None,0,0,0,11.726039399558568,25.0,41.140004861448425,-75.0,31.3049516849969,35.0,32.49307618554992,-29.75,0.223606797749979,-0.5,0.651920240520266,1.0,5.7008771254957,-5.0,140.64138793399331,-60.0,8.944271909999673,-10.0,32.58017802283996,-29.849999999999998,0.2236067977499775,-0.5,0.6519202405202652,1.0,7.416198487095659,10.0,116.10340218959993,280.0,21.081851067787053,-13.333333333333314,13.123452289663602,-8.300000000000008,0.22360679774997655,-0.5,0.0,0.0,2.0,190.0,2.5,-1.11111111111108,0.2,0,0,0,0.17625714174519477,0,0.08496377792917593,0.17369582972055925,0.03284629133406042,0.0003368684215996227,0.01816795626141862,0.0,0.0044445293
9945.0,70.0,290.0,146.0,200.0,50.25,4.0,Rough Surfaces,1.05,None,0,2.25,Not Recorded,60.0,355.0,90.00714285714285,200.0,50.15,4.0,Rough Surfaces,0.55,None,0,2.25,Not Recorded,70.0,80.0,77.15,200.0,50.1,4.0,Rough Surfaces,0,None,0,0,0,12.041594578792294,-5.0,39.93745109543172,105.0,31.3049516849969,-70.0,27.550748628666156,49.75,0.5477225575051659,1.5,0.6224949798994379,-0.75,5.7008771254957,-5.0,141.49204924659193,85.0,8.944271909999673,20.0,27.629979189278114,49.85,0.5477225575051655,1.5,0.622494979899437,-0.75,8.366600265340756,0.0,117.89826122551597,-260.0,30.695638488588752,80.0,19.147140778692805,49.9,0.5477225575051652,1.5,0.0,0.0,1.5,200.0,4.0,1.7777777777778057,0.1,0,0,0,0.19704636360110425,0,0.12998335603247635,0.19607955529537377,0.0011756989717341098,0.0002368832828925803,0.006105359899808584,0.0,0.001951041
9947.0,60.0,270.0,187.0,60.0,100.0,3.0,rough to slightly rough,0.1,up to 2mm thick silty clay,1,1.5,Fresh to Slightly Weathered,60.0,340.0,85.01428571428572,60.0,100.0,3.0,rough to slightly rough,0.1,up to 2mm thick silty clay,1,1.5,Fresh to Slightly Weathered,50.0,60.0,74.3,200.0,100.0,3.0,rough to slightly rough,0,None,0,0,0,10.0,-10.0,40.620192023179804,-20.0,79.8122797569396,-140.0,36.824499317709005,49.75,0.5477225575051659,-1.0,0.6224949798994379,-0.75,5.7008771254957,0.0,143.9791651594077,-15.0,59.83310120660647,-140.0,36.900077913196114,49.85,0.5477225575051655,-1.0,0.622494979899437,-0.75,8.366600265340756,-20.0,121.16104984688768,-20.0,37.71236166328132,0.0,40.91902980275925,49.9,0.5477225575051652,-1.0,0.0,0.0,1.0,106.66666666666667,3.0,-15.999999999999968,0.0,0,0,0,0.2115776079986881,0,0.08869930265860057,0.20753215847310297,0.0031425686444756283,0.0019148561308071927,0.011922643675491422,0.0,0.0015538603
9950.0,60.0,260.0,228.0,200.0,300.0,1.0,Smooth,0.30000000000000004,None,0,1.5,Not Recorded,40.0,330.0,80.02142857142857,600.0,300.0,1.0,Smooth,0.30000000000000004,None,0,1.5,Not Recorded,55.0,70.0,71.45,330.0,250.0,4.0,Rough Surfaces,0,None,0,0,0,9.746794344808961,0.0,39.93745109543172,-10.0,79.8122797569396,140.0,119.54933605001727,200.0,1.0954451150103324,-2.0,0.6224949798994379,0.0,11.401754250991385,-20.0,32.4037034920393,-10.0,205.8640327983497,540.0,119.61277419239119,200.0,1.095445115010332,-2.0,0.622494979899437,0.0,8.944271909999156,5.0,122.14745187681976,10.0,83.199893162324,130.0,102.0524521998328,150.0,0.6708203932499361,1.0,0.0,0.0,1.0,376.6666666666667,2.0,38.88888888888893,0.0,0,0,0,0.17711425441680437,0,0.07505394550455137,0.19538117575795055,0.002018187142688705,0.0008494127200000074,0.015502601787680844,0.0,0.0014751084
9953.5,60.0,300.0,269.0,100.0,500.0,3.0,rough to slightly rough,0.5,Silty Clay,1,1.5,Fresh to Slightly Weathered,65.0,340.0,75.02857142857142,100.0,500.0,3.0,rough to slightly rough,0.5,Silty Clay,1,1.5,Fresh to Slightly Weathered,70.0,90.0,68.6,200.0,400.0,3.0,rough to slightly rough,0,None,0,0,0,7.0710678118654755,0.0,45.332107826572546,40.0,84.7348806572594,-100.0,207.20774599420741,200.0,1.0954451150103324,2.0,0.670820393249938,0.0,10.368220676663865,25.0,33.090784215548595,10.0,215.6849554326866,-500.0,207.27039827240165,200.0,1.095445115010332,2.0,0.6708203932499373,0.0,9.746794344808965,15.0,119.03780911962384,20.0,75.49834435270687,-130.0,163.48855617442848,150.0,0.6708203932499361,-1.0,0.0,0.0,1.0,133.33333333333334,3.0,-10.55555555555552,-0.06666666666666665,0,0,0,0.15915122348306807,0,0.17922725262983827,0.19179078012643,0.004038974138118956,0.17318717698306982,0.08686504912294211,0.42857142857142855,0.0017262774
9956.5,65.0,290.0,310.0,200.0,366.66666666666663,2.0,slightly rough,0.5,Silty Clay,1,1.5,Fresh to Slightly Weathered,50.0,350.0,70.03571428571428,60.0,366.66666666666663,2.0,slightly rough,0.5,Silty Clay,1,1.5,Fresh to Slightly Weathered,70.0,100.0,65.75,266.6666666666667,300.0,3.0,Rough to slightly rough,0,None,0,0,0,4.472135954999573,5.0,16.431676725154983,-10.0,67.2309452558864,100.0,187.16009561038615,-133.33333333333337,1.1401754250991383,-1.0,0.33541019662496985,0.0,10.000000000000005,-15.0,9.746794344808963,10.0,228.64820139244483,-40.0,187.18856817539788,-133.33333333333337,1.1401754250991376,-1.0,0.3354101966249691,0.0,9.746794344808965,0.0,15.811388300841896,10.0,58.32857123419128,66.66666666666669,144.01910289957834,-100.0,0.5477225575051652,0.0,0.0,0.0,1.0,175.55555555555557,2.3333333333333335,-2.8888888888888573,-0.2,0,0,0,0.31501678748893575,0,0.18170590993915992,0.3155988314081174,0.004532814969223646,0.867881576804602,0.1018685024334483,0.14285714285714285,0.0010001246
9960.5,60.0,300.0,185.025,150.0,233.33333333333331,3.0,rough to slightly rough,0.55,Silty Clay,1,1.5,Fresh to Slightly Weathered,60.0,340.0,65.04285714285714,80.0,233.33333333333331,3.0,rough to slightly rough,0.55,Silty Clay,1,1.5,Fresh to Slightly Weathered,60.0,70.0,62.9,333.33333333333337,200.0,3.0,rough to slightly rough,0,None,0,0,0,2.2360679774997623,-5.0,18.16590212458495,10.0,61.80614856144974,-50.0,149.07119849998602,-133.33333333333331,0.8944271909999163,1.0,0.0,0.0,10.000000000000005,10.0,7.0710678118654755,-10.0,235.37204591879643,20.0,149.0711984999861,-133.33333333333331,0.8944271909999156,1.0,0.0,0.0,8.944271909999156,-10.0,16.431676725154983,-30.0,65.84493568647066,66.66666666666669,111.8033988749867,-100.0,0.4472135954999568,0.0,0.0,0.0,1.0,187.7777777777778,3.0,-2.444444444444412,-0.1,0,0,0,0.3278774136280184,0,0.12271180314810612,0.3543665586445583,0.0037330076057122503,0.13639844914459764,0.048472856852839814,0.0,0.003797936
9967.0,60.7,330.05,60.05,100.0,100.0,3.0,Rough to Slightly Rough,0.1,Silty Clay,1,1.5,Fresh to Slightly Weathered,60.7,60.05,60.05,100.0,100.0,3.0,Rough to Slightly Rough,0.1,Silty Clay,1,1.5,Fresh to Slightly Weathered,60.7,60.05,60.05,400.0,100.0,3.0,Rough to Slightly Rough,0,None,0,0,0,2.178990591994349,0.7000000000000028,25.116737447367647,30.05000000000001,49.99999999999995,-50.0,149.07119849998602,-133.33333333333331,0.8944271909999163,0.0,0.0,0.0,10.091977011468076,0.7000000000000028,125.3969716540236,-279.95,230.9112383579457,20.0,149.0711984999861,-133.33333333333331,0.8944271909999156,0.0,0.0,0.0,6.636866730619201,0.7000000000000028,16.417993178217614,-9.950000000000003,75.73345070413373,66.66666666666663,111.8033988749867,-100.0,0.4472135954999568,0.0,0.0,0.0,1.0,200.0,3.0,18.666666666666693,0.0,0,0,0,0.3398796562039742,0,0.18643973150736984,0.3640443496701311,0.00841141001125599,0.013919768110643967,0.013213748794999989,0.0,0.0024717823
9973.0,60.0,260.0,340.0,100.0,100.0,3.0,rough to slightly rough,0.1,2mm thick silty clay,1,1.5,Fresh to Slightly Weathered,60.0,340.0,340.0,100.0,100.0,3.0,rough to slightly rough,0.1,2mm thick silty clay,1,1.5,Fresh to Slightly Weathered,60.0,60.0,60.0,400.0,100.0,3.0,Rough to Slightly Rough,0,None,0,0,0,2.178990591994349,-0.7000000000000028,25.116737447367647,-70.05000000000001,44.72135954999575,0.0,173.84539747207063,0.0,0.4472135954999578,0.0,0.0,0.0,5.5179706414586995,-0.7000000000000028,126.38967718923882,279.95,17.88854381999932,0.0,173.8453974720707,0.0,0.44721359549995743,0.0,0.0,0.0,5.3570514277912284,-0.7000000000000028,18.154902919046418,-0.04999999999999716,86.92269873603472,0.0,130.38404810405044,0.0,0.0,0.0,0.0,0.0,1.0,200.0,3.0,-35.3333333333333,0.0,0,0,0,0.36355005434739107,0,0.21674668027948238,0.37373495422646114,0.0023777825374452343,0.039505221231712066,0.00847751288477582,0.0,0.00074379676
9978.5,65.0,290.0,340.0,200.0,400.0,1.0,Smooth,1.0,Silty Clay,1,1.5,Fresh to Slightly Weathered,60.0,330.0,340.0,200.0,400.0,4.0,Rough,1.0,Clay,1,1.5,Fresh to Slightly Weathered,45.0,70.0,62.5,200.0,400.0,3.0,Rough to slightly rough,0,None,0,0,0,2.626404386228426,5.0,25.117732779850975,30.0,49.99999999999995,100.0,142.2048600513436,300.0,0.8944271909999163,-2.0,0.0,0.0,4.560482430620704,0.0,125.39697165402359,-10.0,54.03702434442549,100.0,142.20486005134367,300.0,0.7071067811865472,1.0,0.0,0.0,8.969280907631328,-15.0,16.42256070166891,10.0,86.92269873603472,-200.0,130.38404810405044,300.0,0.0,0.0,0.0,0.0,1.0,200.0,2.6666666666666665,13.333333333333366,0.0,0,0,0,0.33416124263939867,0,0.1438493309024614,0.3482873569089258,0.0025325198885099163,0.02999173989508072,0.011952353626278847,0.0,0.002748482
9982.0,60.0,260.0,340.0,200.0,300.0,3.0,rough to slightly rough,0.55,2mm thick silty clay,1,1.5,Fresh to Slightly Weathered,60.0,70.0,340.0,130.0,300.0,3.0,rough to slightly rough,0.55,2mm thick silty clay,1,1.5,Fresh to Slightly Weathered,60.0,70.0,65.0,150.0,300.0,3.0,Rough to Slightly Rough,0,None,0,0,0,2.178990591994349,-5.0,29.51356467795783,-30.0,49.99999999999995,0.0,129.95725793078617,-100.0,0.8944271909999161,2.0,0.0,0.0,0.31304951685017746,0.0,148.8818340161082,-260.0,47.116875957559316,-70.0,129.95725793078623,-100.0,0.44721359549995743,-1.0,0.0,0.0,6.793231925968655,15.0,5.463561109752516,0.0,115.71036638473143,-50.0,130.38404810405044,-100.0,0.0,0.0,0.0,0.0,1.0,160.0,3.0,-3.11111111111108,0.0,0,0,0,0.4114037305792459,0,0.3284487734970077,0.42189814581802876,0.1772952422679435,0.3352954084179438,0.07004953446479463,0.0,0.33474964
9984.5,60.0,260.0,320.0,200.0,200.0,4.0,rough,0.1,None,0,1.5,Fresh to Slightly Weathered,70.0,330.0,333.3333333333333,60.0,200.0,1.0,smooth,0.1,Clay fillings upto 3mm,1,1.5,Fresh to Slightly Weathered,65.0,100.0,67.5,100.0,200.0,3.0,Rough to slightly rough,0,None,0,0,0,2.178990591994349,0.0,30.842349132321292,0.0,54.772255750516564,0.0,130.38404810405294,-100.0,1.0954451150103321,1.0,0.0,0.0,4.404316064952666,10.0,147.05730345684975,260.0,52.153619241621485,-70.0,130.38404810405302,-100.0,1.095445115010332,-2.0,0.0,0.0,7.635312698246211,5.0,16.42256070166891,30.0,141.42135623730914,-50.0,130.38404810405044,-100.0,0.0,0.0,0.0,0.0,1.0,120.0,2.6666666666666665,-13.555555555555525,0.0,0,0,0,0.3765597605604454,0,0.23664954595803991,0.3868554874356829,0.004296384485980004,0.5616364934448527,0.08446214213225897,0.0,0.004425585
9987.5,60.0,290.0,300.0,100.0,100.0,3.0,rough to slightly rough,0.1,2mm thick silty clay,1,1.5,Fresh to Slightly Weathered,60.0,355.0,326.6666666666667,200.0,100.0,3.0,rough to slightly rough,0.1,2mm thick silty clay,1,1.5,Fresh to Slightly Weathered,50.0,60.0,70.0,100.0,100.0,3.0,rough to slightly rough,0,None,0,0,0,2.2360679774997623,0.0,16.431676725154965,30.0,54.772255750516564,-100.0,130.38404810405294,-100.0,1.0954451150103321,-1.0,0.0,0.0,4.472135954999595,-10.0,120.62338081814816,25.0,61.80614856145,140.0,130.38404810405302,-100.0,1.095445115010332,2.0,0.0,0.0,8.215838362577477,-15.0,16.431676725154986,-40.0,124.49899597988691,0.0,130.38404810405044,-100.0,0.0,0.0,0.0,0.0,1.0,133.33333333333334,3.0,-13.333333333333297,0.0,0,0,0,0.37237624983739587,0,0.15596932775385686,0.385016138411866,0.009173450644558481,0.4029728112454861,0.09285242715926469,0.0,0.016564226
9990.0,65.0,250.0,320.0,200.0,100.0,2.5,rough to smooth,0.1,Silty Clay,1,1.5,Fresh to Slightly Weathered,65.0,320.0,320.0,200.0,100.0,2.5,rough to smooth,0.1,Silty Clay,1,1.5,Fresh to Slightly Weathered,75.0,90.0,110.0,200.0,100.0,3.0,Rough to Slightly Rough,0,None,0,0,0,2.738612787525814,5.0,18.70828693386969,-40.0,44.72135954999572,100.0,130.38404810405294,0.0,1.0954451150103324,-0.5,0.0,0.0,4.472135954999595,5.0,118.65917579353058,-35.0,62.60990336999431,0.0,130.38404810405302,0.0,1.095445115010332,-0.5,0.0,0.0,11.937336386313316,25.0,16.431676725154986,30.0,49.999999999998984,100.0,130.38404810405044,0.0,0.0,0.0,0.0,0.0,1.0,200.0,2.6666666666666665,3.410605131648481e-14,0.0,0,0,0,0.33976650541489506,0,0.142750506081239,0.35387449388050707,0.0030004286109178648,0.6441326571613339,0.04163082966826284,0.0,0.0019248712
9998.5,60.5,350.0,323.3333333333333,1000.0,700.0,3.0,rough to slightly rough,1.0,2mm thick silty clay,1,1.5,Fresh to Slightly Weathered,20.5,170.0,323.3333333333333,600.0,500.0,3.0,Rough to Slightly Rough,1.0,Silty Clay,1,1.5,Fresh to Slightly Weathered,50.5,60.0,183.33333333333331,2000.0,300.0,4.0,Rough,0,None,0,0,0,2.1908902300206377,-4.5,40.86563348340509,100.0,371.4835124201342,800.0,248.99799195977468,600.0,0.5477225575051656,0.5,0.0,0.0,19.781304304822775,-44.5,123.61229712289952,-150.0,210.52315787105232,400.0,167.33200530681515,400.0,0.8660254037844384,0.5,0.0,0.0,10.490471867366114,-24.5,18.165902124584953,-30.0,833.966426182733,1800.0,99.99999999999655,200.0,0.4472135954999568,1.0,0.0,0.0,1.0,1200.0,3.3333333333333335,200.00000000000006,0.0,0,0,0,0.25439894769811355,0,0.15492994150535477,0.2165703492486805,0.004596697049743121,6.994670436635184e-07,0.032018648736481525,0.14285714285714285,0.0038020988
10001.0,70.0,320.0,326.6666666666667,200.0,400.0,2.5,rough to smooth,0.1,Silty Clay,1,1.5,Fresh to Slightly Weathered,70.0,320.0,326.6666666666667,200.0,275.0,2.5,rough to smooth,0.1,None,0,1.5,Fresh to Slightly Weathered,65.0,100.0,256.66666666666663,1300.0,200.0,4.0,Rough,0,None,0,0,0,4.3931765272977525,9.5,41.59326868617084,-30.0,371.4835124201342,-800.0,254.95097567963927,-300.0,0.6123724356957942,-0.5,0.0,0.0,20.875823337056676,49.5,73.51870510285117,150.0,203.7645700312005,-400.0,165.45392107774302,-225.0,0.8215838362577489,-0.5,0.0,0.0,10.714476188783095,14.5,20.4939015319192,40.0,867.7557259966654,-700.0,83.66600265340327,-100.0,0.5477225575051652,0.0,0.0,0.0,1.0,566.6666666666666,3.0,81.33333333333337,0.0,0,0,0,0.2540068515710164,0,0.21609114948032732,0.3195825173689293,0.0028292187583744952,5.783123222416786e-08,0.061778350036170514,0.2857142857142857,0.0054663573
10004.0,65.0,300.0,330.0,100.0,100.0,3.0,rough to slightly rough,0.1,Silty Clay,1,1.5,Fresh to Slightly Weathered,70.0,330.0,330.0,100.0,50.0,3.0,rough to slightly rough,0.1,Silty Clay,1,1.5,Fresh to Slightly Weathered,65.0,70.0,330.0,600.0,100.0,4.0,Rough,0,None,0,0,0,4.068169121361595,-5.0,37.01351104664349,-20.0,383.40579025361626,-100.0,268.3281572999748,-300.0,0.2738612787525832,0.5,0.0,0.0,20.875823337056676,0.0,73.51870510285117,10.0,194.9358868961793,-100.0,185.7417562100671,-225.0,0.2738612787525825,0.5,0.0,0.0,10.714476188783095,0.0,18.165902124584953,-30.0,801.8728078691781,-700.0,89.44271909998743,-100.0,0.5477225575051652,0.0,0.0,0.0,1.0,266.6666666666667,3.3333333333333335,29.333333333333382,0.0,0,0,0,0.25677693097568216,0,0.17638911690328898,0.27216589017405957,0.006501613430629633,6.824315376839822e-05,0.03554776564997788,0.42857142857142855,0.0048977747
10009.0,60.0,290.0,60.0,100.0,100.0,3.0,rough to slightly rough,0.1,silty clay,1,1.5,Fresh to Slightly Weathered,60.0,340.0,60.0,100.0,100.0,3.0,rough to slightly rough,0.1,silty clay,1,1.5,Fresh to Slightly Weathered,65.0,90.0,65.0,600.0,100.0,4.0,Rough,0,None,0,0,0,4.068169121361595,-5.0,37.01351104664349,-10.0,383.40579025361626,0.0,268.3281572999748,0.0,0.2738612787525832,0.0,0.0,0.0,20.875823337056676,-10.0,70.92249290598853,10.0,207.36441353327726,0.0,185.7417562100671,50.0,0.2738612787525825,0.0,0.0,0.0,8.749285685128816,0.0,16.431676725154986,20.0,712.7411872482184,0.0,89.44271909998743,0.0,0.4472135954999568,0.0,0.0,0.0,1.0,266.6666666666667,3.3333333333333335,26.666666666666714,0.0,0,0,0,0.26294967889287324,0,0.16298026914381475,0.2574913676328025,0.0033702487523236267,0.002113100033330388,0.03489801541343759,0.42857142857142855,0.001712493
10012.0,50.0,300.0,180.0,100.0,100.0,3.0,Rough to slightly rough,0.1,1mm thick silty clay,1,1.5,Fresh to Slightly Weathered,60.0,330.0,330.0,100.0,100.0,3.0,Rough to slightly rough,0.1,1mm thick silty clay,1,1.5,Fresh to Slightly Weathered,65.0,60.0,60.0,200.0,100.0,3.0,Rough to Slightly Rough,0,None,0,0,0,7.402702209328694,-10.0,23.874672772626635,10.0,393.70039370059055,0.0,268.3281572999748,0.0,0.22360679774997874,0.0,0.0,0.0,20.519502917955887,0.0,71.90271204899015,-10.0,216.79483388678807,0.0,185.7417562100671,0.0,0.2236067977499783,0.0,0.0,0.0,6.4845971347493885,0.0,18.165902124584953,-30.0,712.7411872482184,-400.0,89.44271909998743,0.0,0.4472135954999568,-1.0,0.0,0.0,1.0,133.33333333333334,3.0,-13.333333333333286,0.0,0,0,0,0.27442108471127025,0,0.20833458635439964,0.30483045684219545,0.002354507542281335,0.0007314985190238101,0.04321331098636427,0.5714285714285714,0.0013742677
10016.0,65.0,270.0,240.0,200.0,100.0,2.0,slightly rough,0.1,Silty Clay,1,1.5,Fresh to Slightly Weathered,70.0,320.0,298.75,200.0,100.0,2.0,slightly rough,0.1,None,0,1.0,Fresh,70.0,70.0,50.0,200.0,100.0,3.0,Rough to slightly rough,0,None,0,0,0,7.582875444051547,15.0,18.16590212458494,-30.0,54.772255750516614,100.0,134.16407864998732,0.0,0.4472135954999582,-1.0,0.0,0.0,5.477225575051672,10.0,8.366600265340429,-10.0,54.77225575051699,100.0,86.60254037844378,0.0,0.44721359549995765,-1.0,0.22360679774997988,-0.5,2.23606797749979,5.0,16.431676725154986,10.0,449.4441010848845,0.0,44.72135954998687,0.0,0.5477225575051652,0.0,0.0,0.0,0.8333333333333334,200.0,2.3333333333333335,-199.99999999999997,-0.033333333333333326,0,0,0,0.38938778101747523,0,0.18717162486181707,0.39537193310667185,0.26219409401914623,0.9427169809820451,0.22765110435817118,0.42857142857142855,0.001406272
10018.0,50.0,280.0,300.0,100.0,100.0,3.0,Rough to Slightly Rough,0.1,Silty Clay,1,1.5,Fresh to Slightly Weathered,60.0,340.0,267.5,100.0,100.0,3.0,Rough to Slightly Rough,0.1,Silty Clay,1,1.5,Fresh to Slightly Weathered,70.0,0.0,40.0,200.0,100.0,4.0,Rough,0,None,0,0,0,7.582875444051543,-15.0,13.03840481040528,10.0,44.721359549995796,-100.0,0.0,0.0,0.447213595499958,1.0,0.0,0.0,5.477225575051672,-10.0,8.366600265340429,20.0,44.72135954999629,-100.0,22.360679774997266,0.0,0.44721359549995765,1.0,0.22360679774997988,0.5,2.7386127875258306,0.0,34.20526275297414,-70.0,219.08902300206617,0.0,0.0,0.0,0.5477225575051652,1.0,0.0,0.0,1.0,133.33333333333334,3.3333333333333335,-86.6666666666666,0.0,0,0,0,0.2642376176897802,0,0.08044221851294392,0.2868146322041729,0.02713626490546437,0.08847664796448497,0.05741054256743281,0.14285714285714285,0.00096032134
10021.0,70.0,260.0,279.1666666666667,200.0,100.0,2.5,rough to smooth,0.1,silty clay fillings upto 3mm,1,1.5,Fresh to Slightly Weathered,65.0,340.0,236.25,200.0,100.0,2.5,rough to smooth,0.1,Silty Clay,1,1.5,Fresh to Slightly Weathered,45.0,60.0,30.0,400.0,100.0,3.0,Rough to slightly rough,0,None,0,0,0,8.944271909999154,20.0,15.811388300841882,-20.0,54.772255750516614,100.0,0.0,0.0,0.4472135954999582,-0.5,0.0,0.0,4.472135954999592,5.0,8.944271909998854,0.0,54.77225575051699,100.0,0.0,0.0,0.44721359549995765,-0.5,0.22360679774997988,0.0,10.36822067666386,-25.0,33.61547262794322,60.0,178.88543819998284,200.0,0.0,0.0,0.5477225575051652,-1.0,0.0,0.0,1.0,266.6666666666667,2.6666666666666665,5.1159076974727215e-14,0.0,0,0,0,0.2833825115296332,0,0.023321265950093567,0.2382201199425582,0.0015862642084555909,0.336534727051359,0.14920481049852086,0.0,0.00044264967
10024.0,65.0,330.0,258.3333333333333,200.0,100.0,3.0,Rough to Slightly Rough,0.1,None,0,1.5,Fresh to Slightly Weathered,65.0,70.0,205.0,100.0,100.0,3.0,Rough to Slightly Rough,0.1,None,0,1.5,Fresh to Slightly Weathered,60.0,75.0,20.0,100.0,100.0,3.0,Rough to Slightly Rough,0,None,0,0,0,9.354143466934849,-5.0,27.74887385102321,70.0,54.772255750516614,0.0,0.0,0.0,0.4472135954999582,0.5,0.0,0.0,4.183300132670391,0.0,117.68602295939817,-270.0,54.77225575051699,-100.0,0.0,0.0,0.44721359549995765,0.5,0.22360679774997988,0.0,10.36822067666386,15.0,30.331501776206203,15.0,109.54451150103269,-300.0,0.0,0.0,0.4472135954999568,0.0,0.0,0.0,1.0,133.33333333333334,3.0,-26.666666666666618,0.0,0,0,0,0.2557912631068665,0,0.046495035138471544,0.2675670815831761,0.0051606340639247066,0.08642017010077807,0.009600246273393582,0.0,0.0012336798
10027.0,75.0,250.0,237.5,200.0,100.0,2.5,Rough to smooth,0.1,Silty clay up to 2mm,1,1.5,Fresh to Slightly Weathered,70.0,340.0,173.75,133.33333333333334,100.0,2.5,Rough to smooth,0.1,Silty clay up to 2mm,1,1.5,Fresh to Slightly Weathered,45.0,70.0,10.0,133.33333333333334,100.0,3.0,Rough to slightly rough,0,None,0,0,0,9.354143466934852,10.0,31.144823004794866,-80.0,44.721359549995796,0.0,0.0,0.0,0.4183300132670383,-0.5,0.0,0.0,4.183300132670391,5.0,118.82760622010356,270.0,50.55250296034407,33.33333333333334,0.0,0.0,0.4183300132670375,-0.5,0.22360679774997988,0.0,12.549900398011133,-15.0,31.22498999199199,-5.0,116.4283279771527,33.33333333333334,0.0,0.0,0.4472135954999568,0.0,0.0,0.0,1.0,155.55555555555557,2.6666666666666665,4.444444444444497,0.0,0,0,0,0.2500115419934822,0,0.05735550280541794,0.2337741603424352,0.003425122733323439,0.24589384209646967,0.07179919513047231,0.14285714285714285,0.0037252111
10030.0,60.0,280.0,216.66666666666669,200.0,100.0,3.0,rough to slightly rough,0.1,None,0,1.25,Not Recorded,70.0,340.0,142.5,166.66666666666669,100.0,3.0,rough to slightly rough,0.1,None,0,1.5,Not Recorded,70.0,80.0,0.0,166.66666666666669,100.0,3.0,Not Recorded,0,None,0,0,0,9.617692030835672,-15.0,30.822070014844876,30.0,44.721359549995796,0.0,0.0,0.0,0.2738612787525832,0.5,0.11180339887499201,-0.25,4.183300132670391,0.0,120.74767078498861,0.0,43.46134936801813,33.33333333333334,0.0,0.0,0.27386127875258265,0.5,0.0,0.0,12.549900398011133,25.0,32.71085446759225,10.0,117.85113019775741,33.33333333333334,0.0,0.0,0.4472135954999568,0.0,0.0,0.0,0.9166666666666666,177.7777777777778,3.0,-4.444444444444389,0.016666666666666653,0,0,0,0.26635886618927573,0,0.010668765163673028,0.23094214536022217,0.0018197696214335096,0.1885858442730812,0.027774922504719014,0.0,0.0001867514
10033.5,55.0,250.0,195.83333333333334,200.0,100.0,2.5,rough to smooth,0.1,clay,1,1.0,Fresh,60.0,320.0,111.25,200.0,100.0,2.5,rough to smooth,0.1,clay,1,1.5,Fresh to Slightly Weathered,70.0,0.0,90.0,200.0,100.0,3.0,Rough to slightly rough,0,None,0,0,0,7.905694150420946,-5.0,33.61547262794321,-30.0,0.0,0.0,0.0,0.0,0.2738612787525835,-0.5,0.22360679774997982,-0.25,4.183300132670391,-10.0,118.82760622010356,-20.0,43.461349368018105,33.333333333333314,0.0,0.0,0.27386127875258265,-0.5,0.0,0.0,12.549900398011133,0.0,32.71085446759225,-80.0,117.85113019775741,33.333333333333314,0.0,0.0,0.0,0.0,0.0,0.0,0.8333333333333334,200.0,2.6666666666666665,13.333333333333382,-0.033333333333333326,0,0,0,0.26715371439178387,0,0.038494553178611925,0.21312225444798624,0.03177995525831957,0.036626287469964415,0.01737614947528476,0.0,0.0012810426
10036.0,70.0,250.0,175.0,60.0,100.0,3.0,Rough to slightly rough,0.1,Silty Clay,1,1.0,Fresh,60.0,320.0,80.0,200.0,100.0,3.0,Rough to slightly rough,0.1,Silty Clay,1,1.0,Fresh,70.0,260.0,180.0,200.0,100.0,3.0,Rough to slightly rough,0,None,0,0,0,7.905694150420946,15.0,34.92849839314596,0.0,62.609903369994115,-140.0,0.0,0.0,0.2738612787525832,0.5,0.2500000000000004,0.0,5.0000000000000115,0.0,116.70475568716124,0.0,43.461349368018105,0.0,0.0,0.0,0.27386127875258265,0.5,0.22360679774997988,-0.5,10.954451150103322,0.0,96.79876032264049,260.0,43.46134936801629,0.0,0.0,0.0,0.0,0.0,0.0,0.0,0.6666666666666666,153.33333333333334,3.0,-22.666666666666618,-0.06666666666666668,0,0,0,0.20772928422653775,0,0.0679401133696505,0.239318350542491,0.002963834492734923,0.08711595327225624,0.05515744440783598,0.0,0.001981634
10038.0,67.5,260.0,222.5,130.0,80.0,2.75,Not Recorded,0.1,None,0,1.0,Not Recorded,67.5,330.0,210.0,200.0,80.0,2.75,Not Recorded,0.1,None,0,1.1666666666666667,Not Recorded,65.0,160.0,120.0,200.0,80.0,2.75,Not Recorded,0,None,0,0,0,7.984359711335654,-2.5,13.03840481040528,10.0,62.609903369994115,70.0,8.944271909997266,-20.0,0.25000000000000033,-0.25,0.22360679774997902,0.0,5.1234753829798105,7.5,9.999999999999726,10.0,29.814239699997806,0.0,8.944271909997696,-20.0,0.2499999999999995,-0.25,0.23570226039551667,0.16666666666666674,10.8397416943394,-5.0,99.39818911831343,-100.0,29.81423969999521,0.0,8.944271909952729,-20.0,0.1118033988749852,-0.25,0.0,0.0,0.7222222222222223,176.66666666666666,2.75,8.666666666666714,-0.05555555555555554,0,0,0,0.24611545227255432,0,0.04029617920266722,0.2898091001737301,0.003684415930588974,0.07359855373884859,0.08354522356434481,0.2857142857142857,0.0016728409
10041.0,65.0,270.0,270.0,200.0,60.0,2.5,smooth to slightly rough,0.1,silty clay fillings upto 2mm in thickness,1,1.0,Not Recorded,75.0,340.0,340.0,200.0,60.0,2.5,smooth to slightly rough,0.1,silty clay fillings upto 2mm in thickness,1,1.3333333333333333,Not Recorded,60.0,60.0,60.0,200.0,60.0,2.5,smooth to slightly rough,0,None,0,0,0,6.020797289396145,-2.5,13.03840481040528,10.0,62.609903369994115,70.0,17.888543819997306,-20.0,0.25000000000000033,-0.25,0.11180339887498875,0.0,6.519202405202657,7.5,9.999999999999726,10.0,14.907119849999761,0.0,17.88854381999751,-20.0,0.2499999999999995,-0.25,0.21730674684008916,0.16666666666666652,4.47213595499958,-5.0,100.59821071967433,-100.0,14.90711984999464,0.0,17.8885438199748,-20.0,0.22360679774997685,-0.25,0.0,0.0,0.7777777777777777,200.0,2.5,8.888888888888937,-0.04444444444444447,0,0,0,0.2526883068508897,0,0.03797160278519063,0.25263759036924366,0.0027403203071631934,0.00690498322250344,0.012072384343983217,0.0,0.0030623556
10043.5,65.0,280.0,300.0,200.0,80.0,4.0,Rough,0.1,Silty Clay,1,1.0,Fresh,70.0,330.0,170.0,150.0,80.0,3.0,Rough to Slightly Rough,0.1,Silty Clay,1,1.5,Fresh to Slightly Weathered,60.0,50.0,30.0,200.0,80.0,3.0,Rough to Slightly Rough,0,None,0,0,0,5.700877125495688,0.0,13.03840481040528,10.0,62.609903369994115,0.0,16.733200530680396,20.0,0.6224949798994365,1.5,0.0,0.0,6.519202405202657,-5.0,8.366600265340429,-10.0,22.36067977499869,-50.0,16.733200530680605,20.0,0.2499999999999995,0.5,0.2173067468400892,0.16666666666666674,5.0,0.0,103.82677881933928,-10.0,0.0,0.0,16.733200530656205,20.0,0.22360679774997685,0.5,0.0,0.0,0.8333333333333334,183.33333333333334,3.3333333333333335,1.1111111111111598,-0.016666666666666653,0,0,0,0.22291158975677688,0,0.029839536575752775,0.28629181704528844,0.002192369993864608,0.008913548723545111,0.010312662970417427,0.0,0.0003504007
10046.0,70.0,280.0,330.0,200.0,100.0,3.0,rough to slightly rough,0.1,None,0,1.0,Fresh,60.0,330.0,0.0,100.0,100.0,3.0,Rough to Slightly Rough,0.1,None,0,1.5,Fresh to Slightly Weathered,70.0,90.0,0.0,200.0,100.0,3.0,Rough to Slightly Rough,0,None,0,0,0,2.4999999999999942,5.0,13.03840481040528,0.0,62.609903369994115,0.0,16.733200530680396,20.0,0.5700877125495687,-1.0,0.0,0.0,6.519202405202657,-10.0,7.071067811865089,0.0,44.72135954999622,-50.0,16.733200530680605,20.0,0.2236067977499784,0.0,0.2173067468400892,0.0,5.0,10.0,87.34987120768983,40.0,0.0,0.0,16.733200530656205,20.0,0.22360679774997685,0.0,0.0,0.0,0.8333333333333334,166.66666666666666,3.0,-6.666666666666617,0.0,0,0,0,0.2753678910225252,0,0.02929737721080502,0.31543813377267677,0.0017040107093042195,0.01205362530291947,0.013102744194945351,0.0,0.00030621857
10048.5,65.0,260.0,255.0,200.0,300.0,4.0,rough,0.1,None,0,1.5,Fresh to Slightly Weathered,70.0,320.0,135.0,200.0,400.0,4.0,rough,0.1,None,0,1.5,Fresh to Slightly Weathered,75.0,110.0,135.0,200.0,500.0,4.0,rough,0,None,0,0,0,2.236067977499783,-5.0,9.999999999999977,-20.0,31.304951684997057,0.0,99.39818911831328,200.0,0.707106781186547,1.0,0.22360679774997885,0.5,5.477225575051672,10.0,7.071067811865089,-10.0,44.72135954999622,100.0,143.80542409798036,300.0,0.5700877125495688,1.0,0.14907119849998743,0.0,6.519202405202649,5.0,43.93176527297759,20.0,0.0,0.0,188.36135484753572,400.0,0.5700877125495682,1.0,0.0,0.0,1.0,200.0,4.0,9.333333333333382,0.06666666666666668,0,0,0,0.35733973222607573,0,0.09273144511396968,0.3111264759987303,0.002882237883229101,0.016638282308803973,0.026663438847227085,0.0,0.0058914623
10051.0,60.0,260.0,180.0,200.0,100.0,3.0,rough to slightly rough,0.1,1mm thick silty clay,1,1.5,Fresh to Slightly Weathered,70.0,340.0,270.0,100.0,100.0,3.0,rough to slightly rough,0.1,1mm thick silty clay,1,1.5,Fresh to Slightly Weathered,70.0,60.0,270.0,200.0,100.0,3.0,rough to slightly rough,0,None,0,0,0,3.5355339059327338,-5.0,9.999999999999977,0.0,0.0,0.0,97.57048734120362,-200.0,0.6708203932499364,-1.0,0.27386127875258326,0.0,5.477225575051672,0.0,8.366600265340429,20.0,50.00000000000041,-100.0,141.84498581197712,-300.0,0.547722557505166,-1.0,0.07453559924999602,0.0,6.708203932499369,-5.0,25.099800796022265,-50.0,0.0,0.0,186.3330351816319,-400.0,0.5477225575051653,-1.0,0.0,0.0,1.0,166.66666666666666,3.0,-1.999999999999949,0.05555555555555554,0,0,0,0.40290032274700727,0,0.13465871598689158,0.3592700430017714,0.004919565776398967,0.015595649360890534,0.018155431984865848,0.14285714285714285,0.0056925183
10054.5,75.0,300.0,202.85714285714286,200.0,100.0,2.0,slightly rough,0.1,Silty Clay,1,1.5,Fresh to Slightly Weathered,65.0,330.0,280.0,200.0,100.0,2.0,slightly rough,0.1,None,0,1.5,Fresh to Slightly Weathered,70.0,80.0,135.0,200.0,50.0,4.0,Rough,0,None,0,0,0,5.700877125495688,15.0,16.733200530681497,40.0,0.0,0.0,92.08691546577059,0.0,0.8366600265340752,-1.0,0.2738612787525836,0.0,4.472135954999592,-5.0,7.071067811865089,-10.0,50.00000000000041,100.0,136.67479650615908,0.0,0.7071067811865475,-1.0,0.0,0.0,5.477225575051661,0.0,23.874672772626646,20.0,0.0,0.0,187.8297101099804,-50.0,0.5477225575051653,1.0,0.0,0.0,1.0,200.0,2.6666666666666665,5.1159076974727215e-14,0.04444444444444447,0,0,0,0.404475156180078,0,0.2212465482729183,0.3753121162755658,0.004547958414103226,0.3287887870687428,0.11314795988422258,0.14285714285714285,0.0047777044
10056.5,60.0,300.0,225.71428571428572,200.0,100.0,3.0,rough to slightly rough,0.1,Silty Clay,1,1.5,Fresh to Slightly Weathered,65.0,340.0,290.0,200.0,100.0,3.0,rough to slightly rough,0.1,None,0,1.5,Fresh to Slightly Weathered,70.0,230.0,0.0,200.0,58.333333333333336,3.0,rough to slightly rough,0,None,0,0,0,6.5192024052026465,-15.0,19.99999999999999,0.0,0.0,0.0,89.44271909999146,0.0,0.7071067811865474,1.0,0.22360679774998,0.0,4.183300132670391,0.0,8.366600265340429,10.0,54.772255750516976,0.0,134.16407864998737,0.0,0.7071067811865475,1.0,0.0,0.0,2.23606797749979,0.0,67.30527468185537,150.0,0.0,0.0,190.54016782703542,8.333333333333336,0.5477225575051653,-1.0,0.0,0.0,1.0,200.0,3.0,3.3333333333333828,0.033333333333333326,0,0,0,0.3262242615905019,0,0.1988364327014917,0.3288507903663557,0.0071763416265343315,0.11193695044497433,0.011532345712029348,0.0,0.016256431
10060.0,60.0,300.0,248.57142857142856,200.0,100.0,3.0,Not Recorded,2.0,clayey materials,1,2.0,JS0,65.0,340.0,300.0,200.0,100.0,3.0,Not Recorded,1.0,clayey materials,1,2.0,JS1,70.0,230.0,0.0,200.0,66.66666666666667,3.5,Not Recorded,0,None,0,0,0,6.5192024052026465,0.0,21.908902300206634,0.0,0.0,0.0,89.44271909999146,0.0,0.7071067811865474,0.0,0.22360679774998085,0.5,2.7386127875258515,0.0,8.944271909998854,0.0,44.72135954999621,0.0,134.16407864998737,0.0,0.7071067811865475,0.0,0.22360679774997996,0.5,2.23606797749979,0.0,82.28000972289685,0.0,0.0,0.0,193.79255804997985,8.333333333333336,0.4999999999999991,0.5,0.0,0.0,1.3333333333333333,200.0,3.1666666666666665,6.666666666666719,0.09999999999999998,0,0,0,0.31295312806985576,0,0.21149383473676456,0.37204843377480146,0.013083007673016093,0.027999304616823154,0.0018891164489046157,0.0,0.011479792
10063.0,60.0,300.0,271.42857142857144,200.0,100.0,3.0,rough to slightly rough,0.1,None,0,1.0,Fresh,65.0,340.0,310.0,200.0,100.0,3.0,rough to slightly rough,0.1,1mm thick silty clay,1,1.5,Fresh to Slightly Weathered,70.0,230.0,0.0,200.0,75.0,4.0,Rough,0,None,0,0,0,6.708203932499367,0.0,17.888543819998304,0.0,0.0,0.0,0.0,0.0,0.4472135954999581,0.0,0.35355339059327473,-1.0,2.236067977499815,0.0,4.472135954998969,0.0,44.72135954999621,0.0,0.0,0.0,0.4472135954999578,0.0,0.22360679774997996,-0.5,0.0,0.0,87.92041856133307,0.0,0.0,0.0,19.184774055346356,8.333333333333329,0.4999999999999991,0.5,0.0,0.0,0.8333333333333334,200.0,3.3333333333333335,5.1159076974727215e-14,-0.033333333333333326,0,0,0,0.2528946093191015,0,0.041633143634958965,0.2409556798863526,0.0013576132818831916,0.017879217999503923,0.03522214002412265,0.42857142857142855,0.00040958993
10093.0,65.0,330.0,294.2857142857143,200.0,100.0,3.0,rough to slightly rough,0.1,2mm thick silty clay,1,1.1666666666666667,Not Recorded,60.0,80.0,320.0,200.0,100.0,3.0,rough to slightly rough,0.1,2mm thick silty clay,1,1.5,Not Recorded,68.33333333333333,176.66666666666666,0.0,233.33333333333334,83.33333333333334,3.3333333333333335,Not Recorded,0,None,0,0,0,6.5192024052026465,5.0,13.416407864998721,30.0,0.0,0.0,0.0,0.0,0.4472135954999581,0.0,0.3836954811073786,0.16666666666666674,2.236067977499815,-5.0,115.23888232710344,-260.0,0.0,0.0,0.0,0.0,0.4472135954999578,0.0,0.22360679774997996,0.0,0.7453559924999337,-1.6666666666666714,65.33673460534196,-53.33333333333334,14.907119849994674,33.33333333333334,13.176156917335248,8.333333333333343,0.43461349368017554,-0.6666666666666665,0.0,0.0,0.888888888888889,211.11111111111111,3.111111111111111,8.888888888888943,-0.02222222222222221,0,0,0,0.25274406849774694,0,0.023966105044482537,0.21990644471611745,0.002230258999165107,0.024791359970508572,0.04350931769735074,0.0,0.0003053469
10097.0,62.5,295.0,317.1428571428571,200.0,100.0,2.5,Not Recorded,0.1,None,0,1.3333333333333333,Not Recorded,60.0,75.0,330.0,200.0,100.0,2.5,Not Recorded,0.1,None,0,1.5,Not Recorded,66.66666666666667,123.33333333333333,0.0,266.6666666666667,91.66666666666667,2.666666666666667,Not Recorded,0,None,0,0,0,2.236067977499783,-2.5,14.142135623730935,-35.0,0.0,0.0,0.0,0.0,0.2236067977499789,-0.5,0.38369548110737856,0.16666666666666652,2.7386127875258515,0.0,143.78803844548403,-5.0,0.0,0.0,0.0,0.0,0.22360679774997883,-0.5,0.22360679774997996,0.0,1.4907119849998653,-1.6666666666666572,47.702783519995506,-53.33333333333333,29.814239699995245,33.33333333333334,13.176156917335692,8.333333333333329,0.5055250296034358,-0.6666666666666665,0.0,0.0,0.9444444444444443,222.22222222222226,2.555555555555556,4.444444444444502,-0.011111111111111138,0,0,0,0.2610284841037894,0,0.057795937795800056,0.2713743085101682,0.0036382533616878205,0.011776803333963397,0.009268259988574412,0.0,0.0038370083
10099.0,60.0,260.0,340.0,200.0,100.0,2.0,slightly rough,0.1,Silty Clay,1,1.5,Fresh to Slightly Weathered,60.0,70.0,340.0,200.0,100.0,2.0,slightly rough,0.1,Silty Clay,1,1.5,Fresh to Slightly Weathered,65.0,70.0,0.0,300.0,100.0,2.0,slightly rough,0,None,0,0,0,2.236067977499783,-2.5,24.899799195977455,-35.0,0.0,0.0,0.0,0.0,0.44721359549995826,-0.5,0.38369548110737856,0.16666666666666674,2.7386127875258515,0.0,145.18953130305226,-5.0,0.0,0.0,0.0,0.0,0.44721359549995787,-0.5,0.22360679774997996,0.0,2.173067468400894,-1.6666666666666714,69.53815898882824,-53.33333333333333,43.46134936801632,33.333333333333314,13.176156917336133,8.333333333333329,0.7781745019952497,-0.666666666666667,0.0,0.0,1.0,233.33333333333334,2.0,6.666666666666719,0.0,0,0,0,0.2562617748964685,0,0.06464973360606661,0.2411649970774117,0.0015691885678799835,0.005942532507416049,0.008180180944713003,0.0,0.00090300065
10102.0,65.0,70.0,270.0,100.0,100.0,2.0,Slightly rough,0.1,Silty Clay,1,1.5,Fresh to Slightly Weathered,55.0,70.0,340.0,100.0,100.0,2.0,Slightly rough,0.1,Silty Clay,1,1.5,Fresh to Slightly Weathered,70.0,75.0,50.0,100.0,100.0,2.0,Slightly rough,0,None,0,0,0,2.4999999999999942,5.0,104.18733128360664,-190.0,44.721359549995796,-100.0,0.0,0.0,0.5000000000000007,0.0,0.21730674684008894,0.0,3.5355339059327537,-5.0,119.14277149705723,0.0,44.72135954999621,-100.0,0.0,0.0,0.49999999999999994,0.0,0.0,0.0,2.173067468400894,5.0,68.41458583924597,5.0,76.73909622147482,-200.0,10.8653373419659,0.0,0.8692269873603532,0.0,0.0,0.0,1.0,100.0,2.0,-19.99999999999995,-0.06666666666666665,0,0,0,0.32115371470326,0,0.12190869726820282,0.3176940527892115,0.0034077896923049513,0.3159960141462997,0.2169909592464669,0.2857142857142857,0.0064149536
10104.5,60.0,295.0,355.0,100.0,100.0,2.0,Slightly rough,0.1,Silty Clay,1,1.5,Fresh to Slightly Weathered,50.0,355.0,70.0,200.0,100.0,2.0,Slightly rough,0.1,Silty Clay,1,1.5,Fresh to Slightly Weathered,50.0,80.0,70.0,100.0,100.0,2.0,Slightly rough,0,None,0,0,0,2.4999999999999942,-5.0,103.62190888031353,225.0,54.772255750516614,0.0,0.0,0.0,0.4472135954999591,0.0,0.14907119849998748,0.0,4.472135954999592,-5.0,125.84712948653217,285.0,44.72135954999621,100.0,0.0,0.0,0.44721359549995787,0.0,0.0,0.0,8.045012257431457,-20.0,45.33823502911814,5.0,94.28090415820571,0.0,7.453559924943621,0.0,0.5962847939999445,0.0,0.0,0.0,1.0,133.33333333333334,2.0,-13.33333333333328,0.033333333333333326,0,0,0,0.26915344248571876,0,0.06539569858774638,0.2895705925119958,0.0026409380378433194,0.3242082292598986,0.0697876094269624,0.0,0.0017971952
10108.0,60.0,330.0,330.0,200.0,100.0,2.5,rough to smooth,0.1,2mm thick silty clay,1,1.5,Fresh to Slightly Weathered,70.0,100.0,330.0,200.0,100.0,2.5,rough to smooth,0.1,2mm thick silty clay,1,1.5,Fresh to Slightly Weathered,70.0,100.0,63.333333333333336,300.0,100.0,2.5,rough to smooth,0,None,0,0,0,2.236067977499783,0.0,103.62190888031353,35.0,54.772255750516614,100.0,0.0,0.0,0.2738612787525853,0.5,0.07453559924999688,0.0,7.416198487095671,20.0,124.16722594952338,-255.0,44.72135954999621,0.0,0.0,0.0,0.27386127875258287,0.5,0.0,0.0,8.299933065325833,20.0,21.99747460252855,20.0,104.34983894998963,200.0,3.7267799623889215,0.0,0.32489314482696696,0.5,0.0,0.0,1.0,233.33333333333334,2.5,4.444444444444497,0.02222222222222221,0,0,0,0.2583178879538151,0,0.053146762937207714,0.24405966068448223,0.002604242805440479,0.14122319002053568,0.02113445637515093,0.0,0.0024285286
10110.5,60.0,290.0,335.0,200.0,60.0,2.5,Not Recorded,0.1,None,0,1.25,Not Recorded,45.0,70.0,165.0,60.0,200.0,2.5,Not Recorded,0.1,None,0,1.25,Not Recorded,65.0,0.0,56.666666666666664,250.0,350.0,2.25,Not Recorded,0,None,0,0,0,2.236067977499783,0.0,103.10189135025604,-40.0,54.772255750516614,0.0,17.888543819997338,-40.0,0.2738612787525853,0.0,0.11180339887499194,-0.25,9.617692030835679,-25.0,124.7798060585125,-30.0,67.23094525588674,-140.0,44.72135954999559,100.0,0.27386127875258287,0.0,0.1118033988749915,-0.25,8.215838362577504,-5.0,38.078865529319536,-100.0,102.46950765959541,-50.0,111.80339887498612,250.0,0.2236067977499814,-0.25,0.0,0.0,0.8333333333333334,170.0,2.4166666666666665,-10.4444444444444,-0.02222222222222219,0,0,0,0.2664687078676411,0,0.08593500844426653,0.2836606035656982,0.0014122353161829034,0.010402525265234061,0.009260408667236635,0.0,0.0009805644
10138.5,65.0,280.0,340.0,100.0,200.0,2.5,rough to smooth,0.1,silt and silty clay fillings up to 2mm,1,1.0,Fresh,60.0,340.0,0.0,200.0,600.0,2.5,rough to smooth,0.1,silt and silty clay fillings up to 2mm,1,1.0,Fresh,75.0,0.0,50.0,200.0,600.0,2.0,Slightly rough,0,None,0,0,0,2.7386127875258253,5.0,104.01922899156675,-10.0,54.772255750516614,-100.0,52.15361924162091,140.0,0.273861278752585,0.0,0.2236067977499798,-0.25,9.617692030835679,15.0,147.12239802287073,270.0,67.23094525588674,140.0,216.79483388678804,400.0,0.27386127875258287,0.0,0.22360679774998,-0.25,9.617692030835679,10.0,47.486840282335066,0.0,89.44271909999091,-50.0,223.6067977499776,250.0,0.2236067977499814,-0.25,0.0,0.0,0.6666666666666666,166.66666666666666,2.3333333333333335,-13.333333333333286,-0.06666666666666668,0,0,0,0.3107116679571122,0,0.16880466434874336,0.3255159035586678,0.010652970407021047,0.10446451363349404,0.05148522208481359,0.14285714285714285,0.007721832
10176.0,70.0,270.0,110.0,100.0,100.0,3.0,rough to slightly rough,0.1,clay filling of thickness 1-3mm,1,1.5,Fresh to Slightly Weathered,75.0,345.0,110.0,100.0,500.0,3.0,rough to slightly rough,0.1,clay filling of thickness 1-3mm,1,1.5,Fresh to Slightly Weathered,70.0,70.0,110.0,100.0,300.0,3.0,rough to slightly rough,0,None,0,0,0,4.472135954999576,5.0,22.80350850198276,-10.0,54.772255750516614,0.0,52.15361924162091,-100.0,0.35355339059327473,0.5,0.2236067977499798,0.5,12.747548783981966,15.0,143.81411613607335,5.0,67.23094525588674,-100.0,234.52078799117155,-100.0,0.3535533905932736,0.5,0.22360679774998,0.5,9.617692030835679,-5.0,46.9041575982343,70.0,89.44271909999091,-100.0,207.36441353327587,-300.0,0.41833001326703867,1.0,0.0,0.0,1.0,100.0,3.0,5.1159076974727215e-14,0.0,0,0,0,0.24314089692469978,0,0.20907892586155394,0.2698368861015796,0.00614749590339988,0.040667585033817844,0.015176047823511984,0.0,0.021902066
10185.0,70.0,270.0,100.0,200.0,100.0,2.0,slightly rough,0.1,Silty Clay,1,1.5,Fresh to Slightly Weathered,65.0,340.0,100.0,200.0,100.0,2.0,slightly rough,0.1,Silty Clay,1,1.5,Fresh to Slightly Weathered,65.0,100.0,97.5,200.0,100.0,3.0,Rough to Slightly Rough,0,None,0,0,0,4.999999999999997,0.0,24.899799195977465,0.0,54.772255750516614,100.0,52.15361924162091,0.0,0.35355339059327473,-1.0,0.2236067977499798,0.0,11.510864433221343,-10.0,140.99645385611652,-5.0,67.23094525588674,100.0,234.52078799117155,-400.0,0.3535533905932736,-1.0,0.22360679774998,0.0,4.183300132670381,-5.0,50.79370039680118,30.0,74.16198487095583,100.0,207.36441353327587,-200.0,0.4472135954999584,0.0,0.0,0.0,1.0,200.0,2.3333333333333335,13.333333333333382,0.0,0,0,0,0.2866524042612069,0,0.13994297230881836,0.28089006743534584,0.002974204875033749,0.002317868086947784,0.003995140092006862,0.0,0.01043065
10232.0,65.0,260.0,166.66666666666669,200.0,100.0,2.5,Not Recorded,0.1,None,0,1.5,Not Recorded,65.0,340.0,116.66666666666667,200.0,100.0,2.5,Not Recorded,0.1,None,0,1.5,Not Recorded,55.0,105.0,85.0,130.0,100.0,3.0,Not Recorded,0,None,0,0,0,4.183300132670374,-5.0,11.40175425099138,-10.0,54.772255750516614,0.0,52.15361924162091,0.0,0.35355339059327473,0.5,0.2236067977499798,0.0,10.954451150103328,0.0,121.32600710482478,0.0,67.23094525588674,0.0,234.52078799117155,0.0,0.3535533905932736,0.5,0.22360679774998,0.0,7.416198487095672,-10.0,51.96152422706632,5.0,60.249481325567274,-70.0,207.36441353327587,0.0,0.48733971724044844,0.0,0.0,0.0,1.0,176.66666666666666,2.6666666666666665,-11.333333333333286,0.0,0,0,0,0.29735523987963397,0,0.13455056815637226,0.2789356663459106,0.0031601380298354118,0.0209976020592273,0.013272137255117732,0.0,0.0017042842
10234.0,60.0,250.0,233.33333333333334,200.0,100.0,3.0,Rough to Slightly Rough,0.1,Silty Clay,1,1.5,Fresh to Slightly Weathered,65.0,340.0,133.33333333333334,200.0,100.0,3.0,Rough to Slightly Rough,0.1,Silty Clay,1,1.5,Fresh to Slightly Weathered,45.0,110.0,72.5,60.0,100.0,3.0,Rough to Slightly Rough,0,None,0,0,0,4.183300132670374,-5.0,11.40175425099138,-10.0,54.772255750516614,0.0,44.72135954999549,0.0,0.4183300132670384,0.5,0.22360679774998,0.0,5.477225575051672,0.0,2.2360679774981627,0.0,44.7213595499962,0.0,248.9979919597747,0.0,0.41833001326703767,0.5,0.22360679774998,0.0,12.041594578792306,-10.0,45.77116996538323,5.0,61.806148561448786,-70.0,219.089023002065,0.0,0.4472135954999579,0.0,0.0,0.0,1.0,153.33333333333334,3.0,-3.33333333333328,0.033333333333333326,0,0,0,0.36292992778534705,0,0.17933584175035291,0.4004423180541027,0.004821295924912197,0.5661522487997172,0.14763215598285967,0.14285714285714285,0.005190838
10237.0,45.0,230.0,300.0,10.0,0.5,2.5,Moderate,2.0,Silty Clay,1,3.0,Moderately Weathered,60.0,330.0,150.0,15.0,0.8,2.5,Moderate,3.0,Silty Clay,1,3.0,Moderately Weathered,45.0,70.0,60.0,20.0,1.0,2.5,Moderate,0,None,0,0,0,10.368220676663858,-15.0,16.73320053068151,-20.0,85.55699854482975,-190.0,44.49775275224538,-99.5,0.4183300132670384,-0.5,0.6708203932499378,1.5,5.477225575051672,-5.0,5.477225575050997,-10.0,83.63611660042594,-185.0,194.77198977265698,-99.2,0.4183300132670376,-0.5,0.6708203932499373,1.5,11.4017542509914,0.0,19.493588689617926,-40.0,68.70225614926977,-40.0,109.27122219504643,-99.0,0.22360679774997858,-0.5,0.0,0.0,2.0,15.0,2.5,-30.33333333333328,0.2666666666666667,0,0,0,0.24817868822626815,0,0.24657529732640407,0.2872193373599849,0.017334079843994946,0.9112191425286903,0.03643508945711044,0.0,0.048328955
10239.5,45.0,230.0,256.6666666666667,60.0,100.0,4.0,Rough - smooth,0.1,Silty clay,1,1.5,Fresh to Slightly Weathered,60.0,330.0,103.33333333333334,200.0,100.0,2.5,Rough-slightly rough,0.1,Silty clay,1,1.5,Fresh to Slightly Weathered,45.0,70.0,60.0,60.0,100.0,4.0,Rough,0,None,0,0,0,11.510864433221338,0.0,17.88854381999832,0.0,92.0869154657707,50.0,44.49775275224538,99.5,0.7582875444051552,1.5,0.6708203932499378,-1.5,2.7386127875258515,0.0,5.477225575050997,0.0,82.73451516749246,185.0,44.363588673595466,99.2,0.3535533905932736,0.0,0.6708203932499373,-1.5,8.944271909999193,0.0,19.493588689617926,0.0,71.27411872482097,40.0,44.2741459544863,99.0,0.5477225575051657,1.5,0.0,0.0,1.0,106.66666666666667,3.5,1.3333333333333854,0.0,0,0,0,0.2957934899950263,0,0.34246175994689004,0.33436771203614135,0.035630524527297217,0.9527099960373517,0.09307058477461892,0.0,0.1403456
10241.0,25.0,200.0,213.33333333333331,60.0,100.0,3.0,Rough to Slightly rough,0.1,Silt & clay,1,1.5,Fresh to Slightly weathered,75.0,270.0,56.66666666666667,130.0,100.0,3.0,Rough to Slightly rough,0.1,Silt & clay,1,1.0,Fresh,70.0,330.0,60.0,60.0,100.0,4.0,Rough,0,None,0,0,0,15.652475842498527,-20.0,23.021728866442675,-30.0,88.20430828479978,0.0,44.49775275224538,0.0,0.6123724356957944,-1.0,0.6708203932499378,0.0,6.123724356957955,15.0,29.49576240750513,-60.0,80.80841540334794,-70.0,44.363588673595466,0.0,0.2738612787525828,0.5,0.7582875444051553,-0.5,10.954451150103349,25.0,109.52168735004041,260.0,39.74921382870198,0.0,44.2741459544863,0.0,0.6708203932499363,0.0,0.0,0.0,0.8333333333333334,83.33333333333333,3.3333333333333335,-23.333333333333282,-0.033333333333333305,0,0,0,0.22170534896825111,0,0.24426416308175172,0.23796943821109592,0.09746519147360563,0.05632264963534931,0.06874958031728974,0.2857142857142857,0.10120251
10243.0,45.0,220.0,170.0,60.0,100.0,1.5,Slightly rough - slickensided,0.1,Silty clay,1,1.5,Fresh to Slightly Weathered,70.0,0.0,10.0,60.0,100.0,2.5,Rough-slightly rough,0.1,Silty clay,1,1.5,Fresh to Slightly Weathered,45.0,60.0,60.0,60.0,100.0,2.5,Rough-slightly rough,0,None,0,0,0,12.44989959798873,20.0,18.16590212458495,20.0,71.55417527999327,0.0,44.49775275224538,0.0,0.9082951062292476,-1.5,0.6708203932499378,0.0,6.519202405202657,-5.0,144.67204291085403,-270.0,82.94576541331115,-70.0,44.363588673595466,0.0,0.2738612787525828,-0.5,0.7582875444051553,0.5,11.180339887498977,-25.0,114.54256850621083,-270.0,17.88854381999473,0.0,44.2741459544863,0.0,0.7582875444051546,-1.5,0.0,0.0,1.0,60.0,2.1666666666666665,-23.33333333333328,2.2204460492503132e-17,0,0,0,0.17197727288416428,0,0.2045104953936921,0.19662361262088196,0.015881382233948593,0.03270563034018203,0.07322623614987256,0.14285714285714285,0.021993674
10345.5,30.0,180.0,150.0,95.0,100.0,2.0,Slightly rough,0.1,Silty clay,1,1.5,Fresh to Slightly weathered,70.0,290.0,21.0,195.0,100.0,3.0,Slightly rough to rough,0.1,Silty clay,1,1.5,Fresh to Slightly weathered,80.0,340.0,62.0,195.0,100.0,4.0,Rough,0,None,0,0,0,9.746794344808963,-15.0,21.6794833886788,-40.0,30.331501776206203,35.0,44.49775275224538,0.0,0.9617692030835675,0.5,0.6708203932499378,0.0,6.708203932499377,0.0,138.85243966167823,290.0,81.7771361689809,135.0,44.363588673595466,0.0,0.2738612787525828,0.5,0.7582875444051553,0.0,16.807736313971624,35.0,147.07141122597554,280.0,67.11929677819839,135.0,44.2741459544863,0.0,0.8215838362577486,1.5,0.0,0.0,1.0,161.66666666666666,3.0,1.666666666666714,2.2204460492503132e-17,0,0,0,0.17911868309859663,0,0.09927443047837674,0.1741027201067201,0.0030951469839763756,0.0008970064591061128,0.022381673604711525,0.14285714285714285,0.002962192
10348.5,20.0,190.0,130.0,130.0,100.0,3.0,Slightly rough to rough,0.1,Silty clay,1,1.5,Fresh to Slightly weathered,70.0,300.0,32.0,330.0,100.0,3.0,Slightly rough to rough,0.1,Silty clay,1,1.5,Fresh to Slightly weathered,60.0,340.0,64.0,330.0,100.0,3.0,Slightly rough to rough,0,None,0,0,0,11.510864433221338,-10.0,20.73644135332772,10.0,31.304951684997057,35.0,0.0,0.0,0.9746794344808966,1.0,0.0,0.0,5.477225575051672,0.0,134.79614237803688,10.0,99.9749968742187,135.0,0.0,0.0,0.2738612787525828,0.0,0.2236067977499797,0.0,15.411035007422452,-20.0,148.8959368149447,0.0,120.74767078498814,135.0,0.0,0.0,0.7071067811865467,-1.0,0.0,0.0,1.0,263.3333333333333,3.0,49.666666666666714,-0.19999999999999998,0,0,0,0.18401143086052366,0,0.05810566826878208,0.19101628028894949,0.0007150054226413516,0.0004856411018589046,0.01090136215774219,0.0,0.0012075733
10352.0,30.0,180.0,110.0,165.0,100.0,1.5,Slightly rough to smooth,0.1,Silty clay,1,1.5,Fresh to Slightly weathered,70.0,290.0,43.0,465.0,100.0,3.0,Slightly rough to rough,0.1,Silty clay,1,1.5,Fresh to Slightly weathered,80.0,340.0,66.0,465.0,100.0,3.0,Slightly rough to rough,0,None,0,0,0,9.354143466934852,10.0,16.73320053068151,-10.0,45.63441683641854,35.0,0.0,0.0,0.7582875444051558,-1.5,0.0,0.0,2.236067977499815,0.0,129.03487900563937,-10.0,162.14962226289651,135.0,0.0,0.0,0.22360679774997871,0.0,0.2236067977499797,0.0,14.83239697419133,20.0,124.1772926102031,0.0,176.01846494047118,135.0,0.0,0.0,0.6708203932499363,0.0,0.0,0.0,1.0,365.0,2.5,51.66666666666672,2.2204460492503132e-17,0,0,0,0.21047437664281274,0,0.05406036323981733,0.188932633175279,0.003890155511309469,0.0010926615673080473,0.015903345236553228,0.0,0.001320284
10355.5,35.0,200.0,90.0,200.0,100.0,3.0,Slightly rough to rough,0.1,Silty clay,1,1.5,Fresh to Slightly weathered,65.0,295.0,54.0,600.0,100.0,3.0,Slightly rough to rough,0.1,Silty clay,1,1.5,Fresh to Slightly weathered,75.0,350.0,68.0,600.0,100.0,3.0,Slightly rough to rough,0,None,0,0,0,9.082951062292473,5.0,16.73320053068151,20.0,55.339859052946636,35.0,0.0,0.0,0.7582875444051558,1.5,0.0,0.0,2.236067977499815,-5.0,131.43439428094914,5.0,213.45374206136563,135.0,0.0,0.0,0.22360679774997871,0.0,0.0,0.0,15.247950681976908,-5.0,126.41202474448386,10.0,213.45374206136538,135.0,0.0,0.0,0.5477225575051656,0.0,0.0,0.0,1.0,466.6666666666667,3.0,76.66666666666671,0.03333333333333335,0,0,0,0.21986370706542013,0,0.020653122912250844,0.205217280702042,0.0015389745495018453,0.0003809533475571452,0.02191621011932736,0.0,0.0002392777
10359.0,20.0,170.0,70.0,25.0,1.5,2.5,Moderate,2.0,Silty clay,1,3.0,Moderately Weathered,60.0,330.0,65.0,25.0,1.5,2.5,Moderate,2.0,Silty clay,1,3.0,Moderately Weathered,55.0,40.0,70.0,25.0,1.5,2.5,Moderate,0,None,0,0,0,6.708203932499367,-15.0,11.40175425099138,-30.0,67.3238442158497,-175.0,44.05053915674542,-98.5,0.6519202405202654,-0.5,0.6708203932499378,1.5,4.472135954999592,-5.0,16.733200530681295,35.0,224.7943504628175,-575.0,44.050539156745494,-98.5,0.22360679774997871,-0.5,0.6708203932499371,1.5,11.726039399558575,-20.0,135.35139452550905,-310.0,224.79435046281722,-575.0,44.05053915673628,-98.5,0.5477225575051656,-0.5,0.0,0.0,2.0,25.0,2.5,-6.999999999999943,0.2,0,0,0,0.21711464287234566,0,0.22000624011352982,0.24102109957396764,0.008876279857919795,0.000437047736169622,0.04464678392005299,0.14285714285714285,0.007169109
10414.0,25.0,175.0,146.66666666666669,600.0,300.0,3.0,Rough to Slightly rough,0.1,Silt & clay,1,1.5,Fresh to Slightly weathered,75.0,300.0,153.33333333333331,600.0,500.0,3.0,Rough to Slightly rough,0.1,Silt & clay,1,1.0,Fresh,60.0,350.0,70.0,200.0,500.0,4.0,Rough,0,None,0,0,0,6.5192024052026465,5.0,12.041594578792296,5.0,220.15335564101676,575.0,109.1350081321295,298.5,0.6519202405202651,0.5,0.6708203932499378,-1.5,5.7008771254957,15.0,15.652475842498296,-30.0,239.61949002533163,575.0,194.62900606024786,498.5,0.22360679774997871,0.5,0.7582875444051552,-2.0,10.839741694339407,5.0,136.49175799292792,310.0,224.0926147823705,175.0,194.62900606024596,498.5,0.5477225575051656,1.5,0.0,0.0,0.8333333333333334,466.6666666666667,3.3333333333333335,61.00000000000006,-0.033333333333333305,0,0,0,0.17970580703369837,0,0.2933030075055911,0.24440119791559003,0.014869555554641636,0.4271743601084763,0.07646116223398006,0.14285714285714285,0.034131333
10418.0,25.0,175.0,223.33333333333334,307.5,150.25,3.0,Rough to Slightly rough,0.1,Silt & clay,1,1.5,Fresh to Slightly weathered,60.0,260.0,241.66666666666666,310.0,250.15,3.0,Rough to Slightly rough,0.1,Silt & clay,1,1.0,Fresh,60.0,330.0,175.0,105.0,250.1,4.0,Rough,0,None,0,0,0,5.700877125495688,0.0,11.726039399558575,0.0,215.4675149529506,-292.5,109.11198375980511,-149.75,0.6519202405202651,0.0,0.6708203932499378,0.0,6.519202405202657,-15.0,24.999999999999854,-40.0,241.32447037132394,-290.0,194.58271249008737,-249.85,0.22360679774997871,0.0,0.8215838362577494,0.0,10.839741694339407,0.0,135.53597308463904,-20.0,244.26931858094642,-95.0,194.57887089815097,-249.9,0.6708203932499363,0.0,0.0,0.0,0.8333333333333334,240.83333333333334,3.3333333333333335,-4.499999999999943,-0.033333333333333305,0,0,0,0.2122778097130557,0,0.14566413053182853,0.2127827383824985,0.000733944349594211,0.0043412427645422155,0.042787516831168035,0.14285714285714285,0.00040780302
10429.5,30.0,185.0,300.0,15.0,0.5,3.0,Rough to Slightly rough,0.1,Silt & clay,1,1.5,Fresh to Slightly weathered,70.0,290.0,330.0,20.0,0.3,3.0,Rough to Slightly rough,0.1,Silt & clay,1,1.0,Fresh,60.0,340.0,280.0,10.0,0.2,3.0,Rough to Slightly rough,0,None,0,0,0,5.700877125495688,5.0,11.937336386313323,10.0,240.8604367678511,-292.5,124.07815077603296,-149.75,0.22360679774997863,0.0,0.6708203932499378,0.0,6.519202405202657,10.0,24.999999999999854,30.0,288.7559523196016,-290.0,210.6024703083988,-249.85,0.22360679774997871,0.0,0.8660254037844388,0.0,7.582875444051569,0.0,135.53597308463904,10.0,242.3994636957761,-95.0,210.61793133539052,-249.9,0.6708203932499363,-1.0,0.0,0.0,0.8333333333333334,15.0,3.0,-69.99999999999996,-0.033333333333333305,0,0,0,0.21920197356614698,0,0.2529152246641282,0.2495599102847794,0.02421226984772989,0.025827348707712656,0.10118265226652888,0.5714285714285714,0.028864004
10432.5,25.0,170.0,355.0,60.0,300.0,3.0,Rough to Slightly Rough,0.1,Silt & clay,1,1.5,Fresh to Slightly Weathered,65.0,275.0,100.0,200.0,100.0,3.0,Rough to Slightly Rough,0.1,Nil,1,1.0,Fresh,60.0,350.0,10.0,100.0,100.0,3.0,Rough to Slightly Rough,0,None,0,0,0,3.5355339059327338,-5.0,6.123724356957945,-15.0,252.9797422719851,45.0,149.5004598655134,299.5,0.22360679774997863,0.0,0.6708203932499378,0.0,6.519202405202657,-5.0,26.551836094703372,-15.0,239.95832971580717,180.0,210.6024703083988,99.7,0.22360679774997871,0.0,0.8944271909999161,0.0,2.2360679774998755,0.0,135.53597308463904,10.0,75.87819186037484,90.0,210.61793133539052,99.8,0.6708203932499363,0.0,0.0,0.0,0.8333333333333334,120.0,3.0,-69.33333333333329,-0.033333333333333305,0,0,0,0.20010077814505078,0,0.1890923053639934,0.2682518409664818,0.0015957211943783405,0.5026741856862197,0.0721319042231033,0.0,0.0022042214
10436.0,20.0,180.0,313.75,60.0,300.0,2.0,Slightly Rough,0.1,Silt & clay,1,1.5,Fresh to Slightly Weathered,70.0,275.0,142.5,200.0,100.0,2.0,Slightly Rough,0.1,Nil,1,1.5,Fresh to Slightly Weathered,65.0,350.0,10.0,200.0,100.0,2.0,Slightly Rough,0,None,0,0,0,3.5355339059327338,-5.0,5.70087712549569,10.0,247.29536995261356,0.0,133.9404718522374,0.0,0.4472135954999579,-1.0,0.0,0.0,5.7008771254957,5.0,15.411035007422205,0.0,213.7288001182808,0.0,194.87436465579563,0.0,0.44721359549995776,-1.0,0.22360679774997955,0.5,2.236067977499861,5.0,8.94427190999916,0.0,79.81227975693878,100.0,194.89486396516276,0.0,0.8366600265340751,-1.0,0.0,0.0,1.0,153.33333333333334,2.0,25.66666666666672,-0.19999999999999998,0,0,0,0.39546317352346655,0,0.31179337435037313,0.3834775174596681,0.8576632831710133,0.9965892616504358,0.31452030914603263,0.42857142857142855,0.02221222
10439.5,30.0,170.0,272.5,600.0,300.0,3.0,Slightly rough to rough,0.1,Silt & clay,1,1.5,Fresh to Slightly weathered,80.0,290.0,185.0,600.0,100.0,4.0,Rough,0.1,Silt & clay,1,1.0,Fresh,65.0,330.0,10.0,200.0,100.0,3.0,Slightly rough to rough,0,None,0,0,0,4.183300132670374,10.0,6.519202405202649,-10.0,247.29536995261356,540.0,133.9404718522374,0.0,0.4472135954999579,1.0,0.0,0.0,7.416198487095671,10.0,12.549900398010843,15.0,213.7288001182808,400.0,89.40927244978556,0.0,0.7071067811865475,2.0,0.22360679774997955,-0.5,2.738612787525883,0.0,10.0,-20.0,79.81227975693878,0.0,89.42040035696097,0.0,0.7071067811865472,1.0,0.0,0.0,0.8333333333333334,466.6666666666667,3.3333333333333335,5.684341886080802e-14,0.0,0,0,0,0.3900244337566917,0,0.2866257125192356,0.42010822999183206,0.0017495650646717107,0.6935001892139018,0.12113922541126906,0.2857142857142857,0.003510716
10442.0,20.0,170.0,231.25,200.0,300.0,3.0,Slightly rough to rough,0.1,Silt & clay,1,1.0,Fresh,70.0,290.0,227.5,200.0,300.0,3.0,Slightly rough to rough,0.1,Silt & clay,1,1.0,Fresh,60.0,340.0,10.0,200.0,300.0,4.0,Rough,0,None,0,0,0,4.999999999999997,-10.0,7.0710678118654755,0.0,241.13274352522097,-400.0,133.94047185223744,0.0,0.4472135954999579,0.0,0.22360679774998005,-0.5,5.477225575051672,-10.0,8.215838362577049,0.0,213.7288001182808,-400.0,109.46240450492574,200.0,0.7071067811865475,-1.0,0.22360679774997955,0.0,2.738612787525883,-5.0,8.366600265340756,10.0,85.55699854482894,0.0,109.48976207846648,200.0,0.7071067811865472,1.0,0.0,0.0,0.6666666666666666,200.0,3.3333333333333335,-8.166666666666611,-0.03333333333333335,0,0,0,0.4348703179103786,0,0.2696020382140695,0.42021143408480915,0.004202192405320779,0.8516060823452442,0.10338382090096672,0.2857142857142857,0.0016479887
10445.0,25.0,175.0,190.0,200.0,300.0,2.0,Slightly Rough,0.1,Silt & clay,1,1.0,Fresh,75.0,260.0,270.0,200.0,50.0,3.0,Slightly rough to rough,0.1,Nil,1,1.0,Fresh,65.0,320.0,10.0,200.0,100.0,3.0,Slightly rough to rough,0,None,0,0,0,4.183300132670374,5.0,4.47213595499958,5.0,221.54006409676782,0.0,0.0,0.0,0.5477225575051664,-1.0,0.27386127875258365,0.0,5.7008771254957,5.0,12.549900398010843,-30.0,178.8854381999832,0.0,97.4679434480896,-250.0,0.7071067811865475,0.0,0.22360679774997955,0.0,2.7386127875258772,5.0,13.038404810405298,-20.0,44.721359549994304,0.0,89.44271909998726,-200.0,0.7071067811865472,-1.0,0.0,0.0,0.6666666666666666,200.0,2.6666666666666665,37.00000000000006,-0.03333333333333335,0,0,0,0.38901810035237167,0,0.22204066910698278,0.39946283693209067,0.021865801166606743,0.7401026151237279,0.18012957807930022,0.14285714285714285,0.044823136
10448.0,25.0,190.0,190.0,200.0,300.0,3.0,Slightly rough to rough,0.1,Silt & clay,1,1.0,Fresh,75.0,280.0,270.0,200.0,50.0,3.0,Slightly rough to rough,0.1,Silt & clay,1,1.0,Fresh,50.0,330.0,10.0,200.0,100.0,4.0,Rough,0,None,0,0,0,4.183300132670374,0.0,8.366600265340756,15.0,203.76457003120046,0.0,0.0,0.0,0.5477225575051664,1.0,0.2738612787525833,0.0,4.183300132670391,0.0,12.44989959798844,20.0,178.8854381999832,0.0,103.68220676663854,0.0,0.7071067811865475,0.0,0.22360679774997955,0.0,6.519202405202673,-15.0,11.40175425099138,10.0,0.0,0.0,89.44271909998726,0.0,0.8366600265340751,1.0,0.0,0.0,0.6666666666666666,200.0,3.3333333333333335,16.000000000000057,-0.03333333333333335,0,0,0,0.36921034991551643,0,0.18835933562010435,0.38344506045581095,0.0038577254290652284,0.9393816949899694,0.34643076992002075,0.14285714285714285,0.0058488096
10451.0,25.0,170.0,190.0,200.0,300.0,3.0,Slightly rough to rough,0.1,Silt & clay,1,1.5,Fresh to Slightly weathered,75.0,270.0,270.0,200.0,50.0,3.0,Slightly rough to rough,0.1,Silt & clay,1,1.0,Fresh,70.0,350.0,10.0,200.0,100.0,4.0,Rough,0,None,0,0,0,3.5355339059327338,0.0,8.660254037844387,-20.0,178.88543819998318,0.0,0.0,0.0,0.447213595499958,0.0,0.2738612787525833,0.5,3.5355339059327537,0.0,13.038404810405018,-10.0,178.8854381999832,0.0,108.39741694339392,0.0,0.44721359549995776,0.0,0.0,0.0,7.582875444051568,20.0,11.40175425099138,20.0,0.0,0.0,89.44271909998726,0.0,0.5477225575051649,0.0,0.0,0.0,0.8333333333333334,200.0,3.3333333333333335,9.333333333333389,-0.033333333333333326,0,0,0,0.3857100075892532,0,0.22385192568553747,0.44405989390466555,0.009240724409141745,0.9665652412288523,0.5,0.14285714285714285,0.0023558158
